event_id,event_date,event_title,location_description,ner_state,landslide_category,landslide_trigger,landslide_size,landslide_setting,fatality_count,injury_count,longitude,latitude,rainfall_24h_mm,rainfall_3d_mm,rainfall_7d_mm,temperature_c,soil_water_layer_1,soil_water_layer_2,surface_pressure_hpa,elevation_m,slope_degree,aspect_degree,landcover_code,landcover_class,landslide_occurred
NEG_78,2007-05-23 00:00:00,Control Sample,Pseudo-negative nearby control,Sikkim,none,none,none,control,0,0,88.85328435508637,27.69829959036087,55.75091391801834,142.55602657794952,286.74658108502626,3.5717102050781477,0.4256375730037689,0.4265531003475189,600.82171875,5020.7099609375,8.547396326094585,67.0426152479501,60,Bare / sparse vegetation,0
NEG_126,2007-07-16 00:00:00,Control Sample,Pseudo-negative nearby control,Sikkim,none,none,none,control,0,0,88.39830217853456,27.54851262872462,231.65270686149597,691.7200684547424,3885.167360305786,14.635736083984398,0.4262777864933014,0.42690786719322205,730.358515625,2492.0947265625,22.467306812600402,25.72973186168707,10,Tree cover,0
NEG_130,2007-07-19 00:00:00,Control Sample,Pseudo-negative nearby control,Assam,none,none,none,control,0,0,92.21700094454242,25.94271512303178,534.4164371490479,1550.197720527649,2428.5432547330856,24.247796630859398,0.4622751772403717,0.49166932702064514,918.417109375,621.2021484375,0.2435003747870644,217.08362676456082,40,Cropland,0
NEG_141,2007-07-26 00:00:00,Control Sample,Pseudo-negative nearby control,Meghalaya,none,none,none,control,0,0,91.60525799766008,25.05464538041512,992.4672842025757,2861.5082502365112,5934.972256422043,24.029595947265648,0.45973333716392517,0.4693107604980469,996.674140625,8.765419960021973,0.30100909199445514,238.37965265050042,40,Cropland,0
NEG_142,2007-07-27 00:00:00,Control Sample,Pseudo-negative nearby control,Meghalaya,none,none,none,control,0,0,89.79418304990843,25.47061099282702,591.7942523956299,1761.9621753692627,3271.8091309070587,25.290277099609398,0.359546035528183,0.36400094628334045,996.7234375,22.325931549072266,0.011365556438435795,228.93248833225925,40,Cropland,0
NEG_211,2007-08-26 00:00:00,Control Sample,Pseudo-negative nearby control,Manipur,none,none,none,control,0,0,93.51976866015484,25.326263637712135,1178.9240837097168,1820.894718170166,2300.0292778015137,20.127160644531273,0.48115476965904236,0.48413148522377014,885.857265625,1389.0894775390625,9.234886378735888,333.0137086203571,10,Tree cover,0
NEG_213,2007-08-26 00:00:00,Control Sample,Pseudo-negative nearby control,Assam,none,none,none,control,0,0,92.71740139496968,25.619044191951257,431.46729469299316,829.5279145240784,1391.5609046816826,23.456506347656273,0.4739958345890045,0.49634870886802673,941.223125,563.367431640625,2.6721772116652156,113.83436493477416,10,Tree cover,0
NEG_212,2007-08-26 00:00:00,Control Sample,Pseudo-negative nearby control,Meghalaya,none,none,none,control,0,0,91.54711137557125,25.23765029775144,467.97260642051697,992.7054941654205,1408.2930460572243,24.722863769531273,0.47267088294029236,0.4861551821231842,980.137734375,837.9844970703125,7.385433456489788,240.92489663860331,10,Tree cover,0
NEG_215,2007-08-28 00:00:00,Control Sample,Pseudo-negative nearby control,Nagaland,none,none,none,control,0,0,93.44473323801243,25.72595517720885,31.126689165830612,2448.6287347972393,3082.041200250387,26.811669921875023,0.45975494384765625,0.4552803039550781,975.265390625,265.76324462890625,0.30622229917044036,158.8032754867221,10,Tree cover,0
NEG_220,2007-08-31 00:00:00,Control Sample,Pseudo-negative nearby control,Manipur,none,none,none,control,0,0,93.5599953324325,25.313193903696877,192.23371148109436,738.5664284229279,2892.9323703050613,23.083428955078148,0.4379628598690033,0.4490254819393158,906.233515625,851.0667724609375,13.376640943547795,156.45246865036302,30,Grassland,0
NEG_247,2007-09-08 00:00:00,Control Sample,Pseudo-negative nearby control,Manipur,none,none,none,control,0,0,94.14890629729086,24.77154189350776,227.99965739250183,1214.2990827560425,2797.3612379282713,21.104058837890648,0.49099287390708923,0.4948698580265045,897.53625,1106.174560546875,9.96744767948866,295.7747239090286,10,Tree cover,0
NEG_251,2007-09-09 00:00:00,Control Sample,Pseudo-negative nearby control,Sikkim,none,none,none,control,0,0,88.72501223363172,26.981112877024852,336.24374866485596,2385.5045437812805,4426.754221320152,20.680596923828148,0.3887106478214264,0.38327470421791077,877.280859375,542.6712036132812,4.159560135729892,289.2445822054984,10,Tree cover,0
NEG_252,2007-09-09 00:00:00,Control Sample,Pseudo-negative nearby control,Nagaland,none,none,none,control,0,0,93.73343148754161,25.38552139105027,164.69348967075348,987.9566878080368,2130.6449994444847,21.359887695312523,0.42789968848228455,0.42854881286621094,897.764609375,404.33001708984375,6.521746988625742,35.23988470596555,10,Tree cover,0
NEG_255,2007-09-10 00:00:00,Control Sample,Pseudo-negative nearby control,Manipur,none,none,none,control,0,0,93.8597273144825,24.25262331636839,51.24495550990105,128.18771786987782,1213.716195896268,22.122308349609398,0.46657562255859375,0.4558168947696686,902.9590625,772.6087646484375,8.253208564407675,83.31148992620592,30,Grassland,0
NEG_256,2007-09-10 00:00:00,Control Sample,Pseudo-negative nearby control,Sikkim,none,none,none,control,0,0,89.06123693232236,27.521005070314157,180.64573407173157,676.4747500419617,2836.3382816314697,7.762048339843773,0.42466163635253906,0.4255898892879486,622.5507421875,4500.07763671875,9.5520594940289,309.3757259605491,30,Grassland,0
NEG_259,2007-09-11 00:00:00,Control Sample,Pseudo-negative nearby control,Meghalaya,none,none,none,control,0,0,90.98907371630357,25.295883901142297,93.02127361297607,573.7680941820145,2904.3691605329514,24.435174560546898,0.484405517578125,0.48922666907310486,960.07375,489.88787841796875,5.22601848371686,90.19610888253249,10,Tree cover,0
NEG_258,2007-09-11 00:00:00,Control Sample,Pseudo-negative nearby control,Manipur,none,none,none,control,0,0,93.77893665290767,24.334563870463583,101.50539875030518,195.86247205734253,1132.721647620201,22.408624267578148,0.4701773226261139,0.48803457617759705,907.15625,1033.331787109375,11.819083495000463,103.74851657785007,10,Tree cover,0
NEG_264,2007-09-13 00:00:00,Control Sample,Pseudo-negative nearby control,Assam,none,none,none,control,0,0,91.66198021056643,25.80289269208521,277.261883020401,629.6920329332352,5027.148976922035,23.616937255859398,0.47238287329673767,0.49301910400390625,923.915,652.38134765625,5.15699007654934,344.92783479584915,10,Tree cover,0
NEG_269,2007-09-18 00:00:00,Control Sample,Pseudo-negative nearby control,Sikkim,none,none,none,control,0,0,88.22553161820805,27.550070413896965,104.4839695096016,251.13586336374283,706.9209069013596,1.0530944824218977,0.41547712683677673,0.4134521484375,557.7417578125,5180.00244140625,21.137957642701018,72.66329755818015,60,Bare / sparse vegetation,0
NEG_285,2007-09-29 00:00:00,Control Sample,Pseudo-negative nearby control,Mizoram,none,none,none,control,0,0,92.28223487463602,23.88413217236922,214.83758091926575,506.23854249715805,734.2550121247768,24.804315185546898,0.4225393831729889,0.42424073815345764,979.574765625,372.53131103515625,16.582407589782406,102.91022749085982,10,Tree cover,0
NEG_313,2007-10-16 00:00:00,Control Sample,Pseudo-negative nearby control,Nagaland,none,none,none,control,0,0,93.85310476340848,26.000764711697933,132.41207599639893,285.889096558094,444.41414158791304,22.947869873046898,0.48796844482421875,0.4873593747615814,985.60375,137.21719360351562,0.13725255100304137,33.620533795570566,40,Cropland,0
NEG_319,2007-10-19 00:00:00,Control Sample,Pseudo-negative nearby control,Nagaland,none,none,none,control,0,0,93.80287981452166,25.342513849842234,104.78159040212631,317.28115677833557,1104.451209306717,18.372338867187523,0.4145272672176361,0.41560491919517517,877.438359375,1328.843505859375,16.439721412462777,240.50089694770546,30,Grassland,0
NEG_322,2007-10-21 00:00:00,Control Sample,Pseudo-negative nearby control,Assam,none,none,none,control,0,0,93.35619411524422,24.538294771170467,23.546351119875908,432.77241103351116,1012.3826321214437,20.122064208984398,0.4119618833065033,0.41709962487220764,951.89,505.2854919433594,10.911985248230001,171.77760793020707,10,Tree cover,0
NEG_545,2008-05-20 00:00:00,Control Sample,Pseudo-negative nearby control,Assam,none,none,none,control,0,0,92.58378759851,25.367819215326573,104.06692326068878,329.4912800192833,1050.6238229572773,22.106317138671898,0.4709104001522064,0.4825337827205658,912.2315625,900.7385864257812,9.523420825263885,31.39263861782854,10,Tree cover,0
NEG_580,2008-06-09 00:00:00,Control Sample,Pseudo-negative nearby control,Manipur,none,none,none,control,0,0,93.73775008645842,24.58471872165929,223.41862320899963,688.4274184703827,1216.4131700992584,21.697351074218773,0.4463672637939453,0.4645538330078125,897.158125,817.2147827148438,2.5132868203056,98.9183329384652,50,Built-up,0
NEG_585,2008-06-14 00:00:00,Control Sample,Pseudo-negative nearby control,Arunachal Pradesh,none,none,none,control,0,0,93.2170488301682,26.993902920886338,533.2413911819458,950.0701129436493,1528.463177382946,23.386041259765648,0.45642533898353577,0.45423445105552673,942.779375,374.8797912597656,3.7702218077669696,253.0347140051395,10,Tree cover,0
NEG_587,2008-06-15 00:00:00,Control Sample,Pseudo-negative nearby control,Assam,none,none,none,control,0,0,94.39371557767677,26.928361996324007,35.31492501497269,679.2549565434456,1561.4870488643646,28.365869140625023,0.4922453463077545,0.49786505103111267,987.917734375,86.6552505493164,0.016300462744377076,13.849090406954929,40,Cropland,0
NEG_594,2008-06-19 00:00:00,Control Sample,Pseudo-negative nearby control,Manipur,none,none,none,control,0,0,93.84191018635609,24.48852561632297,114.48884010314941,481.44033551216125,890.9514620900154,22.664666748046898,0.4214439392089844,0.4175434112548828,917.978359375,768.34765625,0.04243268669207585,258.1354175750465,30,Grassland,0
NEG_692,2008-08-07 00:00:00,Control Sample,Pseudo-negative nearby control,Nagaland,none,none,none,control,0,0,93.97446717173138,26.006338800895136,43.437086045742035,182.80158936977386,729.087270796299,26.096978759765648,0.4534740447998047,0.4639352262020111,947.392734375,326.261474609375,5.902364155177785,287.5063740919678,10,Tree cover,0
NEG_714,2008-08-14 00:00:00,Control Sample,Pseudo-negative nearby control,Assam,none,none,none,control,0,0,93.64324666792044,27.42338009394517,256.62940740585327,718.082457780838,2290.0896072387695,19.656060791015648,0.4267819821834564,0.426983505487442,852.081328125,1351.418212890625,17.89941488811729,31.94339035457631,10,Tree cover,0
NEG_731,2008-08-19 00:00:00,Control Sample,Pseudo-negative nearby control,Nagaland,none,none,none,control,0,0,93.83364688846106,26.16010584706812,215.9024178981781,752.6644170284271,1225.0930219888687,26.626611328125023,0.4995962679386139,0.5022856593132019,981.891171875,121.89221954345703,0.1931726956866845,234.28959869204786,40,Cropland,0
NEG_755,2008-08-28 00:00:00,Control Sample,Pseudo-negative nearby control,Sikkim,none,none,none,control,0,0,88.78233435418707,26.987397295077187,962.1673226356506,2235.3219389915466,3069.0125823020935,21.617608642578148,0.403607040643692,0.4076423645019531,905.603984375,560.5260620117188,6.27910157086785,186.3085999191301,10,Tree cover,0
NEG_760,2008-08-29 00:00:00,Control Sample,Pseudo-negative nearby control,Nagaland,none,none,none,control,0,0,93.87392973851573,25.972095625846165,87.83391118049622,236.7104347795248,1011.7388814687729,26.069146728515648,0.45526885986328125,0.4728507995605469,977.272734375,142.2470703125,0.1296271979115061,334.737195786522,40,Cropland,0
NEG_868,2008-10-29 00:00:00,Control Sample,Pseudo-negative nearby control,Assam,none,none,none,control,0,0,91.04405761990579,26.388364007531283,0.6649289280176163,1139.9006489664316,1215.2633188234176,23.194512939453148,0.37716802954673767,0.38955435156822205,1002.873359375,42.64515686035156,0.09523469884548649,267.791279978312,40,Cropland,0
NEG_870,2008-10-29 00:00:00,Control Sample,Pseudo-negative nearby control,Arunachal Pradesh,none,none,none,control,0,0,92.55686195256695,27.216711155884383,6.3567981123924255,1569.7832331061363,1757.7780629508197,15.665795898437523,0.47276178002357483,0.48357072472572327,872.164609375,1321.6456298828125,12.181148949885644,202.3907663802162,10,Tree cover,0
NEG_869,2008-10-29 00:00:00,Control Sample,Pseudo-negative nearby control,Assam,none,none,none,control,0,0,94.23776864534564,27.432153915734016,3.830099478363991,561.1897055059671,662.4678044754546,22.241632080078148,0.37623468041419983,0.3867301940917969,999.088359375,98.87562561035156,0.2547864467486631,97.73869056745036,10,Tree cover,0
NEG_1084,2009-08-12 00:00:00,Control Sample,Pseudo-negative nearby control,Arunachal Pradesh,none,none,none,control,0,0,92.6557474706865,27.909390946792534,706.990122795105,1611.7090284824371,2366.093337535858,7.026910400390648,0.42568841576576233,0.429333359003067,598.8131640625,5099.38720703125,22.79550422108701,130.81480022223764,70,Snow and ice,0
NEG_1108,2009-08-20 00:00:00,Control Sample,Pseudo-negative nearby control,Assam,none,none,none,control,0,0,93.21324163478644,24.9883857952326,201.80343091487885,476.94122046232224,1803.7059903144836,23.985162353515648,0.4279499053955078,0.4279511868953705,975.471953125,89.98898315429688,1.2925449697034883,168.19426172627095,10,Tree cover,0
NEG_1112,2009-08-20 00:00:00,Control Sample,Pseudo-negative nearby control,Sikkim,none,none,none,control,0,0,88.9831077167713,27.158385064968158,677.9636144638062,1563.324213027954,6956.035017967224,15.952874755859398,0.42776361107826233,0.4279721677303314,782.0203125,2875.11669921875,14.902873299727316,253.3787599864524,10,Tree cover,0
NEG_1109,2009-08-20 00:00:00,Control Sample,Pseudo-negative nearby control,Assam,none,none,none,control,0,0,92.72340229677351,25.51289336841104,121.74106389284134,425.19234865903854,1129.554457962513,23.549554443359398,0.4885190427303314,0.48238182067871094,932.120703125,607.6402587890625,2.1917200081690007,307.6437113247831,40,Cropland,0
NEG_1125,2009-08-26 00:00:00,Control Sample,Pseudo-negative nearby control,Sikkim,none,none,none,control,0,0,88.96739930912308,27.57823208783225,99.83282536268234,493.95211786031723,1246.5636804699898,6.916528320312523,0.4224039614200592,0.4245065152645111,621.0843359375,4298.34619140625,19.000046045740984,174.64167398097004,30,Grassland,0
NEG_1127,2009-08-27 00:00:00,Control Sample,Pseudo-negative nearby control,Assam,none,none,none,control,0,0,93.36668702915935,25.285052812278124,112.04276233911514,398.84772151708603,1757.123403251171,21.449700927734398,0.48614439368247986,0.48256492614746094,891.070234375,1462.8182373046875,13.336738010762005,100.89418652975496,10,Tree cover,0
NEG_1129,2009-08-30 00:00:00,Control Sample,Pseudo-negative nearby control,Manipur,none,none,none,control,0,0,94.63934365248248,25.141986790754977,302.8675317764282,731.3012182712555,1315.4228031635284,19.638879394531273,0.42193350195884705,0.425091415643692,842.862265625,1949.212158203125,2.606000761378109,264.85968920945436,10,Tree cover,0
NEG_1168,2009-09-17 00:00:00,Control Sample,Pseudo-negative nearby control,Sikkim,none,none,none,control,0,0,89.02296901067618,27.277151062690525,184.17873978614807,414.3119603395462,839.1394093632698,13.394158935546898,0.4240010678768158,0.425158828496933,721.11125,2526.89697265625,22.311953633416792,220.06503373153456,10,Tree cover,0
NEG_1222,2009-10-05 00:00:00,Control Sample,Pseudo-negative nearby control,Mizoram,none,none,none,control,0,0,92.90105420078805,23.97671093243185,372.4610209465027,1027.8170108795166,1174.6429726481438,23.262231445312523,0.4260234832763672,0.42756715416908264,939.946484375,792.063720703125,5.7028755942959135,223.37833652070293,10,Tree cover,0
NEG_1596,2010-03-27 20:00:00,Control Sample,Pseudo-negative nearby control,Manipur,none,none,none,control,0,0,93.76351732508066,24.359125077044343,56.32805824279785,56.34733370607137,63.05723112507167,23.815362548828148,0.15727996826171875,0.15187771618366241,916.189609375,1099.6439208984375,2.6752060169928362,168.87139250301823,30,Grassland,0
NEG_1611,2010-04-01 00:00:00,Control Sample,Pseudo-negative nearby control,Assam,none,none,none,control,0,0,92.6096880114809,25.36179104767553,195.75121998786926,652.604728937149,1178.9389168843627,19.903649902343773,0.4854011535644531,0.49030813574790955,912.243984375,989.4395141601562,7.6799429308997045,290.2258845491117,10,Tree cover,0
NEG_1613,2010-04-02 23:00:00,Control Sample,Pseudo-negative nearby control,Arunachal Pradesh,none,none,none,control,0,0,93.60849629324221,28.00659610970248,84.81921255588531,286.44391149282455,872.7770168334246,15.113458251953148,0.42128118872642517,0.4228038787841797,856.000859375,1204.529541015625,13.838544371974686,86.64761759154351,10,Tree cover,0
NEG_1756,2010-04-17 00:00:00,Control Sample,Pseudo-negative nearby control,Sikkim,none,none,none,control,0,0,88.99698829859489,27.187955519930846,106.65391385555267,266.4920948445797,485.52742414176464,12.999810791015648,0.4036947786808014,0.39642396569252014,782.9415625,2970.019287109375,9.822800173901845,53.146036905504786,10,Tree cover,0
NEG_1755,2010-04-17 15:00:00,Control Sample,Pseudo-negative nearby control,Sikkim,none,none,none,control,0,0,89.0278510129072,27.41708292515432,53.43898385763168,122.77914211153984,346.53249755501747,6.836175537109398,0.3862336575984955,0.3847465515136719,671.6415625,3480.888671875,15.84734420411439,279.83922789310395,10,Tree cover,0
NEG_1770,2010-04-20 00:00:00,Control Sample,Pseudo-negative nearby control,Assam,none,none,none,control,0,0,91.58384243861015,25.841023432277005,247.33075499534607,1505.214363336563,1997.0541149377823,20.657342529296898,0.4681243896484375,0.4906902313232422,923.90625,323.7972106933594,1.806831349604028,261.23884260260706,30,Grassland,0
NEG_1771,2010-04-20 00:00:00,Control Sample,Pseudo-negative nearby control,Assam,none,none,none,control,0,0,92.16642786159949,26.14764201756549,234.49160158634186,870.4196363687515,1372.7280218154192,21.917413330078148,0.48259034752845764,0.4865366518497467,978.61625,51.04179000854492,0.20095732274596173,184.5186726350837,40,Cropland,0
NEG_1776,2010-04-21 00:00:00,Control Sample,Pseudo-negative nearby control,Meghalaya,none,none,none,control,0,0,92.61996065276915,25.61715260798025,202.10571587085724,2356.895223259926,3077.2369280457497,21.926812744140648,0.5069472193717957,0.4984149932861328,923.7434375,699.1943359375,0.8624528715006894,76.336960825917,10,Tree cover,0
NEG_1857,2010-05-11 09:00:00,Control Sample,Pseudo-negative nearby control,Meghalaya,none,none,none,control,0,0,92.07718962308299,25.186797568654924,666.6656732559204,2685.1359605789185,3004.9045737832785,23.934259033203148,0.4745330810546875,0.48509979248046875,961.543046875,35.36334228515625,6.176632352301635,231.60848668090406,10,Tree cover,0
NEG_1929,2010-05-31 23:00:00,Control Sample,Pseudo-negative nearby control,Sikkim,none,none,none,control,0,0,88.84546320593685,27.714536204474715,29.01240810751915,136.7628239095211,284.1560859233141,2.5502868652343977,0.423053115606308,0.4248390197753906,609.7208203125,4911.99072265625,3.6059608833869525,108.34932560266304,60,Bare / sparse vegetation,0
NEG_1935,2010-06-03 00:00:00,Control Sample,Pseudo-negative nearby control,Tripura,none,none,none,control,0,0,91.38206783916061,23.621276084445803,43.76722127199173,155.27763590216637,927.1914809942245,29.277947998046898,0.4773222506046295,0.4696992337703705,1000.9,28.832019805908203,0.517492165087045,279.8578278854825,10,Tree cover,0
NEG_1934,2010-06-03 05:00:00,Control Sample,Pseudo-negative nearby control,Assam,none,none,none,control,0,0,92.08097064079477,24.472189009823396,184.9745512008667,464.670792222023,1698.7398862838745,27.447686767578148,0.41764703392982483,0.4258352816104889,1001.022890625,38.210914611816406,0.3776393730674456,125.19953468890094,10,Tree cover,0
NEG_1954,2010-06-07 00:00:00,Control Sample,Pseudo-negative nearby control,Manipur,none,none,none,control,0,0,93.17244796807782,24.504637733948133,116.52454733848572,278.06221321225166,572.4005699157715,26.350274658203148,0.41211509704589844,0.4073721468448639,972.193125,83.75361633300781,3.103269225504623,301.98401138736676,10,Tree cover,0
NEG_1961,2010-06-09 14:15:00,Control Sample,Pseudo-negative nearby control,Meghalaya,none,none,none,control,0,0,91.14636668812219,26.10752617294366,536.8699431419373,1228.5813018679619,3745.654083788395,24.692773437500023,0.4942353665828705,0.4795684814453125,995.1925,41.92362976074219,0.01921432211085317,64.64204686420806,10,Tree cover,0
NEG_1987,2010-06-15 00:00:00,Control Sample,Pseudo-negative nearby control,Assam,none,none,none,control,0,0,93.5618355029229,25.47303685517409,346.7395305633545,580.0961256027222,892.8945101797581,23.026971435546898,0.4688790738582611,0.474151611328125,907.683828125,966.378662109375,6.520649363025755,262.2629412081343,10,Tree cover,0
NEG_1986,2010-06-15 00:00:00,Control Sample,Pseudo-negative nearby control,Nagaland,none,none,none,control,0,0,94.23068137579297,26.522270449564243,87.62840181589127,196.7502012848854,825.1342251896858,27.451287841796898,0.48609161376953125,0.487591415643692,980.261796875,115.86222839355469,0.2697257950224216,277.6067614628814,40,Cropland,0
NEG_1994,2010-06-16 00:00:00,Control Sample,Pseudo-negative nearby control,Assam,none,none,none,control,0,0,92.64114482055406,24.87887417129274,181.31214380264282,840.8350944519043,1512.7198286354542,25.477807617187523,0.4856497347354889,0.49206098914146423,1001.3675,15.719754219055176,0.15968212984880778,328.53108639234284,40,Cropland,0
NEG_1996,2010-06-17 19:30:00,Control Sample,Pseudo-negative nearby control,Nagaland,none,none,none,control,0,0,95.24621253380505,26.73553759058049,328.0109763145447,628.4164488315582,1841.331921517849,23.453973388671898,0.42508697509765625,0.4260355532169342,895.53875,1239.3646240234375,12.736821853909593,252.70531865115504,10,Tree cover,0
NEG_2026,2010-06-28 00:00:00,Control Sample,Pseudo-negative nearby control,Meghalaya,none,none,none,control,0,0,91.15248580778541,25.23204395464197,1144.5536613464355,3292.038321495056,4769.048526883125,24.955072021484398,0.4867464601993561,0.5005900263786316,984.47625,504.3101501464844,2.89910331347879,189.8359697392746,10,Tree cover,0
NEG_2025,2010-06-28 00:00:00,Control Sample,Pseudo-negative nearby control,Meghalaya,none,none,none,control,0,0,91.67622796633096,25.360211123963676,1454.0684223175049,4222.390174865723,7401.370465755463,19.426171875000023,0.49163880944252014,0.5026887059211731,841.887890625,1448.591796875,18.57001019502431,146.31249938052167,10,Tree cover,0
NEG_2045,2010-07-06 00:00:00,Control Sample,Pseudo-negative nearby control,Nagaland,none,none,none,control,0,0,95.15950398381872,26.107179577803297,430.61363697052,923.4081208705902,2349.240943789482,18.804254150390648,0.47473016381263733,0.4933229982852936,815.414453125,2407.17041015625,,,10,Tree cover,0
NEG_2043,2010-07-06 00:00:00,Control Sample,Pseudo-negative nearby control,Nagaland,none,none,none,control,0,0,95.51052840214858,26.818407668057162,250.77566504478455,666.6102111339569,3014.31342959404,19.574029541015648,0.444384902715683,0.4445171356201172,833.03734375,2251.949951171875,20.93679427623811,320.07658978538416,10,Tree cover,0
NEG_2042,2010-07-06 00:00:00,Control Sample,Pseudo-negative nearby control,Nagaland,none,none,none,control,0,0,94.82908350132048,25.660577106726368,135.74060797691345,534.2574790120125,1233.3596870303154,22.538812255859398,0.4311962127685547,0.43008485436439514,884.227421875,901.9292602539062,11.212616682158838,90.99948226864933,10,Tree cover,0
NEG_2044,2010-07-06 00:00:00,Control Sample,Pseudo-negative nearby control,Nagaland,none,none,none,control,0,0,94.9954197647606,25.779437540282863,326.59491896629333,822.4187791347504,1983.3303540945053,17.852685546875023,0.45725569128990173,0.4613272249698639,790.93609375,2119.79638671875,,,10,Tree cover,0
NEG_2098,2010-07-19 06:00:00,Control Sample,Pseudo-negative nearby control,Nagaland,none,none,none,control,0,0,95.09661159657075,27.0825180248588,676.0879158973694,1539.6040976047516,2214.6997153759003,26.528344726562523,0.4811147153377533,0.49634870886802673,994.060390625,110.04814147949219,0.027501319725912448,249.28851738380678,10,Tree cover,0
NEG_2106,2010-07-20 00:00:00,Control Sample,Pseudo-negative nearby control,Nagaland,none,none,none,control,0,0,94.92106609115442,27.17346930834324,752.3224949836731,2283.437490463257,3024.1186171770096,25.604333496093773,0.472820907831192,0.49632325768470764,988.032734375,104.6961669921875,0.23682741557566586,241.1257278700548,50,Built-up,0
NEG_2113,2010-07-21 08:00:00,Control Sample,Pseudo-negative nearby control,Sikkim,none,none,none,control,0,0,88.89302873577776,27.539125861830044,739.6917343139648,1424.2266714572906,3258.876919746399,9.291284179687523,0.4279212951660156,0.42820677161216736,632.2158984375,4249.2041015625,13.299948618166164,206.7227941195459,30,Grassland,0
NEG_2140,2010-07-25 00:00:00,Control Sample,Pseudo-negative nearby control,Assam,none,none,none,control,0,0,92.70376513688348,24.817149027472997,102.05447673797607,391.00421965122223,930.6184649467468,28.117852783203148,0.4646822512149811,0.45534834265708923,988.784765625,64.48097229003906,1.5357060026907208,280.6920925228917,10,Tree cover,0
NEG_2163,2010-07-29 00:00:00,Control Sample,Pseudo-negative nearby control,Nagaland,none,none,none,control,0,0,93.64586281437103,25.541329971018328,311.35624647140503,631.3520520925522,1603.7552505731583,22.838830566406273,0.46464982628822327,0.46671485900878906,909.463984375,1075.9495849609375,17.936040615112713,8.395065126664292,10,Tree cover,0
NEG_2166,2010-07-29 00:00:00,Control Sample,Pseudo-negative nearby control,Assam,none,none,none,control,0,0,93.51665046385986,25.36688946758651,315.38110971450806,598.9274904131889,1513.9119401574135,22.037164306640648,0.49107614159584045,0.47762107849121094,897.240625,1174.4598388671875,9.52146881936216,155.5872019182509,10,Tree cover,0
NEG_2164,2010-07-29 23:00:00,Control Sample,Pseudo-negative nearby control,Manipur,none,none,none,control,0,0,94.70201552034015,25.235745256638264,590.6645655632019,891.3768231868744,1933.896392583847,19.452020263671898,0.4451681673526764,0.45119476318359375,827.211875,1924.31591796875,20.926016206295017,253.56499284716895,10,Tree cover,0
NEG_2182,2010-07-31 09:00:00,Control Sample,Pseudo-negative nearby control,Manipur,none,none,none,control,0,0,93.74751761517493,24.58744775951416,194.98734176158905,1348.3899682760239,1943.2191252708435,21.409112548828148,0.4464435577392578,0.4634113311767578,897.512890625,799.5150146484375,1.4456668312108034,97.43425923628752,40,Cropland,0
NEG_2205,2010-08-06 00:00:00,Control Sample,Pseudo-negative nearby control,Mizoram,none,none,none,control,0,0,92.98212856888586,24.02198383323195,208.71171355247498,733.5407584905624,1866.9886142015457,24.036157226562523,0.42243894934654236,0.42442384362220764,936.1975,381.0993957519531,8.261141842721424,247.9554571976866,10,Tree cover,0
NEG_2243,2010-08-13 00:00:00,Control Sample,Pseudo-negative nearby control,Nagaland,none,none,none,control,0,0,93.75949493558724,25.99068711017735,77.27573812007904,352.3096591234207,487.47435957193375,26.781182861328148,0.46315765380859375,0.4853006899356842,980.193515625,138.4131317138672,0.3202905345511808,69.8884892862925,40,Cropland,0
NEG_2247,2010-08-14 00:00:00,Control Sample,Pseudo-negative nearby control,Nagaland,none,none,none,control,0,0,95.1624810242824,26.17638173458833,740.0277256965637,1481.0336083173752,2624.5908737182617,19.391717529296898,0.492450088262558,0.4998137056827545,822.833828125,2062.589111328125,13.568322921600286,73.29534300747366,10,Tree cover,0
NEG_2248,2010-08-14 00:00:00,Control Sample,Pseudo-negative nearby control,Nagaland,none,none,none,control,0,0,95.16929344500929,26.147142347113864,821.8687176704407,1794.8953807353973,3540.0876104831696,18.831719970703148,0.4812297821044922,0.49638429284095764,814.2809375,1596.85986328125,4.161373867789895,331.4741138206939,10,Tree cover,0
NEG_2249,2010-08-14 00:00:00,Control Sample,Pseudo-negative nearby control,Nagaland,none,none,none,control,0,0,94.97478302966437,25.767948048974027,401.25006437301636,947.4634528160095,2065.6864643096924,17.790643310546898,0.46000227332115173,0.46081480383872986,789.7921875,2461.340576171875,10.86032421236548,216.82071735858113,10,Tree cover,0
NEG_2253,2010-08-15 23:00:00,Control Sample,Pseudo-negative nearby control,Manipur,none,none,none,control,0,0,94.80995427217626,25.635989012703167,669.8050498962402,982.2812303900719,1216.356821358204,20.377435302734398,0.43232789635658264,0.43400827050209045,843.6653125,1212.7470703125,21.097935581075365,169.36261516945024,10,Tree cover,0
NEG_2263,2010-08-17 00:00:00,Control Sample,Pseudo-negative nearby control,Nagaland,none,none,none,control,0,0,95.01132952115256,25.98141865196826,195.4030692577362,1342.6282703876495,3432.657450437546,20.805108642578148,0.4240684509277344,0.4249795377254486,849.338515625,1468.4658203125,26.598462583379458,273.9645746732724,10,Tree cover,0
NEG_2283,2010-08-19 00:00:00,Control Sample,Pseudo-negative nearby control,Manipur,none,none,none,control,0,0,93.40307205230955,25.28945889369662,91.19477868080139,180.20647764205933,796.7863529920578,21.704888916015648,0.4980722963809967,0.4892139434814453,891.874140625,1343.6787109375,15.850556544884773,73.21232850395529,10,Tree cover,0
NEG_2282,2010-08-19 06:30:00,Control Sample,Pseudo-negative nearby control,Nagaland,none,none,none,control,0,0,95.04508478261243,25.9976460213279,331.2608599662781,902.4005830287933,3263.7353241443634,20.370172119140648,0.42578569054603577,0.42555680871009827,853.055,2142.30615234375,15.43068097586098,19.395760326315212,10,Tree cover,0
NEG_2281,2010-08-19 18:00:00,Control Sample,Pseudo-negative nearby control,Nagaland,none,none,none,control,0,0,94.05162434068211,26.036444519641627,134.66396927833557,237.88369446992874,741.751991212368,23.979974365234398,0.4661846160888672,0.48987388610839844,924.145859375,440.6141662597656,18.09349268926833,161.41918748740682,10,Tree cover,0
NEG_2296,2010-08-20 00:00:00,Control Sample,Pseudo-negative nearby control,Sikkim,none,none,none,control,0,0,88.79192080558258,26.951347562243082,1933.504581451416,3761.791944503784,5262.343138456345,22.468530273437523,0.40765824913978577,0.40777716040611267,910.521640625,340.0467529296875,2.683603754588674,199.6290346954828,10,Tree cover,0
NEG_2304,2010-08-21 18:00:00,Control Sample,Pseudo-negative nearby control,Nagaland,none,none,none,control,0,0,94.0256746540859,26.004191319152376,32.92460739612579,185.77049672603607,567.4648499116302,25.306451416015648,0.4881967008113861,0.4931367337703705,954.766484375,543.197998046875,15.502694354178209,292.8331693654268,10,Tree cover,0
NEG_2344,2010-08-27 16:30:00,Control Sample,Pseudo-negative nearby control,Assam,none,none,none,control,0,0,93.26399129393276,24.47250656372338,98.9677906036377,368.636891245842,1085.9992317855358,25.419061279296898,0.42329469323158264,0.4214801788330078,970.335078125,256.8044738769531,9.739115075130423,285.5219628164396,10,Tree cover,0
NEG_2343,2010-08-27 16:30:00,Control Sample,Pseudo-negative nearby control,Nagaland,none,none,none,control,0,0,93.70632496648032,25.369361205686026,101.16835683584213,451.7221227288246,826.0019943118095,22.703057861328148,0.4203929901123047,0.4202524721622467,898.085546875,606.6873779296875,25.417060012208218,135.52302674975135,10,Tree cover,0
NEG_2345,2010-08-27 18:00:00,Control Sample,Pseudo-negative nearby control,Sikkim,none,none,none,control,0,0,88.89029326984092,27.53795611221579,210.579976439476,599.9334901571274,2831.9954723119736,8.799737548828148,0.4267209470272064,0.4271761476993561,633.2167578125,4233.99365234375,13.204938570220005,200.85920306417722,30,Grassland,0
NEG_2392,2010-09-04 00:00:00,Control Sample,Pseudo-negative nearby control,Sikkim,none,none,none,control,0,0,88.94135136204007,27.055094336627867,290.6202971935272,871.6416209936142,1868.7504976987839,19.866143798828148,0.42223548889160156,0.42864927649497986,855.698359375,1001.547607421875,18.78665541657101,119.49213951829125,10,Tree cover,0
NEG_2405,2010-09-09 23:00:00,Control Sample,Pseudo-negative nearby control,Arunachal Pradesh,none,none,none,control,0,0,95.17447379913253,28.336763026520376,314.51913714408875,1312.5126957893372,4939.173996448517,20.056268310546898,0.4274253845214844,0.42772039771080017,876.30625,1163.156494140625,18.80960572092606,103.52087979189497,10,Tree cover,0
NEG_2411,2010-09-10 00:00:00,Control Sample,Pseudo-negative nearby control,Arunachal Pradesh,none,none,none,control,0,0,94.06279548379689,26.731281782849358,180.45517802238464,573.0841606855392,1153.6362022161484,26.635888671875023,0.45674386620521545,0.4794769287109375,991.091484375,79.90675354003906,0.24830239937950216,359.12909702097846,40,Cropland,0
NEG_2415,2010-09-12 00:00:00,Control Sample,Pseudo-negative nearby control,Nagaland,none,none,none,control,0,0,93.6624314803965,25.643038629012164,229.42842543125153,546.7960387468338,1145.0966894626617,23.964013671875023,0.4821033477783203,0.48777899146080017,935.090625,337.17987060546875,0.4926400122280712,211.45606897372605,10,Tree cover,0
NEG_2420,2010-09-13 00:00:00,Control Sample,Pseudo-negative nearby control,Mizoram,none,none,none,control,0,0,92.23103223821877,23.80185893533864,91.05049818754196,333.7179683148861,619.808865711093,25.057672119140648,0.4125334322452545,0.4114920198917389,975.443125,133.4590606689453,3.9710068621959245,267.67398154271206,10,Tree cover,0
NEG_2425,2010-09-13 00:00:00,Control Sample,Pseudo-negative nearby control,Mizoram,none,none,none,control,0,0,93.24705482064593,23.22775123539453,250.97259879112244,640.5422687530518,1057.4428290128708,20.518212890625023,0.42427191138267517,0.42608070373535156,894.013515625,1202.688232421875,16.44841070809309,309.0712009854765,30,Grassland,0
NEG_2423,2010-09-13 00:00:00,Control Sample,Pseudo-negative nearby control,Mizoram,none,none,none,control,0,0,92.93443878544187,24.035626030267927,150.50575137138367,315.7932236790657,916.9440120458603,23.286920166015648,0.421295166015625,0.4222259521484375,937.617265625,565.5512084960938,6.687784520502398,43.83316104303941,10,Tree cover,0
NEG_2424,2010-09-13 00:00:00,Control Sample,Pseudo-negative nearby control,Mizoram,none,none,none,control,0,0,92.90753386435773,24.019018615505967,150.50575137138367,315.7932236790657,916.9440120458603,23.286920166015648,0.421295166015625,0.4222259521484375,937.617265625,828.6727905273438,5.254497873491367,263.4996442830406,10,Tree cover,0
NEG_2426,2010-09-13 00:00:00,Control Sample,Pseudo-negative nearby control,Mizoram,none,none,none,control,0,0,92.80193515989603,23.160513978079386,247.76296317577362,555.8657497167587,874.9906476587057,22.562799072265648,0.42456498742103577,0.4251213073730469,938.605625,994.1439208984375,7.509593576962596,90.34770162499092,10,Tree cover,0
NEG_2422,2010-09-13 00:00:00,Control Sample,Pseudo-negative nearby control,Mizoram,none,none,none,control,0,0,93.06269586573237,24.034004347754948,125.62933564186096,324.97672736644745,1081.4676135778427,22.663476562500023,0.42184701561927795,0.4231363832950592,926.548125,782.94677734375,25.778797530986594,69.08727384398435,10,Tree cover,0
NEG_2421,2010-09-13 09:00:00,Control Sample,Pseudo-negative nearby control,Mizoram,none,none,none,control,0,0,92.55340322362457,23.378755437161107,225.52993893623352,495.205357670784,805.0511833280325,23.008447265625023,0.4222450256347656,0.4225393831729889,944.258515625,388.552734375,9.023548112509665,157.80406743152207,10,Tree cover,0
NEG_2437,2010-09-16 00:00:00,Control Sample,Pseudo-negative nearby control,Mizoram,none,none,none,control,0,0,92.36276424290432,23.93078334140652,279.0057361125946,662.2716262936592,1155.2840620279312,24.760186767578148,0.42449823021888733,0.42568841576576233,972.505625,633.2197265625,18.92152259285438,266.20300076642,10,Tree cover,0
NEG_2436,2010-09-16 03:00:00,Control Sample,Pseudo-negative nearby control,Mizoram,none,none,none,control,0,0,93.2143369194561,24.12041762332888,112.08127439022064,490.94459414482117,1061.5876615047455,21.536737060546898,0.42146238684654236,0.4238046109676361,914.828984375,767.021484375,14.54513183912816,141.1486986950194,10,Tree cover,0
NEG_2539,2010-10-03 00:00:00,Control Sample,Pseudo-negative nearby control,Arunachal Pradesh,none,none,none,control,0,0,95.34072483615532,28.52394953729217,142.04493165016174,372.5983053445816,1268.3718986809254,16.557946777343773,0.41827264428138733,0.4174060821533203,822.566796875,2277.380859375,16.688301324594363,159.88196709983993,10,Tree cover,0
NEG_2569,2010-10-08 00:00:00,Control Sample,Pseudo-negative nearby control,Nagaland,none,none,none,control,0,0,93.67323924361779,25.3406661180583,339.47741985321045,822.5347697734833,1036.1820980906487,19.621606445312523,0.42814698815345764,0.4287039339542389,908.4375,683.6553344726562,12.024695894389115,88.86839888020086,10,Tree cover,0
NEG_2570,2010-10-08 00:00:00,Control Sample,Pseudo-negative nearby control,Manipur,none,none,none,control,0,0,93.77108819747055,24.54921847836897,347.26303815841675,922.4602282047272,1107.3155049234629,19.013787841796898,0.42653465270996094,0.430908203125,918.95125,767.1522216796875,0.14540844758693222,95.22983729460287,40,Cropland,0
NEG_2566,2010-10-08 00:00:00,Control Sample,Pseudo-negative nearby control,Nagaland,none,none,none,control,0,0,93.66270516850729,25.451860199851335,312.75150179862976,771.8575596809387,1060.7366673648357,19.744073486328148,0.46929678320884705,0.49376487731933594,903.639140625,1039.6004638671875,13.541453291767606,157.34621950368626,10,Tree cover,0
NEG_2567,2010-10-08 00:00:00,Control Sample,Pseudo-negative nearby control,Manipur,none,none,none,control,0,0,94.76336528095337,25.535324871214684,284.5346927642822,1264.8447751998901,1621.6755136847496,15.350122070312523,0.43698373436927795,0.437213271856308,816.44625,1438.87744140625,17.954279024919558,51.367529036508586,10,Tree cover,0
NEG_2568,2010-10-08 00:00:00,Control Sample,Pseudo-negative nearby control,Assam,none,none,none,control,0,0,93.40683247881385,24.486983955072233,345.4133868217468,840.6837284564972,1142.8792178630829,20.717462158203148,0.42835870385169983,0.42825761437416077,944.894609375,322.0429992675781,11.034334920512698,261.1863817539715,10,Tree cover,0
NEG_2574,2010-10-09 00:00:00,Control Sample,Pseudo-negative nearby control,Assam,none,none,none,control,0,0,93.57178493768971,25.656987016755668,217.1163260936737,745.5127835273743,892.9244503378868,23.443963623046898,0.43309083580970764,0.48043885827064514,969.95125,256.9566955566406,0.8872350579131479,30.631428753668388,10,Tree cover,0
NEG_2577,2010-10-09 00:00:00,Control Sample,Pseudo-negative nearby control,Nagaland,none,none,none,control,0,0,93.55274098318617,25.8183065243661,197.43645191192627,807.0939630270004,968.8210990279913,23.330438232421898,0.48676300048828125,0.4856586456298828,968.357890625,208.98574829101562,0.10501343657109172,38.86648851453691,10,Tree cover,0
NEG_2578,2010-10-09 00:00:00,Control Sample,Pseudo-negative nearby control,Nagaland,none,none,none,control,0,0,93.62435487326846,25.428286210394496,342.7191376686096,873.3689486980438,1333.8371366262436,20.122613525390648,0.4776999056339264,0.46875128149986267,895.206640625,1272.126708984375,12.085754489094125,241.33189343839086,30,Grassland,0
NEG_2573,2010-10-09 00:00:00,Control Sample,Pseudo-negative nearby control,Assam,none,none,none,control,0,0,92.78828967294616,25.527445099835564,227.0994782447815,1478.7627756595612,1956.8302687257528,22.231988525390648,0.4777259826660156,0.4915008544921875,939.629609375,434.77630615234375,2.428926988233163,65.67774899464996,10,Tree cover,0
NEG_2575,2010-10-09 00:00:00,Control Sample,Pseudo-negative nearby control,Assam,none,none,none,control,0,0,92.98649449126235,25.719440449641247,145.51472663879395,1346.1226224899292,1523.4721093438566,24.001092529296898,0.4576619565486908,0.4655539095401764,983.841640625,107.22972106933594,3.0178461041888522,170.30133032601236,10,Tree cover,0
NEG_2576,2010-10-09 00:00:00,Control Sample,Pseudo-negative nearby control,Nagaland,none,none,none,control,0,0,93.72260010317014,25.350156158685017,351.2651324272156,892.5563097000122,1364.8611716926098,19.935601806640648,0.42486572265625,0.42597898840904236,895.355,716.672607421875,16.102857596147174,306.52599014270555,10,Tree cover,0
NEG_2579,2010-10-09 00:00:00,Control Sample,Pseudo-negative nearby control,Nagaland,none,none,none,control,0,0,93.97492857319823,26.031642497636977,112.08377033472061,601.3600006699562,723.0055462568998,22.062615966796898,0.44706153869628906,0.484478622674942,952.045390625,208.39627075195312,3.4281648381276995,185.49980808669477,10,Tree cover,0
NEG_2587,2010-10-10 06:00:00,Control Sample,Pseudo-negative nearby control,Nagaland,none,none,none,control,0,0,93.90455628027348,25.98860269792176,11.896374635398388,475.88499914854765,729.2686523869634,24.352105712890648,0.47329583764076233,0.47810110449790955,979.041875,138.68875122070312,0.20208539403110315,213.18734371724898,40,Cropland,0
NEG_2743,2010-11-22 00:00:00,Control Sample,Pseudo-negative nearby control,Arunachal Pradesh,none,none,none,control,0,0,91.74802314509358,27.42065258600112,6.982605904340744,184.68810990452766,380.997646600008,9.300439453125023,0.3851737976074219,0.38735389709472656,784.36421875,2596.937744140625,22.432514265739616,201.82666974413343,10,Tree cover,0
NEG_3525,2011-05-22 00:00:00,Control Sample,Pseudo-negative nearby control,Assam,none,none,none,control,0,0,93.64461642008385,25.367597661584664,1501.5907287597656,1852.7624011039734,2814.079850912094,20.534478759765648,0.4874610900878906,0.4957631528377533,896.23625,571.6710815429688,9.213211514790226,154.08943033748528,10,Tree cover,0
NEG_3532,2011-05-24 00:00:00,Control Sample,Pseudo-negative nearby control,Assam,none,none,none,control,0,0,92.81257035629977,24.688572354198055,120.27823179960251,870.7741424441338,2028.785079717636,25.323419189453148,0.46215757727622986,0.44564566016197205,987.226171875,24.519508361816406,1.0668557363523452,105.44611528070084,40,Cropland,0
NEG_3556,2011-05-31 14:00:00,Control Sample,Pseudo-negative nearby control,Manipur,none,none,none,control,0,0,93.48908659925809,25.31898926127608,847.954273223877,2055.42853474617,2584.1729901731014,20.756829833984398,0.4768727719783783,0.46882501244544983,883.301015625,1097.517578125,7.996801681353319,77.11470251976715,10,Tree cover,0
NEG_3560,2011-05-31 14:30:00,Control Sample,Pseudo-negative nearby control,Manipur,none,none,none,control,0,0,93.34587560663131,24.55361564878503,308.17902088165283,1063.6715292930603,1829.3939009308815,23.217431640625023,0.42639732360839844,0.4276021420955658,954.923125,559.0982666015625,6.334002132307599,338.69256723594333,10,Tree cover,0
NEG_3633,2011-06-20 00:00:00,Control Sample,Pseudo-negative nearby control,Nagaland,none,none,none,control,0,0,94.6949165090338,26.521553803827963,143.31567287445068,619.2158758640289,2005.7434141635895,25.544702148437523,0.47285905480384827,0.4910259246826172,927.651796875,528.7354736328125,11.581790895396097,282.6255645924637,10,Tree cover,0
NEG_3663,2011-06-28 00:00:00,Control Sample,Pseudo-negative nearby control,Nagaland,none,none,none,control,0,0,93.93200946961086,25.990269945297126,184.59543585777283,561.5022480487823,879.3792128562927,26.601251220703148,0.4643363952636719,0.45818138122558594,974.926484375,151.93455505371094,0.416952485386403,350.2523367541319,40,Cropland,0
NEG_3672,2011-06-29 00:00:00,Control Sample,Pseudo-negative nearby control,Assam,none,none,none,control,0,0,93.27646703217296,25.786945775275168,84.1076523065567,289.8652255535126,528.3608138561249,25.942407226562523,0.4921010434627533,0.4845733642578125,971.106484375,192.75320434570312,3.351380466955841,207.39656344014747,10,Tree cover,0
NEG_3683,2011-07-01 00:00:00,Control Sample,Pseudo-negative nearby control,Nagaland,none,none,none,control,0,0,93.85713217569531,26.14623441355162,27.167892083525658,261.2163107842207,973.0494003742933,27.162561035156273,0.4842440187931061,0.48320960998535156,978.756015625,120.98381805419922,0.2617890639870046,145.61390225208106,40,Cropland,0
NEG_3738,2011-07-06 00:00:00,Control Sample,Pseudo-negative nearby control,Manipur,none,none,none,control,0,0,93.82597747798953,24.43840126856881,73.916956782341,438.06658685207367,986.9490936398506,23.157525634765648,0.4102083742618561,0.41752180457115173,913.3190625,768.5370483398438,0.08431234008045632,357.57482844800234,40,Cropland,0
NEG_3741,2011-07-07 00:00:00,Control Sample,Pseudo-negative nearby control,Nagaland,none,none,none,control,0,0,93.68334257794169,25.605787089569823,37.02433407306671,208.76364409923553,729.5180410146713,24.980950927734398,0.45594915747642517,0.4633197784423828,935.3109375,385.8599548339844,3.6436978926000188,326.24960752037174,10,Tree cover,0
NEG_3760,2011-07-11 09:00:00,Control Sample,Pseudo-negative nearby control,Nagaland,none,none,none,control,0,0,93.99632878761535,25.972627283609835,71.6484859585762,96.2279038503766,177.4011915549636,26.572320556640648,0.44098472595214844,0.43618011474609375,949.741640625,440.48565673828125,9.186761076296904,275.3653117806617,10,Tree cover,0
NEG_3776,2011-07-15 18:00:00,Control Sample,Pseudo-negative nearby control,Arunachal Pradesh,none,none,none,control,0,0,93.3863421565733,27.382329748841236,791.3399934768677,2096.2707698345184,3040.4556542634964,15.879022216796898,0.42838987708091736,0.4285392761230469,788.7446875,2509.9462890625,12.790634325453938,59.950896809226776,10,Tree cover,0
NEG_3789,2011-07-16 00:00:00,Control Sample,Pseudo-negative nearby control,Arunachal Pradesh,none,none,none,control,0,0,93.26000244581589,27.491505789364734,174.96508359909058,2001.4570355415344,2994.3771213293076,14.424188232421898,0.42397308349609375,0.42454275488853455,749.960390625,1887.154052734375,15.847672009570632,304.629806743231,10,Tree cover,0
NEG_3794,2011-07-17 00:00:00,Control Sample,Pseudo-negative nearby control,Sikkim,none,none,none,control,0,0,88.7202721478311,26.842496751191096,254.83673810958862,1435.555636882782,2455.7471573352814,26.416558837890648,0.3520374298095703,0.3538786470890045,977.981015625,126.2954330444336,0.2131977073144469,168.05010992544067,60,Bare / sparse vegetation,0
NEG_3806,2011-07-19 00:00:00,Control Sample,Pseudo-negative nearby control,Arunachal Pradesh,none,none,none,control,0,0,93.84924807797803,26.783270702110844,291.8011546134949,1264.2590403556824,2890.8896148204803,25.688928222656273,0.4612394869327545,0.4874483644962311,987.612734375,79.95232391357422,0.16634993571166723,166.8606879186707,40,Cropland,0
NEG_3805,2011-07-19 00:00:00,Control Sample,Pseudo-negative nearby control,Sikkim,none,none,none,control,0,0,88.59157842596794,26.696027048320524,2509.5033645629883,3006.702244281769,4574.932396411896,24.887261962890648,0.43063101172447205,0.43464598059654236,972.602734375,104.79438018798828,0.8638907715726369,91.54147688621447,10,Tree cover,0
NEG_3830,2011-07-22 00:00:00,Control Sample,Pseudo-negative nearby control,Manipur,none,none,none,control,0,0,94.24659120437659,24.619678489052458,307.6992332935333,789.2513573169708,2046.2129265069962,21.751702880859398,0.44272103905677795,0.4530912935733795,888.056640625,826.4051513671875,12.658898072992146,204.2912178098684,10,Tree cover,0
NEG_3831,2011-07-22 00:00:00,Control Sample,Pseudo-negative nearby control,Manipur,none,none,none,control,0,0,93.82479284776402,24.488964089206124,165.76655209064484,600.711777806282,1646.8286216259003,23.440820312500023,0.41577720642089844,0.4247347414493561,916.407109375,768.1697998046875,0.1455024007505086,113.76809570426315,30,Grassland,0
NEG_3837,2011-07-24 12:30:00,Control Sample,Pseudo-negative nearby control,Assam,none,none,none,control,0,0,93.01134324806058,26.796980375973572,66.90488755702972,324.77371394634247,1384.1834589838982,27.722650146484398,0.4242826998233795,0.43932151794433594,988.878203125,75.20736694335938,0.13521170297159996,247.8821656958848,10,Tree cover,0
NEG_3840,2011-07-25 00:00:00,Control Sample,Pseudo-negative nearby control,Manipur,none,none,none,control,0,0,93.82877415240515,24.354722242652926,43.66997629404068,210.41324362158775,1401.157584041357,23.915551757812523,0.400177001953125,0.4023202359676361,914.184296875,956.697265625,3.1670411224686412,22.851791201699086,10,Tree cover,0
NEG_3860,2011-07-29 00:00:00,Control Sample,Pseudo-negative nearby control,Nagaland,none,none,none,control,0,0,93.62083551896657,25.380171758841836,170.3692376613617,304.3021019548178,1380.9589315205812,22.736840820312523,0.4703401029109955,0.48496437072753906,895.822265625,1117.745361328125,3.000126269636898,200.42513576735277,30,Grassland,0
NEG_3881,2011-08-05 00:00:00,Control Sample,Pseudo-negative nearby control,Arunachal Pradesh,none,none,none,control,0,0,93.95924342371659,26.90707073503416,201.72107219696045,720.594197511673,817.1983233187348,26.497521972656273,0.5013084411621094,0.49769148230552673,989.910703125,81.08828735351562,0.1013001530931514,246.30849360617026,40,Cropland,0
NEG_3912,2011-08-12 00:00:00,Control Sample,Pseudo-negative nearby control,Arunachal Pradesh,none,none,none,control,0,0,92.3042170705464,27.201400587738704,94.71245110034943,283.3090052008629,1016.9751271605492,16.004205322265648,0.415814071893692,0.4166278839111328,754.420703125,2638.455078125,16.32245068816257,18.468375491702716,10,Tree cover,0
NEG_3916,2011-08-13 08:00:00,Control Sample,Pseudo-negative nearby control,Assam,none,none,none,control,0,0,93.78066347801838,25.962599304583666,237.55745589733124,345.2192060649395,1242.0314140617847,25.882257080078148,0.4899393618106842,0.4942493438720703,980.293828125,142.64413452148438,0.22716151570558146,307.6655823884238,10,Tree cover,0
NEG_3925,2011-08-15 00:00:00,Control Sample,Pseudo-negative nearby control,Arunachal Pradesh,none,none,none,control,0,0,92.72611801971424,27.41205603102327,1208.1270217895508,2152.04294025898,2344.4899078458548,17.367578125000023,0.42868804931640625,0.42869630455970764,821.361875,2079.31396484375,17.256845721435546,98.17847474882308,10,Tree cover,0
NEG_3927,2011-08-16 08:00:00,Control Sample,Pseudo-negative nearby control,Meghalaya,none,none,none,control,0,0,90.6648019643411,25.48048561236405,1236.5623712539673,1536.9871258735657,2039.7631116211414,23.253900146484398,0.4792569577693939,0.4983774721622467,966.165234375,252.392333984375,2.7819190248169203,99.10180876334948,10,Tree cover,0
NEG_3932,2011-08-18 00:00:00,Control Sample,Pseudo-negative nearby control,Nagaland,none,none,none,control,0,0,93.78943465919434,26.012508643805692,15.481574460864067,250.98255649209023,1065.075021237135,25.652154541015648,0.45952096581459045,0.46191278100013733,980.994921875,130.76123046875,0.29216319525256074,262.3868723553242,40,Cropland,0
NEG_3965,2011-09-06 08:00:00,Control Sample,Pseudo-negative nearby control,Assam,none,none,none,control,0,0,93.15552549392874,24.49820311597296,219.44570541381836,732.5491011142731,1250.7457211613655,25.044305419921898,0.4275766909122467,0.4275124967098236,972.694609375,105.65660095214844,3.3076190354628943,151.83033408975848,10,Tree cover,0
NEG_3983,2011-09-23 00:00:00,Control Sample,Pseudo-negative nearby control,Assam,none,none,none,control,0,0,91.73068336212843,25.811342433923485,431.8912923336029,1083.0360054969788,2374.970704317093,23.061944580078148,0.48309198021888733,0.48060354590415955,924.066875,656.0177001953125,6.607745480839912,75.52625727437845,10,Tree cover,0
NEG_4241,2012-03-04 00:00:00,Control Sample,Pseudo-negative nearby control,Manipur,none,none,none,control,0,0,93.61391782619695,25.381406084206787,10.662473738193512,65.708227455616,121.19997543868521,15.218438720703148,0.3005625307559967,0.30055490136146545,899.724453125,993.8297729492188,6.9017567604224865,302.63149549294315,10,Tree cover,0
NEG_4377,2012-06-02 00:00:00,Control Sample,Pseudo-negative nearby control,Assam,none,none,none,control,0,0,92.13283556481372,26.068553978073425,168.07451844215393,863.2711172103882,1517.8931765258312,26.237207031250023,0.4864247739315033,0.48917198181152344,975.081484375,281.5326843261719,20.618469895717265,109.12232000883125,10,Tree cover,0
NEG_4382,2012-06-03 00:00:00,Control Sample,Pseudo-negative nearby control,Assam,none,none,none,control,0,0,92.60080208784764,25.294124453674407,1941.9609308242798,3703.411102294922,4271.591275930405,22.409692382812523,0.48173776268959045,0.486981064081192,894.535234375,1299.1766357421875,4.650126598691059,42.52745666206283,10,Tree cover,0
NEG_4383,2012-06-03 00:00:00,Control Sample,Pseudo-negative nearby control,Assam,none,none,none,control,0,0,93.54075195006473,25.346205891010896,2269.507884979248,3277.8992354869843,4221.422970294952,21.080102539062523,0.4815133512020111,0.4851417541503906,879.264765625,1231.088623046875,9.157110695343931,351.68300701489227,10,Tree cover,0
NEG_4384,2012-06-03 00:00:00,Control Sample,Pseudo-negative nearby control,Assam,none,none,none,control,0,0,92.60150021243888,25.34466073173583,1941.9609308242798,3703.411102294922,4271.591275930405,22.409692382812523,0.48173776268959045,0.486981064081192,894.535234375,1024.149658203125,10.585826095437163,55.49078368123361,30,Grassland,0
NEG_4394,2012-06-07 04:30:00,Control Sample,Pseudo-negative nearby control,Sikkim,none,none,none,control,0,0,88.96075326833206,27.465895644849923,55.82834780216217,126.43424421548843,491.4045035839081,8.700067138671898,0.3968473970890045,0.39519309997558594,644.5060546875,4189.79296875,16.47124456065154,214.0262310490157,10,Tree cover,0
NEG_4403,2012-06-10 00:00:00,Control Sample,Pseudo-negative nearby control,Manipur,none,none,none,control,0,0,93.69457930305181,24.450271930830247,127.43934988975525,256.86822459101677,598.8200083374977,22.620721435546898,0.42840576171875,0.4282341003417969,897.606640625,877.6240234375,3.6934336393545046,128.5593583011813,10,Tree cover,0
NEG_4407,2012-06-13 00:00:00,Control Sample,Pseudo-negative nearby control,Assam,none,none,none,control,0,0,92.02313045658723,25.135183964605783,190.96875190734863,1021.6031968593597,2566.7663663625717,27.179315185546898,0.485522598028183,0.49353089928627014,990.198046875,12.644506454467773,0.07046563172290359,150.2485949350371,10,Tree cover,0
NEG_4408,2012-06-13 00:00:00,Control Sample,Pseudo-negative nearby control,Meghalaya,none,none,none,control,0,0,92.0358003118302,25.868803926998137,91.78829938173294,235.3210411965847,625.9751729667187,24.536187744140648,0.4891764223575592,0.482086181640625,912.556328125,742.8826904296875,0.7404008364076188,26.68967850532499,10,Tree cover,0
NEG_4411,2012-06-14 04:00:00,Control Sample,Pseudo-negative nearby control,Sikkim,none,none,none,control,0,0,88.87346418520285,27.22178120437224,157.95955061912537,264.37271013855934,915.5727289617062,17.489038085937523,0.42230352759361267,0.4202982485294342,778.7121875,2870.5,21.042142377118374,165.18690017569463,10,Tree cover,0
NEG_4424,2012-06-20 00:00:00,Control Sample,Pseudo-negative nearby control,Assam,none,none,none,control,0,0,91.67178040797077,25.719204895219136,138.0419135093689,679.6706318855286,2051.821291446686,23.219598388671898,0.48944535851478577,0.48040643334388733,888.518203125,777.0853881835938,1.7956837781761918,64.16245086576845,10,Tree cover,0
NEG_4426,2012-06-22 00:00:00,Control Sample,Pseudo-negative nearby control,Assam,none,none,none,control,0,0,92.16745260084461,26.205739407200337,744.9145317077637,1571.7418193817139,2517.100192606449,26.742822265625023,0.4864279329776764,0.4899800717830658,994.1153125,52.44511413574219,0.08448013982644444,131.7805463777408,40,Cropland,0
NEG_4435,2012-06-25 00:00:00,Control Sample,Pseudo-negative nearby control,Arunachal Pradesh,none,none,none,control,0,0,95.59055168217097,27.21398829747579,554.6273589134216,1355.937898159027,3379.3452978134155,24.047296142578148,0.4751230776309967,0.497332900762558,940.971953125,315.52606201171875,7.245076651753261,346.6093802317106,10,Tree cover,0
NEG_4436,2012-06-25 00:00:00,Control Sample,Pseudo-negative nearby control,Arunachal Pradesh,none,none,none,control,0,0,95.30242841857644,26.74466546940397,549.6588945388794,1191.0961270332336,2634.386867284775,20.827020263671898,0.4399738311767578,0.4451688230037689,874.320703125,1120.7008056640625,18.503166808471594,318.665877204595,10,Tree cover,0
NEG_4434,2012-06-25 18:00:00,Control Sample,Pseudo-negative nearby control,Assam,none,none,none,control,0,0,92.04845595187294,26.20968413139126,796.844482421875,2274.2720246315002,4541.343569755554,25.667504882812523,0.4781665802001953,0.4861488342285156,985.270703125,52.392887115478516,0.09386649668694678,2.9676960200442295,40,Cropland,0
NEG_4446,2012-07-05 00:00:00,Control Sample,Pseudo-negative nearby control,Arunachal Pradesh,none,none,none,control,0,0,95.21439281095721,28.76827363477879,990.1695251464844,1704.6502530574799,2742.9517060518265,13.801293945312523,0.4285316467285156,0.428802490234375,731.515703125,2180.63720703125,25.15052719596126,84.09093666311861,10,Tree cover,0
NEG_4552,2012-09-14 00:00:00,Control Sample,Pseudo-negative nearby control,Sikkim,none,none,none,control,0,0,88.63303272433662,26.782106550285963,638.1919384002686,2623.2500672340393,3059.201844036579,24.671929931640648,0.41478094458580017,0.4193967282772064,986.6378125,140.70370483398438,0.2403198869048011,38.77542167315573,10,Tree cover,0
NEG_4556,2012-09-16 00:00:00,Control Sample,Pseudo-negative nearby control,Sikkim,none,none,none,control,0,0,88.24511992275988,27.589693454644596,446.9136893749237,1855.9355437755585,2419.283777475357,0.7170654296875227,0.43505921959877014,0.4314053952693939,556.5612890625,5174.4189453125,28.726165497183004,100.5395291520141,70,Snow and ice,0
NEG_4570,2012-09-19 00:00:00,Control Sample,Pseudo-negative nearby control,Arunachal Pradesh,none,none,none,control,0,0,94.99467333661401,27.81372772346612,885.4936361312866,1705.2710950374603,2749.460384249687,24.231500244140648,0.42808595299720764,0.43509674072265625,984.379765625,483.0848083496094,4.842840678469665,76.60710059868359,10,Tree cover,0
NEG_4610,2012-11-11 00:00:00,Control Sample,Pseudo-negative nearby control,Mizoram,none,none,none,control,0,0,92.86580831495392,23.921360892071316,2.0180775318294764,14.270950312493369,547.9647332977038,18.403833007812523,0.3651968538761139,0.37144723534584045,935.645625,389.17547607421875,15.070580759398295,213.96979997668637,10,Tree cover,0
NEG_4757,2013-02-18 00:00:00,Control Sample,Pseudo-negative nearby control,Arunachal Pradesh,none,none,none,control,0,0,94.98348627247543,27.98488622082108,170.84985971450806,365.9473638981581,377.5327035218652,12.643273925781273,0.3748435974121094,0.27866044640541077,912.600703125,544.5711669921875,2.8795754371698266,244.56531647412137,10,Tree cover,0
NEG_4845,2013-05-07 00:00:00,Control Sample,Pseudo-negative nearby control,Mizoram,none,none,none,control,0,0,92.4065478391608,23.987855475125894,635.8809471130371,976.6377061605453,1653.1191673129797,23.321160888671898,0.4237842559814453,0.4176025390625,976.1934375,137.50990295410156,0.5295464335292813,55.110145536666494,10,Tree cover,0
NEG_4848,2013-05-08 00:00:00,Control Sample,Pseudo-negative nearby control,Tripura,none,none,none,control,0,0,91.73051509038224,24.10422637562802,924.7670769691467,2482.6401472091675,4482.503622770309,23.182397460937523,0.42889150977134705,0.4293276369571686,998.5390625,103.88967895507812,2.0993733170949107,261.76263978177315,10,Tree cover,0
NEG_4860,2013-05-11 00:00:00,Control Sample,Pseudo-negative nearby control,Assam,none,none,none,control,0,0,92.10737816165657,25.89802659339719,93.82963180541992,602.9359698295593,1048.0511151254177,21.583856201171898,0.4459311068058014,0.4787940979003906,912.5925,820.631591796875,4.58097323155033,302.3640310846694,30,Grassland,0
NEG_4859,2013-05-11 00:00:00,Control Sample,Pseudo-negative nearby control,Assam,none,none,none,control,0,0,92.11061510360145,26.26478495903706,105.67468404769897,479.0106415748596,1045.3307535499334,24.939569091796898,0.488787978887558,0.4989407956600189,998.027109375,53.59874725341797,0.10659216902869166,53.58664467482669,40,Cropland,0
NEG_4858,2013-05-11 09:00:00,Control Sample,Pseudo-negative nearby control,Assam,none,none,none,control,0,0,91.98308121563663,26.37859342594302,99.13433343172073,344.47408467531204,813.3657909929752,25.172570800781273,0.46996116638183594,0.4935455322265625,1001.692890625,54.01096725463867,0.13257908441097116,315.93087347601,40,Cropland,0
NEG_4857,2013-05-11 09:00:00,Control Sample,Pseudo-negative nearby control,Mizoram,none,none,none,control,0,0,93.14365357816473,23.551961257902203,47.255463898181915,378.1958594918251,1046.953670680523,22.354608154296898,0.3915386199951172,0.3821887969970703,903.02125,906.051025390625,6.064467243799026,296.74563392417497,10,Tree cover,0
NEG_4861,2013-05-12 00:00:00,Control Sample,Pseudo-negative nearby control,Assam,none,none,none,control,0,0,93.37876638805933,25.306311205264766,116.49483442306519,1650.0366926193237,4026.1212661862373,20.951226806640648,0.48767852783203125,0.4780953824520111,889.893984375,1142.95556640625,20.483649920272715,17.774411423858282,10,Tree cover,0
NEG_4892,2013-06-01 00:00:00,Control Sample,Pseudo-negative nearby control,Arunachal Pradesh,none,none,none,control,0,0,94.46870618694814,27.79016766506114,137.37764954566956,524.4964957237244,1015.4933519661427,21.909295654296898,0.4220479428768158,0.4247353971004486,910.448984375,560.363525390625,4.995279876861283,145.04960230713198,10,Tree cover,0
NEG_4906,2013-06-07 00:00:00,Control Sample,Pseudo-negative nearby control,Nagaland,none,none,none,control,0,0,95.06015066870492,25.95596653699559,303.90191078186035,868.47323179245,1351.8612943589687,18.111505126953148,0.4812558591365814,0.4655323028564453,803.90375,2760.83984375,16.264649780492423,307.17283140511273,10,Tree cover,0
NEG_4905,2013-06-07 00:00:00,Control Sample,Pseudo-negative nearby control,Nagaland,none,none,none,control,0,0,94.9912118353999,25.820871252932932,251.34432315826416,744.0307438373566,1137.7919614315033,17.189141845703148,0.4499785006046295,0.4601777493953705,788.488359375,2188.890380859375,17.428387723932055,335.90277404116,10,Tree cover,0
NEG_4908,2013-06-08 17:00:00,Control Sample,Pseudo-negative nearby control,Sikkim,none,none,none,control,0,0,88.45276350410586,27.60100123566678,278.982937335968,938.6036396026611,1765.6390592455864,13.094506835937523,0.4282010495662689,0.4286867678165436,738.716328125,2085.506103515625,30.54949608401963,305.30413312745986,60,Bare / sparse vegetation,0
NEG_4990,2013-06-27 23:00:00,Control Sample,Pseudo-negative nearby control,Sikkim,none,none,none,control,0,0,88.70556180547459,26.986940657580238,995.1510429382324,2324.5662450790405,3289.646252989769,21.070977783203148,0.39352288842201233,0.3862781524658203,874.761015625,580.3963623046875,4.846948953467021,233.15132954391842,10,Tree cover,0
NEG_5005,2013-07-01 00:00:00,Control Sample,Pseudo-negative nearby control,Nagaland,none,none,none,control,0,0,95.24774198220328,26.46610577637786,344.36050057411194,1310.5303347110748,2633.0436170101166,20.228662109375023,0.4609902799129486,0.4579842984676361,849.290078125,2027.3865966796875,1.0716452752000991,222.88363575461563,10,Tree cover,0
NEG_5006,2013-07-01 00:00:00,Control Sample,Pseudo-negative nearby control,Nagaland,none,none,none,control,0,0,94.05473409589385,26.0630072335605,151.25077962875366,610.4312241077423,1469.665288925171,25.313287353515648,0.5000088810920715,0.5015595555305481,937.366015625,403.0518798828125,7.288164148145737,319.24606210162443,10,Tree cover,0
NEG_5087,2013-07-12 00:00:00,Control Sample,Pseudo-negative nearby control,Nagaland,none,none,none,control,0,0,93.6602410745148,25.482865743925384,158.46288204193115,336.2440001219511,781.7415129393339,22.341058349609398,0.5069987177848816,0.506820023059845,904.8615625,1636.206298828125,16.750533634007855,49.425560654832964,10,Tree cover,0
NEG_5084,2013-07-12 23:00:00,Control Sample,Pseudo-negative nearby control,Nagaland,none,none,none,control,0,0,93.89140873429626,25.94635413502503,159.20265018939972,226.07916966080666,471.13098949193954,25.238366699218773,0.5055249333381653,0.4975433349609375,965.9228125,151.81878662109375,0.00606562019435906,349.719228599528,40,Cropland,0
NEG_5107,2013-07-15 00:00:00,Control Sample,Pseudo-negative nearby control,Nagaland,none,none,none,control,0,0,93.64009278561977,25.57957671495043,168.95464062690735,365.1299253106117,585.6098309159279,25.835870361328148,0.4932975769042969,0.49702706933021545,940.385703125,486.91015625,5.3642547243633345,298.34040054077184,10,Tree cover,0
NEG_5122,2013-07-17 00:00:00,Control Sample,Pseudo-negative nearby control,Nagaland,none,none,none,control,0,0,93.58867085720804,25.817189389722056,33.432070165872574,646.7634178698063,913.2355861365795,27.308160400390648,0.426605224609375,0.4497038424015045,966.895390625,195.8861083984375,0.5308893189188129,151.48853648339764,10,Tree cover,0
NEG_5123,2013-07-17 00:00:00,Control Sample,Pseudo-negative nearby control,Nagaland,none,none,none,control,0,0,93.91895126494671,26.08535525529421,28.29151228070259,468.54061260819435,797.826886177063,27.388970947265648,0.4653167724609375,0.47274842858314514,979.7075,125.478759765625,0.12622365180529038,0.4451609206063267,40,Cropland,0
NEG_5250,2013-08-01 00:00:00,Control Sample,Pseudo-negative nearby control,Arunachal Pradesh,none,none,none,control,0,0,93.35569323184596,28.127688556156773,89.84102308750153,421.87805473804474,1055.0403520464897,19.722528076171898,0.4156627655029297,0.41561317443847656,822.809453125,1197.9373779296875,22.852396749079844,314.50726557950713,10,Tree cover,0
NEG_5269,2013-08-04 00:00:00,Control Sample,Pseudo-negative nearby control,Nagaland,none,none,none,control,0,0,94.89119523144211,25.700530566473333,214.970201253891,459.91792902350426,968.0316038429737,21.509698486328148,0.4150663912296295,0.4132417142391205,850.931171875,1684.321044921875,24.51227918184011,320.77811331533604,10,Tree cover,0
NEG_5275,2013-08-04 00:00:00,Control Sample,Pseudo-negative nearby control,Nagaland,none,none,none,control,0,0,95.02905689917569,25.968314203548726,242.52083897590637,726.0162830352783,1672.4503636360168,21.379479980468773,0.4209016263484955,0.42189598083496094,848.7490625,2046.8173828125,21.031946062999303,266.21905521401186,10,Tree cover,0
NEG_5272,2013-08-04 00:00:00,Control Sample,Pseudo-negative nearby control,Nagaland,none,none,none,control,0,0,94.04998410714771,26.22429388537811,50.12458190321922,207.64782279729843,763.5868079960346,28.025628662109398,0.4790738523006439,0.4759286344051361,968.327734375,245.89492797851562,4.938758805673336,254.60869708760697,10,Tree cover,0
NEG_5271,2013-08-04 00:00:00,Control Sample,Pseudo-negative nearby control,Nagaland,none,none,none,control,0,0,94.36518462030885,26.634031393386913,75.88085532188416,253.85962426662445,795.3089289367199,28.335137939453148,0.479095458984375,0.472027450799942,971.695234375,118.93706512451172,0.3511692184572998,70.14388547035111,10,Tree cover,0
NEG_5268,2013-08-04 00:00:00,Control Sample,Pseudo-negative nearby control,Nagaland,none,none,none,control,0,0,94.03827019770932,26.01214867413966,64.25006687641144,204.15784418582916,968.5800112783909,26.546319580078148,0.4780209958553314,0.4704202115535736,951.594375,408.9520568847656,14.73434467149882,311.8934210732897,10,Tree cover,0
NEG_5270,2013-08-04 00:00:00,Control Sample,Pseudo-negative nearby control,Nagaland,none,none,none,control,0,0,93.99716397104457,26.210070321498005,50.12458190321922,207.64782279729843,763.5868079960346,28.025628662109398,0.4790738523006439,0.4759286344051361,968.327734375,110.09481048583984,0.01652472526786062,258.8416524127577,40,Cropland,0
NEG_5274,2013-08-04 00:00:00,Control Sample,Pseudo-negative nearby control,Nagaland,none,none,none,control,0,0,95.01385184187433,26.012371764094908,242.52083897590637,726.0162830352783,1672.4503636360168,21.379479980468773,0.4209016263484955,0.42189598083496094,848.7490625,1312.6920166015625,13.526267644961868,281.65329474585155,10,Tree cover,0
NEG_5273,2013-08-04 00:00:00,Control Sample,Pseudo-negative nearby control,Nagaland,none,none,none,control,0,0,94.4533029934198,26.533814722884838,95.72190046310425,315.92437252402306,961.7717452347279,26.627191162109398,0.48811784386634827,0.47134971618652344,942.376484375,290.0682373046875,2.1391907241617267,185.83814039366078,10,Tree cover,0
NEG_5300,2013-08-09 00:00:00,Control Sample,Pseudo-negative nearby control,Nagaland,none,none,none,control,0,0,93.67592239375129,25.587584417689865,64.32279199361801,387.2706815600395,1168.0447906255722,23.792260742187523,0.4946053922176361,0.4940662384033203,933.797265625,638.3294067382812,6.016384589483577,338.7329744278397,10,Tree cover,0
NEG_5312,2013-08-11 23:00:00,Control Sample,Pseudo-negative nearby control,Assam,none,none,none,control,0,0,94.50212045389316,26.5933894841361,214.41198885440826,507.828488945961,1668.2671457529068,25.116265869140648,0.4700349271297455,0.47011056542396545,963.7025,294.78082275390625,12.563095301319082,138.40497255506943,10,Tree cover,0
NEG_5427,2013-08-15 00:00:00,Control Sample,Pseudo-negative nearby control,Nagaland,none,none,none,control,0,0,93.76693138722477,25.345647749343726,255.16849756240845,664.0631705522537,2003.8254112005234,20.864282226562523,0.42138734459877014,0.42378297448158264,871.403828125,1559.1212158203125,3.6262598728016187,25.943690073844095,10,Tree cover,0
NEG_5337,2013-08-16 00:00:00,Control Sample,Pseudo-negative nearby control,Nagaland,none,none,none,control,0,0,95.3295082066741,26.53558108365064,223.9653766155243,374.41496551036835,723.188228905201,21.048364257812523,0.4847850799560547,0.49391111731529236,871.655078125,1275.619873046875,16.00005306973714,105.23845962866153,10,Tree cover,0
NEG_5338,2013-08-16 00:00:00,Control Sample,Pseudo-negative nearby control,Assam,none,none,none,control,0,0,94.57395130170356,27.050461497045603,98.59378635883331,339.6211266517639,1095.2295064926147,27.692987060546898,0.4895648956298828,0.49639320373535156,992.215390625,87.9281005859375,0.015156469781236885,280.26865060510033,40,Cropland,0
NEG_5336,2013-08-16 00:00:00,Control Sample,Pseudo-negative nearby control,Nagaland,none,none,none,control,0,0,95.20541168466434,26.339962364959618,256.6280961036682,396.5950533747673,1171.2452247738838,19.540155029296898,0.468853622674942,0.4924977719783783,840.451328125,812.3107299804688,17.24056220172512,300.0914895147717,10,Tree cover,0
NEG_5343,2013-08-17 23:00:00,Control Sample,Pseudo-negative nearby control,Assam,none,none,none,control,0,0,93.06695433276582,24.479865424973113,256.0783922672272,575.8169367909431,1233.6181178689003,25.056634521484398,0.425402969121933,0.42584672570228577,971.18625,114.93406677246094,4.3715114386143705,278.72904644072935,10,Tree cover,0
NEG_5421,2013-08-30 00:00:00,Control Sample,Pseudo-negative nearby control,Nagaland,none,none,none,control,0,0,95.25706519484287,26.691386205775622,187.9296451807022,711.0301405191422,1044.6591600775719,21.726251220703148,0.4375133514404297,0.4452584683895111,880.865390625,1279.943115234375,19.30153982290296,0.2349553890553011,10,Tree cover,0
NEG_5430,2013-09-01 00:00:00,Control Sample,Pseudo-negative nearby control,Manipur,none,none,none,control,0,0,93.1213369263852,24.62501697187738,105.76287657022476,332.54556357860565,1718.1886285543442,25.887353515625023,0.4185854494571686,0.41766610741615295,972.768125,28.88566017150879,1.7782465052924294,295.68188189801594,10,Tree cover,0
NEG_5431,2013-09-01 00:00:00,Control Sample,Pseudo-negative nearby control,Assam,none,none,none,control,0,0,93.2945459939828,24.604080180592213,125.36947429180145,336.18298918008804,2099.4088277220726,24.840631103515648,0.4193611145019531,0.4187215268611908,957.743984375,676.0496215820312,19.052082621407852,142.34585591113841,10,Tree cover,0
NEG_5429,2013-09-01 18:00:00,Control Sample,Pseudo-negative nearby control,Sikkim,none,none,none,control,0,0,88.11001546647785,27.639472617296384,159.23507511615753,299.8451367020607,911.1601039767265,2.2625061035156477,0.4364522397518158,0.43622907996177673,547.7473046875,6661.216796875,41.428632892333184,295.2439414958418,70,Snow and ice,0
NEG_5441,2013-09-02 00:00:00,Control Sample,Pseudo-negative nearby control,Arunachal Pradesh,none,none,none,control,0,0,94.52656543477327,28.68986807295099,1132.6026916503906,2149.14333820343,3561.2863153219223,13.098046875000023,0.4291095733642578,0.4290402829647064,721.480078125,3432.783203125,43.92071612197667,191.35440758679002,30,Grassland,0
NEG_5442,2013-09-02 00:00:00,Control Sample,Pseudo-negative nearby control,Arunachal Pradesh,none,none,none,control,0,0,93.64246070269996,26.781362947688294,249.96255338191986,641.9195383787155,1175.9644001722336,26.684564208984398,0.487560898065567,0.49719366431236267,995.49125,76.70791625976562,0.31533413202994687,25.69350939680953,10,Tree cover,0
NEG_5476,2013-09-07 15:00:00,Control Sample,Pseudo-negative nearby control,Sikkim,none,none,none,control,0,0,88.78310698348378,26.974889698830125,31.660355627536774,192.44813919067383,1566.1877393722534,22.031976318359398,0.3465404510498047,0.3539225161075592,910.5134375,488.7483215332031,4.575409218490231,156.14521615987167,10,Tree cover,0
NEG_5552,2013-09-24 00:00:00,Control Sample,Pseudo-negative nearby control,Manipur,none,none,none,control,0,0,94.65421863642348,25.201383917541328,126.05452537536621,260.44877618551254,653.6672487854958,19.499780273437523,0.42912864685058594,0.43746820092201233,829.234609375,2146.7294921875,11.833460588688919,160.16197999131737,10,Tree cover,0
NEG_5575,2013-10-05 23:00:00,Control Sample,Pseudo-negative nearby control,Nagaland,none,none,none,control,0,0,93.90192437492063,26.119638914523073,344.7132110595703,441.4006248116493,464.6295156562701,23.903314208984398,0.47373899817466736,0.4918142855167389,986.780625,121.46125030517578,0.1627154104667288,332.7733818027747,40,Cropland,0
NEG_5584,2013-10-06 00:00:00,Control Sample,Pseudo-negative nearby control,Assam,none,none,none,control,0,0,92.03010136565028,26.40813506872736,286.8504226207733,664.9484038352966,753.8178950489964,23.927270507812523,0.49600091576576233,0.49773916602134705,1006.923359375,53.03799819946289,0.06382822348748297,133.44275505123807,40,Cropland,0
NEG_5582,2013-10-06 12:45:00,Control Sample,Pseudo-negative nearby control,Assam,none,none,none,control,0,0,91.97979379715738,25.745650105434787,680.4466247558594,2592.9538011550903,2961.9073271751404,19.542596435546898,0.47906365990638733,0.4925403594970703,906.79625,1161.2720947265625,1.395785786782875,41.810388902669615,40,Cropland,0
NEG_5603,2013-10-13 19:30:00,Control Sample,Pseudo-negative nearby control,Manipur,none,none,none,control,0,0,94.7459683132987,25.567267037663907,4.4158026576042175,7.084833085173159,345.697853486854,19.093896484375023,0.4086507260799408,0.4220822751522064,850.783515625,2040.55029296875,22.895456551283658,141.1771522220413,10,Tree cover,0
NEG_6016,2014-05-09 23:00:00,Control Sample,Pseudo-negative nearby control,Assam,none,none,none,control,0,0,92.05979353609995,25.09152193388409,1348.4818935394287,3178.2320737838745,3749.770410358906,23.443475341796898,0.4883747100830078,0.4928995668888092,989.226640625,11.453885078430176,0.18699067704116007,339.2201337216541,10,Tree cover,0
NEG_6106,2014-06-26 23:00:00,Control Sample,Pseudo-negative nearby control,Assam,none,none,none,control,0,0,92.09089448940728,26.10407821239307,333.372563123703,558.8816255331039,2821.6547816991806,27.098046875000023,0.47777238488197327,0.48915228247642517,979.413125,71.17517852783203,3.8094336886180784,356.90520795827166,10,Tree cover,0
NEG_6107,2014-06-26 23:00:00,Control Sample,Pseudo-negative nearby control,Assam,none,none,none,control,0,0,91.66162057729649,25.763920244486556,276.60006284713745,702.1830976009369,4106.515854597092,24.669488525390648,0.47964414954185486,0.48579660058021545,923.007265625,802.5889892578125,0.5387771686560656,339.2579720161441,10,Tree cover,0
NEG_6105,2014-06-26 23:00:00,Control Sample,Pseudo-negative nearby control,Arunachal Pradesh,none,none,none,control,0,0,95.28349727263307,28.613275881042743,281.6201448440552,895.7354724407196,2968.3570861816406,17.129052734375023,0.4242534637451172,0.42519059777259827,773.646484375,1686.919189453125,15.18546814654502,315.69628860413474,10,Tree cover,0
NEG_6110,2014-06-27 00:00:00,Control Sample,Pseudo-negative nearby control,Assam,none,none,none,control,0,0,91.68668598816535,25.806111428659882,271.58117294311523,868.805468082428,3376.87024474144,24.088800048828148,0.4769134521484375,0.4904836118221283,924.42,603.7477416992188,1.9471922395962384,312.877545221769,10,Tree cover,0
NEG_6112,2014-06-28 09:00:00,Control Sample,Pseudo-negative nearby control,Assam,none,none,none,control,0,0,91.92869795272325,26.462578918419972,25.692470371723175,259.63564217090607,2705.7751081883907,27.594049072265648,0.48952165246009827,0.4843425750732422,995.431875,56.867862701416016,0.2419719314355966,6.657279604688654,10,Tree cover,0
NEG_6143,2014-07-14 18:00:00,Control Sample,Pseudo-negative nearby control,Mizoram,none,none,none,control,0,0,93.19487120076889,23.631730232576853,193.1656002998352,586.8000686168671,999.2261864244938,22.343286132812523,0.42197418212890625,0.4217948913574219,884.2675,1020.711181640625,4.357048278078291,229.56165480791537,10,Tree cover,0
NEG_6513,2014-08-14 23:00:00,Control Sample,Pseudo-negative nearby control,Tripura,none,none,none,control,0,0,92.0197698073832,23.35285895539982,94.04284507036209,292.67585277557373,711.6685286164284,24.659478759765648,0.42358335852622986,0.4221687316894531,990.468203125,69.4129638671875,2.122275086406719,90.32630601526273,10,Tree cover,0
NEG_6200,2014-08-17 00:00:00,Control Sample,Pseudo-negative nearby control,Arunachal Pradesh,none,none,none,control,0,0,93.33812717365572,27.003746460298625,175.44803023338318,1511.6288363933563,6114.450067281723,24.529870605468773,0.4542032778263092,0.44202741980552673,947.686015625,682.9957885742188,8.083382707531209,0.6177342883464689,10,Tree cover,0
NEG_6331,2014-09-08 00:00:00,Control Sample,Pseudo-negative nearby control,Nagaland,none,none,none,control,0,0,95.00871412120154,25.85519196661342,249.4795173406601,574.6970772743225,1037.1505171060562,18.621942138671898,0.42483392357826233,0.42549896240234375,822.5328125,2210.96923828125,13.221216456810073,197.68793911257492,10,Tree cover,0
NEG_6291,2014-09-21 00:00:00,Control Sample,Pseudo-negative nearby control,Meghalaya,none,none,none,control,0,0,90.22732247294748,25.871999735577706,273.59500527381897,803.2511472702026,1157.7118784189224,25.178948974609398,0.4258187711238861,0.4293142855167389,994.627109375,74.72945404052734,1.280106561527378,266.75235164070295,10,Tree cover,0
NEG_6285,2014-09-22 00:00:00,Control Sample,Pseudo-negative nearby control,Assam,none,none,none,control,0,0,92.02582077818418,25.85775514015625,438.5424852371216,1530.8051109313965,2094.3371281027794,21.925836181640648,0.4806385040283203,0.49374261498451233,915.7834375,717.0191650390625,0.7966350487814324,38.7590452072169,10,Tree cover,0
NEG_6284,2014-09-22 00:00:00,Control Sample,Pseudo-negative nearby control,Assam,none,none,none,control,0,0,91.66873839521996,25.908890332980274,513.4927034378052,1505.872368812561,1958.9113593101501,22.677789306640648,0.48425164818763733,0.502547562122345,938.653828125,328.98406982421875,5.576640927609206,121.90706509757575,10,Tree cover,0
NEG_6288,2014-09-22 00:00:00,Control Sample,Pseudo-negative nearby control,Assam,none,none,none,control,0,0,91.4556853185492,26.39967946766773,780.4858684539795,1510.5692744255066,1845.5126099288464,24.529107666015648,0.49194779992103577,0.49036598205566406,999.973046875,50.223846435546875,0.27196178340764127,66.54041224397594,10,Tree cover,0
NEG_6283,2014-09-22 00:00:00,Control Sample,Pseudo-negative nearby control,Assam,none,none,none,control,0,0,92.0703934308813,26.03123456705896,503.3944249153137,1881.2133073806763,2443.2204887270927,23.082910156250023,0.46973228454589844,0.49785295128822327,950.6984375,435.5339050292969,11.080003378907902,358.0008125815666,10,Tree cover,0
NEG_6287,2014-09-22 00:00:00,Control Sample,Pseudo-negative nearby control,Assam,none,none,none,control,0,0,92.11043695459432,26.04766493168913,503.3944249153137,1881.2133073806763,2443.2204887270927,23.082910156250023,0.46973228454589844,0.49785295128822327,950.6984375,313.1668701171875,6.351012854344015,94.57967480660733,30,Grassland,0
NEG_6282,2014-09-22 00:00:00,Control Sample,Pseudo-negative nearby control,Assam,none,none,none,control,0,0,92.08445107515344,26.279911044565488,683.7783455848694,1828.620195388794,2407.7639654278755,24.429833984375023,0.4822044372558594,0.502752959728241,998.993046875,53.385581970214844,0.09932576341843032,178.22041565618974,40,Cropland,0
NEG_6286,2014-09-22 00:00:00,Control Sample,Pseudo-negative nearby control,Assam,none,none,none,control,0,0,91.70938118359312,25.814880592217087,543.2102680206299,1375.4627853631973,1926.8818497657776,22.282220458984398,0.4812723696231842,0.4952786862850189,924.3184375,778.8792114257812,0.9074416656229525,57.50963431499616,10,Tree cover,0
NEG_6289,2014-09-22 00:00:00,Control Sample,Pseudo-negative nearby control,Assam,none,none,none,control,0,0,91.48014448493716,26.37766497215184,780.4858684539795,1510.5692744255066,1845.5126099288464,24.529107666015648,0.49194779992103577,0.49036598205566406,999.973046875,55.38507843017578,0.2572959622495128,88.99206532133218,10,Tree cover,0
NEG_6292,2014-09-23 00:00:00,Control Sample,Pseudo-negative nearby control,Assam,none,none,none,control,0,0,89.5945862316191,25.611993047518318,65.7181441783905,834.1096341609955,1479.709230363369,25.204125976562523,0.4063619077205658,0.4035301208496094,1001.270390625,24.452808380126953,0.16673015772201163,232.29454932696922,40,Cropland,0
NEG_6290,2014-09-23 03:00:00,Control Sample,Pseudo-negative nearby control,Meghalaya,none,none,none,control,0,0,91.62070207228471,25.883187726389014,365.37182331085205,1148.389309644699,2157.693326473236,22.359735107421898,0.46587562561035156,0.4878877103328705,950.409609375,357.6729736328125,1.9174649251993114,274.5560089256197,10,Tree cover,0
NEG_6213,2014-09-24 00:00:00,Control Sample,Pseudo-negative nearby control,Meghalaya,none,none,none,control,0,0,90.7458811570948,25.599593375495964,67.68981367349625,1030.1066264510155,1832.296945154667,23.847283935546898,0.45891061425209045,0.46216264367103577,972.822421875,363.6160583496094,1.6479945674100906,358.20871180478133,10,Tree cover,0
NEG_6222,2014-10-01 11:00:00,Control Sample,Pseudo-negative nearby control,Arunachal Pradesh,none,none,none,control,0,0,93.9230371609783,26.740707238282386,1.9412182737141848,8.358366321772337,729.1971319355071,27.163629150390648,0.43416404724121094,0.45111528038978577,998.521796875,80.14016723632812,0.013913994880464063,274.8322557944036,30,Grassland,0
NEG_6214,2014-10-05 17:45:00,Control Sample,Pseudo-negative nearby control,Meghalaya,none,none,none,control,0,0,91.66188316799219,25.664162172181413,5.485380068421364,104.39588595181704,647.9479679837823,20.996942138671898,0.4553559720516205,0.4716879427433014,902.197734375,1405.495849609375,1.1011970712515222,296.82593652464993,10,Tree cover,0
NEG_6293,2014-10-20 00:00:00,Control Sample,Pseudo-negative nearby control,Meghalaya,none,none,none,control,0,0,90.12953960641784,25.753337708073808,3.6350549198687077,31.936403829604387,211.32609240885358,24.667169189453148,0.33668074011802673,0.3485971987247467,1000.567578125,157.417724609375,2.0534826153507617,357.8527991414295,10,Tree cover,0
NEG_6775,2015-02-14 00:00:00,Control Sample,Pseudo-negative nearby control,Assam,none,none,none,control,0,0,91.38317093625616,26.51191972944278,1.050272025167942,11.012214003130794,11.682413685775828,18.519647216796898,0.16455332934856415,0.1709035187959671,1004.208515625,56.70840072631836,0.023568743920319775,121.21769057607924,10,Tree cover,0
NEG_6786,2015-02-19 23:00:00,Control Sample,Pseudo-negative nearby control,Assam,none,none,none,control,0,0,92.89221134212522,24.330190790537845,13.05229589343071,13.17593874045997,30.44295085783233,17.943963623046898,0.14390437304973602,0.1653168946504593,978.355,276.9703369140625,4.066520789737403,317.3607774625224,10,Tree cover,0
NEG_7591,2015-03-19 00:00:00,Control Sample,Pseudo-negative nearby control,Assam,none,none,none,control,0,0,91.99135389018028,25.1802168963371,0.03413259764784016,2.363713432714576,17.309781120275147,21.723291015625023,0.2763042449951172,0.28683343529701233,979.097734375,101.04801177978516,7.393001172894825,153.91537744234972,10,Tree cover,0
NEG_7031,2015-05-24 00:00:00,Control Sample,Pseudo-negative nearby control,Sikkim,none,none,none,control,0,0,88.38485970466418,27.704784649665466,190.39276242256165,787.677139043808,1388.1607204675674,2.8507629394531477,0.43194642663002014,0.4338900148868561,621.3429296875,4922.07861328125,19.254416874694446,227.42561898757648,70,Snow and ice,0
NEG_6971,2015-06-09 00:00:00,Control Sample,Pseudo-negative nearby control,Arunachal Pradesh,none,none,none,control,0,0,94.04487588994529,26.70596766975092,532.819390296936,1088.4882509708405,1501.2521855533123,25.494470214843773,0.46655717492103577,0.4946981966495514,989.503125,80.6056137084961,0.24955484753677282,276.243518475333,40,Cropland,0
NEG_6968,2015-06-13 00:00:00,Control Sample,Pseudo-negative nearby control,Meghalaya,none,none,none,control,0,0,92.57181899488775,25.733168206255137,523.8155126571655,5000.147700309753,5776.400271803141,23.804956054687523,0.47119203209877014,0.496551513671875,929.128828125,781.28369140625,8.61314178527265,336.58821067141014,10,Tree cover,0
NEG_6970,2015-06-16 00:00:00,Control Sample,Pseudo-negative nearby control,Meghalaya,none,none,none,control,0,0,90.26069311124513,25.275062309764365,380.95179200172424,757.4626356363297,3502.3959428071976,25.193505859375023,0.47952333092689514,0.4938271939754486,994.369609375,104.81547546386719,6.427859630662424,62.81819125154891,10,Tree cover,0
NEG_6969,2015-06-16 06:15:00,Control Sample,Pseudo-negative nearby control,Meghalaya,none,none,none,control,0,0,90.17647338400876,25.924586213605746,314.93741273880005,748.5965192317963,5314.812570810318,26.346826171875023,0.4224586486816406,0.4269142150878906,991.79,46.44427490234375,0.18685129092462244,336.8525638152536,10,Tree cover,0
NEG_6945,2015-06-19 00:00:00,Control Sample,Pseudo-negative nearby control,Manipur,none,none,none,control,0,0,93.63171132162205,25.351856684016976,83.73211324214935,400.07059276103973,874.9634250998497,23.176812744140648,0.4670391082763672,0.4765714108943939,896.18125,873.418212890625,17.99426176159179,47.87194791154485,10,Tree cover,0
NEG_6963,2015-06-19 00:00:00,Control Sample,Pseudo-negative nearby control,Mizoram,none,none,none,control,0,0,92.95777667014242,24.039767335508945,111.7003783583641,270.01144737005234,1049.0812808275223,24.864312744140648,0.40798506140708923,0.4011751711368561,931.727890625,433.6161193847656,12.235147334600358,62.61850770116769,10,Tree cover,0
NEG_7138,2015-07-07 00:00:00,Control Sample,Pseudo-negative nearby control,Sikkim,none,none,none,control,0,0,88.86278856585477,26.847057002435488,221.50804102420807,1402.8184562921524,3525.053024291992,27.941186523437523,0.41814231872558594,0.4225679934024811,990.8146875,145.1074981689453,0.7267456872114434,143.45215682060967,10,Tree cover,0
NEG_7214,2015-07-15 08:00:00,Control Sample,Pseudo-negative nearby control,Arunachal Pradesh,none,none,none,control,0,0,93.01598531287215,27.70039358345846,589.6618962287903,3007.000744342804,4227.701425552368,19.470849609375023,0.4245363771915436,0.4252897799015045,822.4703125,962.7032470703125,23.837856891081408,83.85259368064362,10,Tree cover,0
NEG_7265,2015-07-22 00:00:00,Control Sample,Pseudo-negative nearby control,Manipur,none,none,none,control,0,0,93.7017718175089,25.378670049630784,317.1093463897705,1175.3592491149902,2472.4332988262177,21.377740478515648,0.42884382605552673,0.43032392859458923,898.7046875,983.3055419921875,9.910241086284632,293.84968348708094,10,Tree cover,0
NEG_7253,2015-07-22 00:00:00,Control Sample,Pseudo-negative nearby control,Assam,none,none,none,control,0,0,92.57771837557607,24.840135748499684,219.61334347724915,1114.4993603229523,4084.5775306224823,26.076654052734398,0.48046112060546875,0.4972330629825592,996.3184375,108.97565460205078,3.0701583273523996,118.23267552518439,10,Tree cover,0
NEG_7267,2015-07-22 00:00:00,Control Sample,Pseudo-negative nearby control,Manipur,none,none,none,control,0,0,93.65194141530375,25.485447166692968,282.9337418079376,1398.5874354839325,2587.6583009958267,22.123040771484398,0.5031401515007019,0.499163955450058,905.891328125,1615.039794921875,11.649917793414206,250.02506620253143,10,Tree cover,0
NEG_7264,2015-07-22 00:00:00,Control Sample,Pseudo-negative nearby control,Manipur,none,none,none,control,0,0,93.60200144145513,25.49529361782523,286.78637742996216,1498.5759854316711,2740.6901121139526,22.401513671875023,0.4846458435058594,0.49542236328125,911.433046875,1099.099853515625,20.527863225257548,276.5703951449251,10,Tree cover,0
NEG_7263,2015-07-22 00:00:00,Control Sample,Pseudo-negative nearby control,Manipur,none,none,none,control,0,0,93.57336250082774,25.37757085805462,342.87577867507935,1287.205070257187,2663.3856147527695,21.517877197265648,0.46594110131263733,0.4886665344238281,898.521796875,1215.07373046875,17.53762535403062,121.01692241051637,30,Grassland,0
NEG_7266,2015-07-22 00:00:00,Control Sample,Pseudo-negative nearby control,Manipur,none,none,none,control,0,0,93.56638699090217,25.66275873376433,254.5214295387268,2022.2994089126587,2851.6218289732933,25.324273681640648,0.49735578894615173,0.49742570519447327,972.8271875,251.9993896484375,1.9065975812700227,16.34002263656089,10,Tree cover,0
NEG_7279,2015-07-24 00:00:00,Control Sample,Pseudo-negative nearby control,Manipur,none,none,none,control,0,0,93.42227945974156,25.336858785268277,263.30047845840454,865.2274012565613,2872.2419887781143,20.702020263671898,0.5018138885498047,0.5005804896354675,889.6240625,1241.212890625,15.552073380321037,252.7275735507088,10,Tree cover,0
NEG_7276,2015-07-25 09:00:00,Control Sample,Pseudo-negative nearby control,Assam,none,none,none,control,0,0,91.93082964192297,26.50485028781992,14.474747702479362,482.19032399356365,2845.872713252902,28.452020263671898,0.47265371680259705,0.4778696596622467,994.87,61.548423767089844,0.07304321589321668,292.6684096124376,40,Cropland,0
NEG_7364,2015-07-31 09:00:00,Control Sample,Pseudo-negative nearby control,Manipur,none,none,none,control,0,0,94.18883098695149,24.696677299361458,887.4966502189636,2293.6935424804688,3769.647091627121,18.995965576171898,0.4522590637207031,0.46092477440834045,886.155,1511.1954345703125,7.123135944374854,4.227643367928238,30,Grassland,0
NEG_7372,2015-07-31 23:00:00,Control Sample,Pseudo-negative nearby control,Manipur,none,none,none,control,0,0,94.69760880431734,25.24403619528074,1270.887851715088,2876.106023788452,3884.290114045143,17.033410644531273,0.4505653381347656,0.45635032653808594,827.370546875,1921.4892578125,20.302188387035518,262.73604060600314,10,Tree cover,0
NEG_7387,2015-08-01 00:00:00,Control Sample,Pseudo-negative nearby control,Manipur,none,none,none,control,0,0,94.2307220056119,24.642986863578297,143.11224222183228,2297.4730134010315,4481.4664870500565,20.433953857421898,0.45410919189453125,0.4533500671386719,891.420625,1448.0335693359375,13.788512535597897,157.10630009690567,10,Tree cover,0
NEG_7388,2015-08-01 00:00:00,Control Sample,Pseudo-negative nearby control,Manipur,none,none,none,control,0,0,93.80606000478492,24.384994258836116,167.77455806732178,2605.9885025024414,3668.074071407318,21.812188720703148,0.4172261655330658,0.4236482083797455,913.535234375,870.3519287109375,7.977629109818459,110.25411997898937,40,Cropland,0
NEG_7383,2015-08-01 00:00:00,Control Sample,Pseudo-negative nearby control,Manipur,none,none,none,control,0,0,93.797794222949,23.681537796566374,272.83793687820435,4016.3314938545227,6425.298392772675,19.264916992187523,0.4250405728816986,0.42583975195884705,852.013984375,1514.5438232421875,20.503566255669487,292.94530084461906,10,Tree cover,0
NEG_7910,2015-08-01 00:00:00,Control Sample,Pseudo-negative nearby control,Manipur,none,none,none,control,0,0,93.84869559461394,24.243198462115394,203.23529839515686,3251.171737909317,4594.709925353527,21.238946533203148,0.4765453338623047,0.4857858121395111,900.927265625,869.249755859375,9.392364418089214,217.03904281799274,30,Grassland,0
NEG_7370,2015-08-01 00:00:00,Control Sample,Pseudo-negative nearby control,Manipur,none,none,none,control,0,0,93.78531528526794,24.15390790668969,203.23529839515686,3251.171737909317,4594.709925353527,21.238946533203148,0.4765453338623047,0.4857858121395111,900.927265625,946.9945678710938,12.88942923362435,128.58366994834023,10,Tree cover,0
NEG_7384,2015-08-01 00:00:00,Control Sample,Pseudo-negative nearby control,Manipur,none,none,none,control,0,0,93.80399989645768,23.626358519195826,321.12711668014526,3892.7809596061707,6344.78086233139,19.384210205078148,0.42415937781333923,0.425280898809433,856.268515625,1861.4267578125,21.842654364169675,306.3467542189962,10,Tree cover,0
NEG_7375,2015-08-01 00:00:00,Control Sample,Pseudo-negative nearby control,Manipur,none,none,none,control,0,0,94.62517131080412,25.08993564453779,158.96233916282654,1962.6359641551971,3419.2808493971825,18.839227294921898,0.4200935363769531,0.4235013425350189,841.309765625,1255.64990234375,7.700841100576532,49.138957174776465,10,Tree cover,0
NEG_7373,2015-08-01 00:00:00,Control Sample,Pseudo-negative nearby control,Manipur,none,none,none,control,0,0,94.21968345966256,24.60780933409701,143.11224222183228,2297.4730134010315,4481.4664870500565,20.433953857421898,0.45410919189453125,0.4533500671386719,891.420625,1255.4444580078125,2.9027628447169778,337.6062299684125,10,Tree cover,0
NEG_7390,2015-08-01 00:00:00,Control Sample,Pseudo-negative nearby control,Manipur,none,none,none,control,0,0,93.87422308751431,24.315970294878845,187.3762309551239,3195.70991396904,4557.511121034622,21.213891601562523,0.46360206604003906,0.4745820462703705,903.435234375,767.23583984375,0.3104794794344241,226.0252648784286,40,Cropland,0
NEG_7369,2015-08-01 00:00:00,Control Sample,Pseudo-negative nearby control,Manipur,none,none,none,control,0,0,93.84147450909367,24.394574499410005,167.77455806732178,2605.9885025024414,3668.074071407318,21.812188720703148,0.4172261655330658,0.4236482083797455,913.535234375,767.4909057617188,0.29922006014913527,262.974474435293,40,Cropland,0
NEG_7385,2015-08-01 00:00:00,Control Sample,Pseudo-negative nearby control,Manipur,none,none,none,control,0,0,93.66536978435872,24.171957693299767,172.72675037384033,2649.251341819763,3837.338700890541,21.406182861328148,0.4853909909725189,0.4876925051212311,897.974765625,1024.5653076171875,10.264373282007087,291.3037632536552,10,Tree cover,0
NEG_7374,2015-08-01 00:00:00,Control Sample,Pseudo-negative nearby control,Manipur,none,none,none,control,0,0,94.65881667591194,25.142846603024264,227.5351583957672,2561.1672699451447,4357.024565339088,19.498315429687523,0.41971397399902344,0.4227466583251953,856.936015625,1966.870361328125,3.1159034418385065,188.97825803791943,10,Tree cover,0
NEG_7371,2015-08-01 00:00:00,Control Sample,Pseudo-negative nearby control,Manipur,none,none,none,control,0,0,93.879240194417,23.77610180702579,318.1135654449463,4974.152088165283,7495.462328195572,19.147729492187523,0.4252338409423828,0.425506591796875,851.782734375,1428.145751953125,16.544601500064,113.92726989741527,10,Tree cover,0
NEG_7389,2015-08-01 00:00:00,Control Sample,Pseudo-negative nearby control,Manipur,none,none,none,control,0,0,93.69087940282897,24.182108515103383,172.72675037384033,2649.251341819763,3837.338700890541,21.406182861328148,0.4853909909725189,0.4876925051212311,897.974765625,1126.588134765625,4.664307279578634,323.3181913113713,10,Tree cover,0
NEG_7409,2015-08-02 00:00:00,Control Sample,Pseudo-negative nearby control,Nagaland,none,none,none,control,0,0,94.8523997344533,25.661934022177448,140.96319675445557,1091.2766754627228,2279.692977666855,20.967340087890648,0.41777101159095764,0.4169025421142578,852.896328125,574.5885009765625,10.4852492040716,281.57990232437385,10,Tree cover,0
NEG_7664,2015-08-11 00:00:00,Control Sample,Pseudo-negative nearby control,Manipur,none,none,none,control,0,0,93.0298624195636,24.557598930931306,270.8527445793152,440.32707810401917,1031.7660607397556,27.341119384765648,0.41993141174316406,0.42213311791419983,986.05625,365.1482238769531,16.909334186825124,112.23010356351756,10,Tree cover,0
NEG_7666,2015-08-11 00:00:00,Control Sample,Pseudo-negative nearby control,Manipur,none,none,none,control,0,0,93.59786001116343,25.378965542903405,258.587121963501,1171.7162132263184,1666.3206741213799,23.640374755859398,0.47638067603111267,0.48249879479408264,898.599140625,845.9972534179688,14.690853948980418,143.77630504197236,10,Tree cover,0
NEG_7665,2015-08-11 00:00:00,Control Sample,Pseudo-negative nearby control,Manipur,none,none,none,control,0,0,93.62084105420168,24.522672532952654,46.29519581794739,262.5417038798332,1570.9234401583672,23.165093994140648,0.43964576721191406,0.4388478696346283,896.703359375,652.0215454101562,11.651903449701436,289.5085020506808,10,Tree cover,0
NEG_7660,2015-08-12 00:00:00,Control Sample,Pseudo-negative nearby control,Nagaland,none,none,none,control,0,0,93.8855154996805,25.944322193189997,96.13631665706635,346.15258872509,1033.207505941391,26.861108398437523,0.49576759338378906,0.4972197115421295,967.48,150.71441650390625,0.22378740878478864,286.0161147488212,10,Tree cover,0
NEG_7334,2015-08-18 00:00:00,Control Sample,Pseudo-negative nearby control,Arunachal Pradesh,none,none,none,control,0,0,94.47743942654009,28.30587930926422,652.9868841171265,2207.6345682144165,3320.70991396904,17.724298095703148,0.4292755126953125,0.4292755126953125,809.503515625,1853.987548828125,22.460034178236025,77.26941077819527,10,Tree cover,0
NEG_7335,2015-08-18 09:00:00,Control Sample,Pseudo-negative nearby control,Meghalaya,none,none,none,control,0,0,89.98364956819717,25.18570924311436,554.3246269226074,919.8772981762886,1383.2113146781921,26.599542236328148,0.42782655358314514,0.43048667907714844,999.157734375,18.459922790527344,0.15839431790855063,98.85172681230449,40,Cropland,0
NEG_7699,2015-08-19 00:00:00,Control Sample,Pseudo-negative nearby control,Nagaland,none,none,none,control,0,0,94.98604381315849,25.970998895591222,260.45504212379456,592.3881381750107,1801.5138804912567,20.463128662109398,0.4250068664550781,0.42595672607421875,850.809921875,1013.071044921875,18.51538053313251,276.38567669483695,30,Grassland,0
NEG_7706,2015-08-19 00:00:00,Control Sample,Pseudo-negative nearby control,Meghalaya,none,none,none,control,0,0,91.93006734481978,24.873021783521818,667.0217514038086,1401.013731956482,2520.7629203796387,25.488031005859398,0.4293231964111328,0.43260130286216736,994.7190625,10.547082901000977,0.18517597186474016,100.06639177725907,40,Cropland,0
NEG_7590,2015-08-19 00:00:00,Control Sample,Pseudo-negative nearby control,Meghalaya,none,none,none,control,0,0,92.5419381548779,25.39231821688636,311.54584884643555,759.9122524261475,1245.4386577010155,21.756829833984398,0.4824562072753906,0.49339422583580017,905.191171875,863.4881591796875,2.2113882632132724,88.48003460988593,10,Tree cover,0
NEG_7589,2015-08-19 00:00:00,Control Sample,Pseudo-negative nearby control,Meghalaya,none,none,none,control,0,0,92.3841705984943,25.699702414986582,718.8951969146729,970.4579263925552,1504.8378966748714,22.906640625000023,0.4807465970516205,0.49317994713783264,911.8253125,930.3373413085938,2.7092768865938823,10.948182294522894,10,Tree cover,0
NEG_7336,2015-08-19 09:00:00,Control Sample,Pseudo-negative nearby control,Meghalaya,none,none,none,control,0,0,90.60829449183547,24.789526830391168,487.9150688648224,1011.3067924976349,1471.7297106981277,26.928216552734398,0.4240150451660156,0.423779159784317,1003.171171875,10.39595890045166,0.07694966314093388,123.51269366294565,40,Cropland,0
NEG_7701,2015-08-19 15:00:00,Control Sample,Pseudo-negative nearby control,Nagaland,none,none,none,control,0,0,93.65690657478079,25.505701338870228,202.80514657497406,363.35328966379166,736.8845008313656,22.638726806640648,0.46515020728111267,0.4866708219051361,905.304921875,1497.6103515625,14.831757545088609,134.05165039695112,10,Tree cover,0
NEG_7727,2015-08-20 18:00:00,Control Sample,Pseudo-negative nearby control,Nagaland,none,none,none,control,0,0,93.96847196969243,25.957347872204714,536.419153213501,820.1640173792839,938.7318454682827,23.766015625000023,0.48309263586997986,0.49858221411705017,954.6625,190.99636840820312,3.076247325639161,250.82172811181545,10,Tree cover,0
NEG_7728,2015-08-22 09:00:00,Control Sample,Pseudo-negative nearby control,Assam,none,none,none,control,0,0,92.14137870627906,25.905392700764885,380.3744912147522,1376.1910051107407,3636.5784853696823,23.223382568359398,0.4682566225528717,0.48458990454673767,910.733125,747.193115234375,5.623334563111306,71.77604451111415,10,Tree cover,0
NEG_7778,2015-08-26 00:00:00,Control Sample,Pseudo-negative nearby control,Mizoram,none,none,none,control,0,0,93.31070141808661,23.80264218321354,210.89473366737366,409.51795876026154,1423.221305012703,22.045709228515648,0.4229316711425781,0.42372894287109375,885.307109375,1191.6065673828125,13.91275929264375,156.46064328488546,10,Tree cover,0
NEG_7780,2015-08-26 00:00:00,Control Sample,Pseudo-negative nearby control,Mizoram,none,none,none,control,0,0,92.69170710039181,23.17515858574107,128.86092066764832,365.831159055233,1288.8068854808807,24.370080566406273,0.4165140688419342,0.41761651635169983,938.31,377.2553405761719,3.523714779556856,41.14443167580583,10,Tree cover,0
NEG_7836,2015-08-27 00:00:00,Control Sample,Pseudo-negative nearby control,Mizoram,none,none,none,control,0,0,92.46823210622632,24.027259812678334,55.250540375709534,354.65508699417114,905.8516919612885,26.184259033203148,0.40098318457603455,0.40734735131263733,973.397734375,76.0592041015625,4.577652000633901,286.39973356347457,10,Tree cover,0
NEG_7837,2015-08-27 00:00:00,Control Sample,Pseudo-negative nearby control,Mizoram,none,none,none,control,0,0,92.94441572440323,24.01370872754035,143.23380589485168,501.96999311447144,1148.0086967349052,24.192010498046898,0.421154648065567,0.42428335547447205,938.440625,963.1964111328125,15.8823886105637,101.39976212937256,10,Tree cover,0
NEG_7972,2015-08-28 01:45:00,Control Sample,Pseudo-negative nearby control,Mizoram,none,none,none,control,0,0,92.49562906452489,23.5600598041047,28.59087474644184,265.62471874058247,776.3921115547419,24.796746826171898,0.4043509066104889,0.4090557098388672,947.4171875,649.6246337890625,16.103234335593594,78.17917223613324,10,Tree cover,0
NEG_7933,2015-09-01 00:00:00,Control Sample,Pseudo-negative nearby control,Assam,none,none,none,control,0,0,91.55750134120753,26.374321225571183,210.23625135421753,1180.6171238422394,2255.7511255145073,25.619378662109398,0.4958699643611908,0.4947255551815033,998.8834375,47.43492889404297,0.18615397130501288,92.46475720627501,40,Cropland,0
NEG_7923,2015-09-01 00:00:00,Control Sample,Pseudo-negative nearby control,Assam,none,none,none,control,0,0,92.03879420085288,26.39827358477887,389.8312449455261,1752.2121369838715,2839.298665523529,25.553765869140648,0.4809093475341797,0.48135820031166077,999.445546875,48.875,0.141537961977122,110.03883284627102,30,Grassland,0
NEG_7956,2015-09-05 00:00:00,Control Sample,Pseudo-negative nearby control,Meghalaya,none,none,none,control,0,0,92.02573066204816,26.36798829802605,76.46308839321136,524.7420817613602,2503.4513622522354,27.295465087890648,0.4810861051082611,0.48957762122154236,1004.245234375,52.30394744873047,0.2723096556499666,136.92181160654098,40,Cropland,0
NEG_8012,2015-09-06 15:00:00,Control Sample,Pseudo-negative nearby control,Meghalaya,none,none,none,control,0,0,92.05435226237266,25.77923121585231,207.25244283676147,735.2181971073151,3963.758632540703,22.754754638671898,0.487438827753067,0.4960988461971283,905.147734375,831.590576171875,5.770360078239568,169.4205110277162,10,Tree cover,0
NEG_8224,2015-09-14 01:30:00,Control Sample,Pseudo-negative nearby control,Mizoram,none,none,none,control,0,0,92.56313069630346,23.53418024723619,91.99027717113495,336.1365497112274,720.4727907665074,24.068170166015648,0.4217395782470703,0.42135873436927795,944.441328125,631.2152099609375,18.025517897667864,235.9881554388325,10,Tree cover,0
NEG_8223,2015-09-14 03:10:00,Control Sample,Pseudo-negative nearby control,Mizoram,none,none,none,control,0,0,92.40773275374663,23.42871035613965,70.75835764408112,305.5548034608364,719.4763841107488,25.593804931640648,0.4196809232234955,0.4206218719482422,973.920078125,252.44100952148438,12.975912673292333,268.6083348770027,10,Tree cover,0
NEG_8339,2015-09-23 00:00:00,Control Sample,Pseudo-negative nearby control,Assam,none,none,none,control,0,0,91.82841451415348,25.791013978919477,606.8159341812134,1661.8993282318115,3149.462476372719,22.919183349609398,0.46030744910240173,0.4864908754825592,924.217265625,637.925537109375,0.8720852621457864,50.13973828260231,10,Tree cover,0
NEG_8366,2015-09-23 15:00:00,Control Sample,Pseudo-negative nearby control,Meghalaya,none,none,none,control,0,0,91.57121556052806,25.536326042965594,847.8810787200928,2882.537364959717,4204.842254519463,18.885888671875023,0.5011113286018372,0.5047410130500793,844.6128125,1719.4339599609375,0.5464201944364877,170.34958892801978,10,Tree cover,0
NEG_9405,2016-04-19 00:00:00,Control Sample,Pseudo-negative nearby control,Nagaland,none,none,none,control,0,0,95.36025182036927,26.7352183005294,685.5423450469971,1123.918578028679,2086.0326513648033,16.021539306640648,0.4764436185359955,0.4873727262020111,854.9390625,1070.9857177734375,13.314961985850065,99.4168606201581,10,Tree cover,0
NEG_7655,2016-04-22 02:30:00,Control Sample,Pseudo-negative nearby control,Arunachal Pradesh,none,none,none,control,0,0,92.02247691580584,27.94726141976544,147.49577641487122,261.45612448453903,450.5663085728884,-2.0921691894531023,0.3989531099796295,0.39104142785072327,565.8152734375,5091.4365234375,6.911677816313743,246.13584582634348,60,Bare / sparse vegetation,0
NEG_9338,2016-05-18 08:00:00,Control Sample,Pseudo-negative nearby control,Assam,none,none,none,control,0,0,92.37525858444155,24.18212801575423,378.4133195877075,740.3608560562134,1187.8375671803951,24.802117919921898,0.42599424719810486,0.42586836218833923,990.331015625,136.11865234375,1.4690309217887565,163.51665225495037,10,Tree cover,0
NEG_9335,2016-05-18 08:00:00,Control Sample,Pseudo-negative nearby control,Assam,none,none,none,control,0,0,93.00464978095204,24.54752381379585,277.3049473762512,434.3261644244194,1003.4753642976284,24.622918701171898,0.42382368445396423,0.4186910092830658,984.339765625,591.9527587890625,17.760382531223392,265.8817839157706,10,Tree cover,0
NEG_9336,2016-05-18 08:00:00,Control Sample,Pseudo-negative nearby control,Assam,none,none,none,control,0,0,92.67981352220043,24.85514802179717,783.6567759513855,1601.7657294869423,2599.466689862311,25.128778076171898,0.4783439636230469,0.47111448645591736,1007.358515625,18.0997371673584,0.16002150634077325,186.59107785438252,10,Tree cover,0
NEG_9334,2016-05-18 08:00:00,Control Sample,Pseudo-negative nearby control,Assam,none,none,none,control,0,0,92.95392133540044,24.57958595578048,267.5376236438751,466.5674678981304,1111.3625541329384,24.690881347656273,0.42623648047447205,0.42627716064453125,987.848125,31.362308502197266,0.676496862096884,96.4833800000286,10,Tree cover,0
NEG_9169,2016-06-12 00:00:00,Control Sample,Pseudo-negative nearby control,Nagaland,none,none,none,control,0,0,93.92385976287798,26.093247923122043,94.10934895277023,459.7357138991356,811.7615766823292,26.567254638671898,0.49680328369140625,0.4891325533390045,980.61,124.03358459472656,0.0839681087149012,0.4745323689845691,30,Grassland,0
NEG_9168,2016-06-12 23:00:00,Control Sample,Pseudo-negative nearby control,Arunachal Pradesh,none,none,none,control,0,0,93.54378122401248,27.518008639040413,323.75261187553406,943.1465566158295,2770.9679007530212,19.381860351562523,0.4233652651309967,0.42473602294921875,826.800390625,1412.10693359375,10.39232955971648,233.894286323046,10,Tree cover,0
NEG_9142,2016-06-14 08:00:00,Control Sample,Pseudo-negative nearby control,Nagaland,none,none,none,control,0,0,94.53798042555975,26.572845279783696,87.38374710083008,706.232026219368,1924.0591526031494,26.468621826171898,0.480511337518692,0.4636503756046295,958.83875,767.2593994140625,2.020766045816124,64.38450834577714,10,Tree cover,0
NEG_8222,2016-06-22 12:00:00,Control Sample,Pseudo-negative nearby control,Assam,none,none,none,control,0,0,91.48221473671636,26.29804121755152,124.38579648733139,244.87166106700897,1150.481540709734,27.045770263671898,0.50567626953125,0.49353981018066406,998.351015625,45.803462982177734,0.14451051863993744,185.986643688778,40,Cropland,0
NEG_8237,2016-07-01 00:00:00,Control Sample,Pseudo-negative nearby control,Arunachal Pradesh,none,none,none,control,0,0,92.25927575221107,26.986805924350755,404.04829382896423,738.6325597763062,1662.5833362340927,21.542169189453148,0.4182961881160736,0.42903581261634827,880.583515625,1164.8670654296875,17.95070613467705,240.86651511539856,10,Tree cover,0
NEG_8684,2016-07-07 00:00:00,Control Sample,Pseudo-negative nearby control,Assam,none,none,none,control,0,0,91.17297963333493,26.150269076426678,189.7137463092804,1341.8581187725067,3817.0658349990845,27.665826416015648,0.4923159182071686,0.49271902441978455,989.69875,44.56072235107422,0.02292651649452272,67.51462225892953,40,Cropland,0
NEG_8900,2016-07-07 00:00:00,Control Sample,Pseudo-negative nearby control,Manipur,none,none,none,control,0,0,94.35395975340202,24.631027500282,114.54971134662628,999.0772753953934,3806.0651272535324,25.083795166015648,0.420941025018692,0.42231878638267517,946.222890625,552.8555908203125,5.801421781331912,57.92230868389373,10,Tree cover,0
NEG_8901,2016-07-10 00:00:00,Control Sample,Pseudo-negative nearby control,Nagaland,none,none,none,control,0,0,94.0475172734827,26.02385002787817,307.7942132949829,849.6058508753777,1272.4876664578915,25.383355712890648,0.47572770714759827,0.473419189453125,949.676640625,280.659423828125,12.835707692455177,59.6259027217252,10,Tree cover,0
NEG_8930,2016-07-11 23:00:00,Control Sample,Pseudo-negative nearby control,Nagaland,none,none,none,control,0,0,94.14078600120745,26.360459305106843,141.22074842453003,727.2893637418747,1333.1999778747559,27.771173095703148,0.4416637420654297,0.4695676267147064,972.683515625,111.24417114257812,0.2538218612236037,286.43727774903783,40,Cropland,0
NEG_8996,2016-07-14 00:00:00,Control Sample,Pseudo-negative nearby control,Assam,none,none,none,control,0,0,91.5190856394802,26.475033239142896,111.37162148952484,217.84235909581184,894.1710628569126,27.917016601562523,0.4515298306941986,0.44233259558677673,992.034609375,54.452491760253906,0.06694403236706091,132.80834102116876,40,Cropland,0
NEG_8995,2016-07-14 00:00:00,Control Sample,Pseudo-negative nearby control,Assam,none,none,none,control,0,0,92.10471738399612,26.093910608456124,228.8510799407959,1603.6223769187927,2756.674274802208,26.886834716796898,0.49599266052246094,0.4908510744571686,977.176640625,114.87100982666016,9.07320707414198,328.3519711528174,10,Tree cover,0
NEG_9010,2016-07-16 00:00:00,Control Sample,Pseudo-negative nearby control,Arunachal Pradesh,none,none,none,control,0,0,93.36882400166861,27.345142866939593,612.6807332038879,1590.1388823986053,2346.3378474116325,18.976922607421898,0.4277629852294922,0.4281075894832611,829.52265625,2356.096435546875,15.056171927172748,174.94403035776236,10,Tree cover,0
NEG_9087,2016-07-19 00:00:00,Control Sample,Pseudo-negative nearby control,Arunachal Pradesh,none,none,none,control,0,0,95.11203148947644,28.440415504356853,416.71139001846313,1740.1641607284546,3309.49866771698,21.137322998046898,0.42854881286621094,0.42869630455970764,897.799375,885.9141845703125,17.877097839233418,277.723009227774,10,Tree cover,0
NEG_9124,2016-07-19 00:00:00,Control Sample,Pseudo-negative nearby control,Meghalaya,none,none,none,control,0,0,90.53544111756602,25.496482813037304,215.77513217926025,934.0411424636841,1626.4320276677608,23.586358642578148,0.469836562871933,0.49430084228515625,940.924765625,414.15618896484375,7.595866246352783,48.92652581326439,10,Tree cover,0
NEG_9051,2016-07-19 09:00:00,Control Sample,Pseudo-negative nearby control,Meghalaya,none,none,none,control,0,0,92.15678957777064,26.193932573275738,518.1999206542969,2001.1413991451263,3051.364928483963,26.727655029296898,0.4757321774959564,0.49647775292396545,995.619375,51.9642219543457,0.06190251459990768,262.6563096640358,40,Cropland,0
NEG_9122,2016-07-20 00:00:00,Control Sample,Pseudo-negative nearby control,Assam,none,none,none,control,0,0,92.1974403321342,26.26297485387379,195.63645124435425,760.4948878288269,2269.3968191742897,27.069635009765648,0.462542861700058,0.4873390197753906,997.725625,51.42094802856445,0.0418969713067781,19.245093898799666,40,Cropland,0
NEG_9186,2016-07-25 12:30:00,Control Sample,Pseudo-negative nearby control,Manipur,none,none,none,control,0,0,93.67251081293021,25.405920096039328,326.93761587142944,786.4294499158859,1052.9793612658978,20.423272705078148,0.42932257056236267,0.4308096468448639,901.395703125,1032.497314453125,8.145785046483862,66.61582313360566,10,Tree cover,0
NEG_9219,2016-07-26 23:00:00,Control Sample,Pseudo-negative nearby control,Nagaland,none,none,none,control,0,0,94.81373219436064,25.667576553226112,127.02676653862,1048.9537417888641,2107.7760457992554,21.895227050781273,0.42144522070884705,0.42623329162597656,885.910234375,1341.6207275390625,22.619791526697348,161.22326607726143,10,Tree cover,0
NEG_9252,2016-07-28 00:00:00,Control Sample,Pseudo-negative nearby control,Arunachal Pradesh,none,none,none,control,0,0,91.64180747009492,27.84997440985201,131.31028413772583,631.0937106609344,2125.1135170459747,8.541467285156273,0.42023277282714844,0.4217071533203125,643.1430078125,4613.6376953125,28.299658092588125,172.61690840577512,60,Bare / sparse vegetation,0
NEG_9232,2016-07-28 23:00:00,Control Sample,Pseudo-negative nearby control,Mizoram,none,none,none,control,0,0,93.70220519526582,23.659818454990187,197.19646871089935,725.3235131502151,1238.6143133044243,21.352899169921898,0.4201742708683014,0.42214012145996094,866.7559375,667.4839477539062,7.289046708885715,282.4616376281978,10,Tree cover,0
NEG_9251,2016-07-28 23:00:00,Control Sample,Pseudo-negative nearby control,Nagaland,none,none,none,control,0,0,95.02166656970125,26.0407671735545,162.23213076591492,362.3019680380821,1639.4734159111977,20.299920654296898,0.4225839078426361,0.42186737060546875,850.743828125,1154.6282958984375,22.812949209507547,178.8216639773168,10,Tree cover,0
NEG_9464,2016-08-05 00:00:00,Control Sample,Pseudo-negative nearby control,Arunachal Pradesh,none,none,none,control,0,0,91.79169022967879,27.921549490784034,123.58011305332184,265.97970351576805,847.2309745848179,8.471185302734398,0.4171803891658783,0.41420555114746094,619.4467578125,3764.73583984375,12.363997710043309,141.6328908340156,10,Tree cover,0
NEG_9604,2016-10-12 00:00:00,Control Sample,Pseudo-negative nearby control,Sikkim,none,none,none,control,0,0,88.38295655986818,27.48231442910323,107.13270306587219,544.230580329895,1245.1014444231987,12.114892578125023,0.4220803678035736,0.4227123260498047,732.32921875,3368.573974609375,14.105692237662234,181.64686447278478,10,Tree cover,0
NEG_9619,2016-10-15 00:00:00,Control Sample,Pseudo-negative nearby control,Sikkim,none,none,none,control,0,0,88.38595966008623,27.552473880537597,154.8062413930893,709.7884565591812,1530.5814892053604,7.595727539062523,0.4251575469970703,0.42441239953041077,685.556953125,2737.60595703125,27.510995325622485,53.95016390972546,60,Bare / sparse vegetation,0
NEG_9620,2016-10-15 00:00:00,Control Sample,Pseudo-negative nearby control,Sikkim,none,none,none,control,0,0,88.61050678333844,26.745990504002563,0.04716755938716233,257.02115034800954,2703.007302043261,24.316827392578148,0.36950555443763733,0.3860054016113281,985.407734375,105.08926391601562,0.10719642252694636,194.56576612562944,40,Cropland,0
