event_id,event_date,ner_state,latitude,longitude,rainfall_24h_mm,rainfall_3d_mm,rainfall_7d_mm,temperature_c,soil_water_layer_1,soil_water_layer_2,surface_pressure_hpa,elevation_m,slope_degree,aspect_degree,landcover_code,landslide_occurred
7385,2015-08-01 00:00:00,Manipur,24.004,93.9815,305.38368225097656,5413.688659667969,7863.143652677536,20.627954101562523,0.4303359985351562,0.433087021112442,884.487734375,1397.8375244140625,18.39939486137201,49.62624976279437,30,1
NEG_8223,2015-09-14 03:10:00,Mizoram,23.42871035613965,92.40773275374664,70.75835764408112,305.5548034608364,719.4763841107488,25.593804931640648,0.4196809232234955,0.4206218719482422,973.920078125,252.4410095214844,12.975912673292331,268.6083348770027,10,0
6971,2015-06-09 00:00:00,Arunachal Pradesh,27.0987,93.816,873.6685514450073,1790.3392314910889,2520.253911614418,24.245202636718773,0.4317595064640045,0.4330838620662689,986.578515625,182.1369781494141,4.8079576464873535,98.32944122559564,10,1
8995,2016-07-14 00:00:00,Assam,26.1963,91.8074,149.3803709745407,505.2920207381249,1565.0455430150032,27.746514892578148,0.4865856170654297,0.4934673309326172,990.227890625,146.45697021484375,2.303705765888447,262.6734374534309,10,1
8366,2015-09-23 15:00:00,Meghalaya,25.583,91.893,687.0484352111816,2016.301095485688,2892.395555973053,20.661035156250023,0.4896799623966217,0.4992783963680267,874.686484375,1444.667236328125,0.8974204106136023,206.46446887604333,50,1
5337,2013-08-16 00:00:00,Nagaland,26.4205,94.9731,207.10325241088867,492.2391176223755,1384.9354088306427,20.454217529296898,0.4259357452392578,0.4270095825195312,855.449296875,692.2982177734375,3.009792004546396,301.4854691815915,30,1
NEG_7390,2015-08-01 00:00:00,Manipur,24.315970294878845,93.87422308751432,187.3762309551239,3195.70991396904,4557.511121034622,21.213891601562523,0.463602066040039,0.4745820462703705,903.435234375,767.23583984375,0.3104794794344241,226.0252648784286,40,0
4570,2012-09-19 00:00:00,Arunachal Pradesh,27.8458,95.2253,736.375629901886,1551.587462425232,2567.633330821991,24.409234619140648,0.4704659879207611,0.4982312619686126,985.943125,134.50047302246094,0.1839233120027931,147.7953075486904,40,1
NEG_6143,2014-07-14 18:00:00,Mizoram,23.631730232576853,93.19487120076889,193.1656002998352,586.8000686168671,999.2261864244938,22.343286132812523,0.4219741821289062,0.4217948913574219,884.2675,1020.711181640625,4.357048278078291,229.56165480791532,10,0
7031,2015-05-24 00:00:00,Sikkim,27.6163,88.6586,100.62253475189208,487.9343956708908,972.6604111492634,4.908624267578148,0.4246813356876373,0.4258988797664642,663.844140625,1829.734375,27.50848613652804,137.3335121657729,10,1
NEG_9335,2016-05-18 08:00:00,Assam,24.54752381379585,93.00464978095204,277.3049473762512,434.3261644244194,1003.4753642976284,24.622918701171898,0.4238236844539642,0.4186910092830658,984.339765625,591.9527587890625,17.760382531223392,265.8817839157706,10,0
4407,2012-06-13 00:00:00,Assam,25.0951,92.3567,145.2055722475052,694.0357983112335,2613.2997274398804,26.129449462890648,0.4730180203914642,0.4708156585693359,970.984296875,297.963623046875,13.400488207678569,291.03940637039443,10,1
NEG_8224,2015-09-14 01:30:00,Mizoram,23.53418024723619,92.56313069630346,91.99027717113496,336.1365497112274,720.4727907665074,24.068170166015648,0.4217395782470703,0.4213587343692779,944.441328125,631.2152099609375,18.025517897667864,235.9881554388325,10,0
2166,2010-07-29 00:00:00,Assam,24.9786,93.5027,423.845499753952,540.8272221684456,1028.0165895819664,22.59127197265628,0.422747939825058,0.4253908693790436,929.546484375,1241.24658203125,10.5113307526458,284.3647455839251,10,1
NEG_9010,2016-07-16 00:00:00,Arunachal Pradesh,27.3451428669396,93.3688240016686,612.6807332038879,1590.1388823986051,2346.3378474116325,18.976922607421898,0.4277629852294922,0.4281075894832611,829.52265625,2356.096435546875,15.056171927172748,174.94403035776236,10,0
NEG_4892,2013-06-01 00:00:00,Arunachal Pradesh,27.79016766506114,94.46870618694814,137.37764954566956,524.4964957237244,1015.4933519661428,21.909295654296898,0.4220479428768158,0.4247353971004486,910.448984375,560.363525390625,4.995279876861283,145.04960230713198,10,0
NEG_2304,2010-08-21 18:00:00,Nagaland,26.004191319152376,94.0256746540859,32.92460739612579,185.77049672603607,567.4648499116302,25.306451416015648,0.4881967008113861,0.4931367337703705,954.766484375,543.197998046875,15.502694354178209,292.8331693654268,10,0
7660,2015-08-12 00:00:00,Nagaland,25.6237,94.1136,157.49040246009827,469.46805715560913,1879.1090846061709,19.636834716796898,0.4880962371826172,0.4926605224609375,828.692109375,1568.7457275390625,8.753599146393153,54.76682196821287,30,1
NEG_7778,2015-08-26 00:00:00,Mizoram,23.80264218321354,93.3107014180866,210.89473366737369,409.5179587602616,1423.221305012703,22.045709228515648,0.4229316711425781,0.4237289428710937,885.307109375,1191.6065673828125,13.91275929264375,156.46064328488546,10,0
NEG_1596,2010-03-27 20:00:00,Manipur,24.359125077044343,93.76351732508066,56.32805824279785,56.34733370607137,63.05723112507167,23.815362548828148,0.1572799682617187,0.1518777161836624,916.189609375,1099.6439208984375,2.675206016992836,168.87139250301823,30,0
NEG_142,2007-07-27 00:00:00,Meghalaya,25.47061099282702,89.79418304990843,591.7942523956299,1761.9621753692627,3271.8091309070587,25.2902770996094,0.359546035528183,0.3640009462833404,996.7234375,22.325931549072266,0.0113655564384357,228.93248833225925,40,0
8930,2016-07-11 23:00:00,Nagaland,26.1699,94.4922,206.3667476177216,561.559796333313,1134.0388506650925,23.6010681152344,0.4768568575382232,0.4971974790096283,894.572734375,1106.1102294921875,8.526930340238126,196.73038029753025,10,1
7389,2015-08-01 00:00:00,Manipur,24.4072,94.0644,178.79518866539,3362.113803625107,5493.03275346756,20.578546142578148,0.4365196228027344,0.4416135251522064,890.806015625,1216.6253662109375,7.251364313576403,298.3932510545225,10,1
NEG_4377,2012-06-02 00:00:00,Assam,26.068553978073425,92.13283556481372,168.07451844215393,863.2711172103882,1517.8931765258312,26.237207031250023,0.4864247739315033,0.4891719818115234,975.081484375,281.5326843261719,20.618469895717265,109.12232000883124,10,0
7384,2015-08-01 00:00:00,Manipur,23.9278,94.0906,282.59071707725525,5691.99213385582,8835.239857435226,23.137231445312523,0.4868539273738861,0.4983577728271484,953.135234375,769.7901611328125,6.687784520502398,186.42484990620545,10,1
9168,2016-06-12 23:00:00,Arunachal Pradesh,27.6438,93.871,216.62962436676025,611.7673218250275,2244.3196028471,17.414971923828148,0.4244111478328705,0.4252115786075592,796.715390625,1801.2650146484375,17.64242322631224,310.0966250123069,10,1
6222,2014-10-01 11:00:00,Arunachal Pradesh,27.1249,93.7706,0.1807355583878234,22.73130558023695,656.9220959354425,26.120019531250023,0.3458010256290436,0.3721847534179687,994.4496875,142.41452026367188,4.354630393956385,0.1951933286614462,10,1
1775,2010-04-21 00:00:00,Arunachal Pradesh,27.8965,96.1779,838.0076885223389,1683.3951771259308,1888.4222470223904,21.382958984375023,0.483257919549942,0.491436630487442,967.199296875,769.7901611328125,6.687784520502398,186.42484990620545,10,1
NEG_8901,2016-07-10 00:00:00,Nagaland,26.02385002787817,94.0475172734827,307.7942132949829,849.6058508753777,1272.4876664578917,25.383355712890648,0.4757277071475982,0.473419189453125,949.676640625,280.659423828125,12.835707692455175,59.6259027217252,10,0
8996,2016-07-14 00:00:00,Assam,26.1768,91.7702,149.3803709745407,505.2920207381249,1565.0455430150032,27.746514892578148,0.4865856170654297,0.4934673309326172,990.227890625,110.60929870605467,0.417068868276534,147.66034839751342,10,1
3672,2011-06-29 00:00:00,Assam,25.5125,93.3613,45.64142227172852,297.1070557832718,717.4939066171646,25.004266357421898,0.453326553106308,0.4708900451660156,944.634375,329.7398986816406,1.956921057597104,180.3409211254721,10,1
NEG_3983,2011-09-23 00:00:00,Assam,25.811342433923485,91.73068336212845,431.8912923336029,1083.0360054969788,2374.970704317093,23.061944580078148,0.4830919802188873,0.4806035459041595,924.066875,656.0177001953125,6.607745480839912,75.52625727437845,10,0
3741,2011-07-07 00:00:00,Nagaland,25.4191,94.1079,93.30670535564424,399.4007557630539,972.5529700517654,20.2883239746094,0.4963938295841217,0.496347427368164,861.993828125,1384.4271240234375,4.757557104755323,94.41850459131604,40,1
2539,2010-10-03 00:00:00,Arunachal Pradesh,28.3092,95.4149,35.89945286512375,143.61178502440453,923.7092714756728,19.1359802246094,0.3895174562931061,0.3923568725585937,855.0909375,769.7901611328125,6.687784520502398,186.42484990620545,10,1
NEG_2579,2010-10-09 00:00:00,Nagaland,26.031642497636977,93.97492857319824,112.0837703347206,601.3600006699562,723.0055462568998,22.062615966796898,0.447061538696289,0.484478622674942,952.045390625,208.39627075195312,3.4281648381276995,185.4998080866948,10,0
6513,2014-08-14 23:00:00,Tripura,23.0137,91.7174,149.6262550354004,548.7353205680847,1263.5818123817444,25.772515869140648,0.4681129455566406,0.4748426973819732,999.938203125,769.7901611328125,6.687784520502398,186.42484990620545,50,1
5338,2013-08-16 00:00:00,Assam,26.8727,94.9275,87.23828196525574,350.7704697549343,1063.408773392439,26.899285888671898,0.4463068544864654,0.4562136232852936,975.802890625,132.86862182617188,0.3643552414628594,75.84431116196617,60,1
NEG_1961,2010-06-09 14:15:00,Meghalaya,26.10752617294366,91.1463666881222,536.8699431419373,1228.581301867962,3745.654083788395,24.692773437500023,0.4942353665828705,0.4795684814453125,995.1925,41.92362976074219,0.0192143221108531,64.64204686420806,10,0
6282,2014-09-22 00:00:00,Assam,26.1097,91.7747,527.1859765052795,1686.4770650863647,2113.4400218725204,24.112359619140648,0.4771448671817779,0.4949054718017578,983.325078125,61.38019561767578,1.700150432625599,347.91161586019507,10,1
3663,2011-06-28 00:00:00,Nagaland,25.6682,94.1099,394.9482142925263,1256.4740478992462,1797.8039905428886,20.952325439453148,0.479339599609375,0.4747270047664642,863.703984375,1437.6785888671875,3.90062880412572,233.3668276450973,10,1
6213,2014-09-24 00:00:00,Meghalaya,25.8143,90.5763,57.17790126800537,1081.689327955246,1892.8937390446663,24.389428710937523,0.4693934023380279,0.4841810762882232,980.556953125,64.95821380615234,4.270435998700215,268.22634526083505,10,1
2044,2010-07-06 00:00:00,Nagaland,25.8877,94.7861,110.69531738758089,413.5757237672806,1243.1840151548386,22.7578063964844,0.5044898986816406,0.4927546083927154,888.9328125,1103.6253662109375,6.996343948925652,50.70496722541248,50,1
NEG_130,2007-07-19 00:00:00,Assam,25.94271512303178,92.21700094454242,534.4164371490479,1550.197720527649,2428.5432547330856,24.2477966308594,0.4622751772403717,0.4916693270206451,918.417109375,621.2021484375,0.2435003747870644,217.0836267645608,40,0
NEG_5603,2013-10-13 19:30:00,Manipur,25.567267037663907,94.7459683132987,4.4158026576042175,7.084833085173159,345.697853486854,19.093896484375023,0.4086507260799408,0.4220822751522064,850.783515625,2040.55029296875,22.89545655128365,141.1771522220413,10,0
NEG_7589,2015-08-19 00:00:00,Meghalaya,25.699702414986582,92.3841705984943,718.8951969146729,970.4579263925552,1504.8378966748714,22.906640625000023,0.4807465970516205,0.4931799471378326,911.8253125,930.3373413085938,2.7092768865938823,10.948182294522894,10,0
NEG_6286,2014-09-22 00:00:00,Assam,25.814880592217087,91.70938118359312,543.2102680206299,1375.462785363197,1926.8818497657776,22.2822204589844,0.4812723696231842,0.4952786862850189,924.3184375,778.8792114257812,0.9074416656229524,57.50963431499616,10,0
NEG_8339,2015-09-23 00:00:00,Assam,25.79101397891948,91.82841451415348,606.8159341812134,1661.8993282318115,3149.462476372719,22.9191833496094,0.4603074491024017,0.4864908754825592,924.217265625,637.925537109375,0.8720852621457864,50.13973828260231,10,0
NEG_1857,2010-05-11 09:00:00,Meghalaya,25.186797568654924,92.077189623083,666.6656732559204,2685.1359605789185,3004.9045737832785,23.934259033203148,0.4745330810546875,0.4850997924804687,961.543046875,35.36334228515625,6.176632352301635,231.6084866809041,10,0
2140,2010-07-25 00:00:00,Assam,25.0477,92.801,152.95694768428802,448.437862098217,935.8031824231148,27.636834716796898,0.4708029329776764,0.4633769989013672,980.876484375,161.9722137451172,15.028150665417904,316.6358493044459,10,1
NEG_3672,2011-06-29 00:00:00,Assam,25.786945775275168,93.27646703217296,84.1076523065567,289.8652255535126,528.3608138561249,25.942407226562523,0.4921010434627533,0.4845733642578125,971.106484375,192.75320434570312,3.351380466955841,207.39656344014747,10,0
7388,2015-08-01 00:00:00,Manipur,24.416,94.0984,178.79518866539,3362.113803625107,5493.03275346756,20.578546142578148,0.4365196228027344,0.4416135251522064,890.806015625,1269.47314453125,13.425619528812456,280.3720633090438,10,1
2281,2010-08-19 18:00:00,Nagaland,25.61560252,94.11603493,194.50625777244568,415.4205024242401,1051.9657358527184,19.405908203125023,0.4891071319580078,0.4846172332763672,829.820859375,1658.54150390625,23.521187717740894,91.96549316646376,30,1
NEG_1994,2010-06-16 00:00:00,Assam,24.87887417129274,92.64114482055406,181.3121438026428,840.8350944519043,1512.7198286354542,25.477807617187523,0.4856497347354889,0.4920609891414642,1001.3675,15.719754219055176,0.1596821298488077,328.53108639234284,40,0
215,2007-08-28 00:00:00,Nagaland,25.7428,93.9136,287.458211183548,1916.5537059307096,2402.56941318512,22.006005859375023,0.460315078496933,0.4894174039363861,885.740859375,483.72894287109375,5.545715255344877,217.545121264143,10,1
1987,2010-06-15 00:00:00,Assam,25.2269,93.1658,89.81151878833771,394.67523992061615,854.3520346283913,22.70430908203128,0.5025361180305481,0.5025151371955872,907.604296875,420.1214294433594,3.810700113748364,311.0575285641565,40,1
NEG_731,2008-08-19 00:00:00,Nagaland,26.16010584706812,93.83364688846106,215.9024178981781,752.6644170284271,1225.0930219888687,26.626611328125023,0.4995962679386139,0.5022856593132019,981.891171875,121.89221954345705,0.1931726956866845,234.28959869204783,40,0
NEG_5268,2013-08-04 00:00:00,Nagaland,26.01214867413966,94.03827019770932,64.25006687641144,204.1578441858292,968.5800112783908,26.546319580078148,0.4780209958553314,0.4704202115535736,951.594375,408.9520568847656,14.73434467149882,311.8934210732897,10,0
9186,2016-07-25 12:30:00,Manipur,25.48,94.1383,264.3545866012573,689.9977251887321,1155.5753126740456,17.085229492187523,0.4841829836368561,0.5007889866828918,836.598203125,1693.163330078125,0.8759722417553234,89.3782514506625,50,1
NEG_7972,2015-08-28 01:45:00,Mizoram,23.5600598041047,92.49562906452488,28.59087474644184,265.62471874058247,776.3921115547419,24.796746826171898,0.4043509066104889,0.4090557098388672,947.4171875,649.6246337890625,16.103234335593594,78.17917223613324,10,0
NEG_4435,2012-06-25 00:00:00,Arunachal Pradesh,27.21398829747579,95.59055168217095,554.6273589134216,1355.937898159027,3379.3452978134155,24.047296142578148,0.4751230776309967,0.497332900762558,940.971953125,315.52606201171875,7.245076651753261,346.6093802317106,10,0
714,2008-08-14 00:00:00,Assam,27.163,94.0,109.5736026763916,298.51390048861504,1421.689576935023,26.312371826171898,0.4178098142147064,0.4125022888183594,982.358828125,95.22576141357422,0.0500654165669437,148.8234333629058,60,1
5442,2013-09-02 00:00:00,Arunachal Pradesh,27.1614,93.7525,189.55065310001373,562.207967042923,1023.1568291783332,24.420465087890648,0.4252916872501373,0.428997665643692,953.426640625,144.6433868408203,3.5835863908958805,254.06032380667887,50,1
NEG_6775,2015-02-14 00:00:00,Assam,26.51191972944278,91.38317093625616,1.050272025167942,11.012214003130794,11.682413685775828,18.519647216796898,0.1645533293485641,0.1709035187959671,1004.208515625,56.70840072631836,0.0235687439203197,121.21769057607924,10,0
2163,2010-07-29 00:00:00,Nagaland,25.4196,94.1054,332.51824975013733,516.7101621627808,1288.1719022989273,19.917535400390648,0.4938119351863861,0.4974905550479889,859.762734375,1374.46826171875,7.726656908830892,133.3179578845239,50,1
NEG_7265,2015-07-22 00:00:00,Manipur,25.378670049630784,93.7017718175089,317.1093463897705,1175.3592491149902,2472.4332988262177,21.377740478515648,0.4288438260555267,0.4303239285945892,898.7046875,983.3055419921876,9.910241086284632,293.84968348708094,10,0
NEG_6016,2014-05-09 23:00:00,Assam,25.09152193388409,92.05979353609996,1348.4818935394287,3178.2320737838745,3749.770410358906,23.443475341796898,0.4883747100830078,0.4928995668888092,989.226640625,11.453885078430176,0.18699067704116,339.2201337216541,10,0
5427,2013-08-15 00:00:00,Nagaland,25.3833,94.1884,136.58034801483154,660.5852693319321,2003.7923008203504,19.997094726562523,0.4489688873291015,0.4885298311710357,845.728828125,1649.761474609375,1.1322035255287777,275.24039010337617,10,1
1776,2010-04-21 00:00:00,Meghalaya,25.3612,92.2845,411.6314053535461,2615.717589855194,3665.428183972836,19.299859619140648,0.4813709259033203,0.4760595858097076,868.581328125,1221.856689453125,2.0745837762530543,185.9089590754381,30,1
3738,2011-07-06 00:00:00,Manipur,24.8063,93.9482,31.54422715306282,158.01337733864784,591.6255377233028,23.2033630371094,0.4848047792911529,0.489664077758789,913.849921875,780.5044555664062,0.0689653263340483,112.45615169784952,50,1
7972,2015-08-28 01:45:00,Mizoram,23.4495,92.8112,30.77593632042408,240.11278338730327,726.8539313226938,23.237817382812523,0.4040120542049408,0.4080397188663482,919.621328125,849.9747314453125,13.157234388807224,130.03341634660467,10,1
6015,2014-05-08 00:00:00,Arunachal Pradesh,27.9032,96.174,798.6445426940918,1183.2582168281078,1378.8493303582072,20.237420654296898,0.486218124628067,0.4901765286922455,967.189609375,769.7901611328125,6.687784520502398,186.42484990620545,60,1
130,2007-07-19 00:00:00,Assam,26.1699,91.7986,156.07595443725586,652.4329036474228,1926.15170776844,27.2180114746094,0.4770622253417969,0.4885082244873047,989.247109375,139.7529296875,1.150776366449367,273.2570413768472,10,1
NEG_2426,2010-09-13 00:00:00,Mizoram,23.160513978079383,92.80193515989605,247.7629631757736,555.8657497167587,874.9906476587057,22.562799072265648,0.4245649874210357,0.4251213073730469,938.605625,994.1439208984376,7.509593576962596,90.34770162499092,10,0
2205,2010-08-06 00:00:00,Mizoram,23.7365,92.7146,285.47778725624084,928.9559125900269,1699.7179202735424,23.728448486328148,0.4235166013240814,0.4247169494628906,943.9175,937.8997192382812,5.579914920776682,339.16788080646165,50,1
7336,2015-08-19 09:00:00,Meghalaya,25.2193,90.5549,724.9652147293091,1801.114201545715,2592.480458319187,25.966851806640648,0.4797420501708984,0.49334716796875,997.342421875,256.8983764648437,3.5523941406595654,62.23685814283249,10,1
NEG_9251,2016-07-28 23:00:00,Nagaland,26.0407671735545,95.02166656970124,162.23213076591492,362.3019680380821,1639.4734159111977,20.299920654296898,0.4225839078426361,0.4218673706054687,850.743828125,1154.6282958984375,22.812949209507547,178.8216639773168,10,0
7655,2016-04-22 02:30:00,Arunachal Pradesh,27.5799,91.8569,340.8162593841553,825.6779313087463,1219.0122231841087,6.682305908203148,0.4270471036434173,0.4276409149169922,680.918984375,2737.44287109375,13.09900991924018,234.6482958909109,10,1
NEG_6786,2015-02-19 23:00:00,Assam,24.330190790537845,92.89221134212522,13.05229589343071,13.17593874045997,30.44295085783233,17.943963623046898,0.143904373049736,0.1653168946504593,978.355,276.9703369140625,4.066520789737403,317.3607774625224,10,0
2576,2010-10-09 00:00:00,Nagaland,25.4788,94.1399,296.03999853134155,895.6168591976166,1490.2336075901983,16.859674072265648,0.4418245851993561,0.4631875455379486,830.608359375,1537.544921875,9.357506143261372,160.28715399601128,10,1
NEG_8900,2016-07-07 00:00:00,Manipur,24.631027500282,94.35395975340202,114.54971134662628,999.0772753953934,3806.065127253533,25.083795166015648,0.420941025018692,0.4223187863826751,946.222890625,552.8555908203125,5.801421781331912,57.92230868389373,10,0
6292,2014-09-23 00:00:00,Assam,25.7238,89.9032,63.33695352077484,655.1556438207626,1181.1736561357975,24.961297607421898,0.4063243865966797,0.4139442443847656,998.076640625,26.56070709228516,1.3107214771057183,216.5520510767439,50,1
NEG_7923,2015-09-01 00:00:00,Assam,26.39827358477887,92.03879420085288,389.8312449455261,1752.2121369838717,2839.298665523529,25.553765869140648,0.4809093475341797,0.4813582003116607,999.445546875,48.875,0.141537961977122,110.03883284627102,30,0
NEG_9087,2016-07-19 00:00:00,Arunachal Pradesh,28.440415504356853,95.11203148947644,416.71139001846313,1740.1641607284546,3309.49866771698,21.137322998046898,0.4285488128662109,0.4286963045597076,897.799375,885.9141845703125,17.877097839233418,277.723009227774,10,0
NEG_7387,2015-08-01 00:00:00,Manipur,24.642986863578297,94.2307220056119,143.11224222183228,2297.4730134010315,4481.4664870500565,20.433953857421898,0.4541091918945312,0.4533500671386719,891.420625,1448.0335693359375,13.788512535597896,157.10630009690567,10,0
3662,2011-06-28 00:00:00,Manipur,25.03561729,94.0144205,120.98436802625656,369.9292466044426,754.5263357460499,21.879327392578148,0.4648450314998626,0.4912776947021484,893.087265625,806.7512817382812,0.5049251544687423,76.49299736759241,10,1
NEG_220,2007-08-31 00:00:00,Manipur,25.31319390369688,93.5599953324325,192.2337114810944,738.5664284229279,2892.9323703050613,23.083428955078148,0.4379628598690033,0.4490254819393158,906.233515625,851.0667724609375,13.376640943547796,156.45246865036302,30,0
1934,2010-06-03 05:00:00,Assam,24.6005,92.3814,68.62956285476685,337.24765479564667,1441.1212354898453,27.655206298828148,0.4493204653263092,0.449963241815567,1000.579609375,83.98977661132812,1.8149536381496505,102.10013822547842,10,1
3881,2011-08-05 00:00:00,Arunachal Pradesh,27.1034,93.6885,308.6547255516052,559.0705275535583,667.2757901251316,25.076531982421898,0.4192047119140625,0.4267965853214264,965.496953125,155.5460968017578,1.2825013168660084,304.6172431861145,50,1
692,2008-08-07 00:00:00,Nagaland,25.705,94.04,154.03982996940613,556.3499629497528,1664.1865074634552,20.8217712402344,0.4989179074764251,0.500189483165741,847.3853125,1069.9625244140625,11.876354697613882,28.45708761427977,10,1
2045,2010-07-06 00:00:00,Nagaland,26.2363,94.8133,68.67000460624695,288.69880735874176,1262.2705101966858,19.955133056640648,0.5002772212028503,0.4972699582576751,835.545703125,1537.0203857421875,6.137338458769166,48.53419663211503,50,1
NEG_7214,2015-07-15 08:00:00,Arunachal Pradesh,27.70039358345846,93.01598531287216,589.6618962287903,3007.000744342804,4227.701425552368,19.470849609375023,0.4245363771915436,0.4252897799015045,822.4703125,962.7032470703124,23.837856891081408,83.85259368064362,10,0
5575,2013-10-05 23:00:00,Nagaland,25.8266,94.1497,448.7433433532715,786.0217094421387,1019.0721764229238,20.591455078125023,0.4847221374511719,0.4788405001163482,908.708125,1409.963134765625,5.0377802536534775,327.48549035838386,10,1
1129,2009-08-30 00:00:00,Manipur,24.8628,94.4182,230.6683510541916,422.0235049724579,711.7157354950905,21.817254638671898,0.4205080568790436,0.4234199523925781,890.838125,968.0101318359376,12.739920429100884,268.0123768530062,10,1
NEG_4857,2013-05-11 09:00:00,Mizoram,23.551961257902203,93.14365357816472,47.25546389818192,378.1958594918251,1046.953670680523,22.354608154296898,0.3915386199951172,0.3821887969970703,903.02125,906.051025390625,6.064467243799026,296.74563392417497,10,0
2043,2010-07-06 00:00:00,Nagaland,26.7225,95.0281,126.08635425567628,436.5493059158325,1472.6831316947937,25.214501953125023,0.4619840085506439,0.4863363802433014,932.467421875,706.0902099609375,3.9986915018952094,73.37759309432857,10,1
4860,2013-05-11 00:00:00,Assam,26.1016,91.6906,115.43354392051695,403.9637893438339,718.962486833334,24.176324462890648,0.483929306268692,0.4923623502254486,980.188359375,123.84352111816406,12.244453475034453,7.4749115910407795,10,1
4403,2012-06-10 00:00:00,Manipur,24.8142,93.5444,196.38878107070923,273.9284560084343,570.5758668482304,23.942803955078148,0.4141438901424408,0.4063027799129486,931.359140625,556.4702758789062,16.40804950259465,186.20129575003,10,1
NEG_7664,2015-08-11 00:00:00,Manipur,24.557598930931302,93.0298624195636,270.8527445793152,440.3270781040192,1031.7660607397556,27.341119384765648,0.419931411743164,0.4221331179141998,986.05625,365.1482238769531,16.909334186825124,112.23010356351756,10,0
NEG_211,2007-08-26 00:00:00,Manipur,25.32626363771213,93.51976866015484,1178.9240837097168,1820.894718170166,2300.0292778015137,20.12716064453128,0.4811547696590423,0.4841314852237701,885.857265625,1389.0894775390625,9.234886378735888,333.0137086203571,10,0
NEG_8366,2015-09-23 15:00:00,Meghalaya,25.536326042965594,91.57121556052806,847.8810787200928,2882.537364959717,4204.842254519463,18.885888671875023,0.5011113286018372,0.5047410130500793,844.6128125,1719.4339599609375,0.5464201944364877,170.34958892801978,10,0
NEG_3760,2011-07-11 09:00:00,Nagaland,25.972627283609835,93.99632878761535,71.6484859585762,96.2279038503766,177.4011915549636,26.572320556640648,0.4409847259521484,0.4361801147460937,949.741640625,440.4856567382813,9.186761076296904,275.3653117806617,10,0
9404,2016-05-01 00:00:00,Arunachal Pradesh,28.0822,96.5316,139.881432056427,440.0012791156769,1560.438759624958,14.276849365234398,0.4195524752140045,0.4221414029598236,822.767578125,769.7901611328125,6.687784520502398,186.42484990620545,10,1
6290,2014-09-23 03:00:00,Meghalaya,25.5772,91.8666,1417.6970720291138,2675.6389439105988,3687.0806366205215,19.841729736328148,0.4827957153320312,0.501366913318634,875.34125,1471.2242431640625,4.095517749233523,345.92285797829373,10,1
NEG_5087,2013-07-12 00:00:00,Nagaland,25.482865743925384,93.6602410745148,158.46288204193115,336.2440001219511,781.7415129393339,22.3410583496094,0.5069987177848816,0.506820023059845,904.8615625,1636.206298828125,16.750533634007855,49.42556065483296,10,0
1994,2010-06-16 00:00:00,Assam,25.0633,92.8025,131.3951462507248,566.4468854665756,1263.8492733240128,22.654901123046898,0.4640636444091797,0.4692554473876953,930.14,114.3108901977539,4.903294759349135,85.55926438941185,10,1
NEG_7910,2015-08-01 00:00:00,Manipur,24.243198462115394,93.84869559461394,203.2352983951569,3251.171737909317,4594.709925353527,21.238946533203148,0.4765453338623047,0.4857858121395111,900.927265625,869.249755859375,9.392364418089214,217.0390428179928,30,0
1613,2010-04-02 23:00:00,Arunachal Pradesh,27.8997,93.3497,324.0787386894226,841.7584300041199,1750.065103173256,10.994256591796898,0.426370620727539,0.4261366426944732,777.00046875,878.1353149414062,9.075601212793392,195.769662184692,50,1
2573,2010-10-09 00:00:00,Assam,25.1796,93.0083,491.9173121452332,1322.0482468605042,1578.9903495460749,21.310174560546898,0.482372909784317,0.4722512662410736,932.455859375,637.9863891601562,9.809667786371577,66.20583676297156,50,1
7138,2015-07-07 00:00:00,Sikkim,27.0816,88.4397,66.32230430841446,829.3205574154854,2526.265911757946,23.036248779296898,0.4059028625488281,0.4156900942325592,882.3809375,417.0215148925781,12.996049259004463,327.26082401341773,10,1
1108,2009-08-20 00:00:00,Assam,24.9925,93.5,158.07755291461945,403.8296863436699,1519.8308154940603,22.2893005371094,0.4263165891170501,0.4254379272460937,932.474453125,1207.78369140625,4.92708736299653,332.5417647835508,50,1
NEG_7388,2015-08-01 00:00:00,Manipur,24.38499425883612,93.80606000478492,167.77455806732178,2605.9885025024414,3668.074071407318,21.812188720703148,0.4172261655330658,0.4236482083797455,913.535234375,870.3519287109375,7.977629109818459,110.25411997898937,40,0
5005,2013-07-01 00:00:00,Nagaland,26.72,95.029,227.22698748111725,841.2496149539948,1934.4086349010468,24.913385009765648,0.4775930941104889,0.4824085235595703,926.422265625,706.0902099609375,3.9986915018952094,73.37759309432857,50,1
147,2007-07-30 00:00:00,Mizoram,22.533,92.899,30.84084764122963,111.772071570158,741.8844290077686,23.652856445312523,0.3955300748348236,0.3994897305965423,935.905234375,769.7901611328125,6.687784520502398,186.42484990620545,30,1
2425,2010-09-13 00:00:00,Mizoram,23.3439,93.0748,278.023898601532,624.0936517715454,1063.1251484155655,21.081353759765648,0.4240048825740814,0.4255123138427734,905.259765625,1356.802978515625,8.742836595853413,111.23500955890404,10,1
3983,2011-09-23 00:00:00,Assam,26.1548,91.7351,180.5523633956909,798.0223894119263,1594.110131263733,26.673211669921898,0.4937769472599029,0.4994468688964844,995.338125,54.70600509643555,2.6630794621528007,104.31657079654804,50,1
7334,2015-08-18 00:00:00,Arunachal Pradesh,28.1737,94.7596,475.0388562679291,1453.1065225601196,2115.8413514494896,22.185083007812523,0.4293511807918548,0.4293238222599029,925.774375,513.426025390625,10.215682642121504,55.54445251268993,10,1
6105,2014-06-26 23:00:00,Arunachal Pradesh,28.9205,95.3429,177.19927430152893,724.9113917350769,2365.865409374237,13.878961181640648,0.4240811765193939,0.425140380859375,706.238515625,769.7901611328125,6.687784520502398,186.42484990620545,30,1
5250,2013-08-01 00:00:00,Arunachal Pradesh,27.8837,93.0515,186.9220733642578,405.4790958762169,1346.1774811148643,16.111444091796898,0.420346587896347,0.419482558965683,754.658203125,1756.45751953125,17.220926524785423,136.88373876667254,10,1
7390,2015-08-01 00:00:00,Manipur,24.4265,94.1913,178.37345600128174,3517.4577236175537,6102.3128926754,21.208032226562523,0.4231039583683014,0.42449951171875,910.521484375,1288.5555419921875,8.570662484967764,98.3891459707828,10,1
3837,2011-07-24 12:30:00,Assam,26.5836,93.0038,99.13258254528046,540.9818440675735,2089.8211374878883,27.926354980468773,0.4935328066349029,0.4909197390079498,990.4115625,68.0242691040039,0.4272795045325537,335.6483081781262,40,1
9122,2016-07-20 00:00:00,Assam,26.1966,91.802,241.256445646286,892.4944400787354,2149.7499495744705,26.8273864746094,0.4768886566162109,0.4861869812011719,991.964375,85.3450698852539,1.3789912984809214,274.2269234670863,10,1
NEG_247,2007-09-08 00:00:00,Manipur,24.77154189350776,94.14890629729086,227.99965739250183,1214.2990827560425,2797.361237928272,21.104058837890648,0.4909928739070892,0.4948698580265045,897.53625,1106.174560546875,9.96744767948866,295.7747239090286,10,0
5336,2013-08-16 00:00:00,Nagaland,26.3897,94.9439,172.3884791135788,582.1204334497452,1690.2138590812683,21.732934570312523,0.4446252286434173,0.461160659790039,881.07625,627.07861328125,13.090548270636058,207.77029875351613,10,1
NEG_9464,2016-08-05 00:00:00,Arunachal Pradesh,27.921549490784034,91.7916902296788,123.58011305332184,265.97970351576805,847.2309745848179,8.471185302734398,0.4171803891658783,0.4142055511474609,619.4467578125,3764.73583984375,12.363997710043307,141.6328908340156,10,0
NEG_3840,2011-07-25 00:00:00,Manipur,24.35472224265293,93.82877415240516,43.66997629404068,210.41324362158767,1401.157584041357,23.915551757812523,0.400177001953125,0.4023202359676361,914.184296875,956.697265625,3.167041122468641,22.851791201699086,10,0
2253,2010-08-15 23:00:00,Manipur,25.31006064,94.48265093,202.3056447505951,600.4434823989868,1507.8123211860657,21.185845947265648,0.4642340242862701,0.4791336059570312,857.933671875,1510.476806640625,12.312153725564654,134.2816068609706,30,1
NEG_141,2007-07-26 00:00:00,Meghalaya,25.05464538041512,91.60525799766008,992.4672842025756,2861.5082502365112,5934.972256422043,24.029595947265648,0.4597333371639251,0.4693107604980469,996.674140625,8.765419960021973,0.3010090919944551,238.3796526505004,40,0
NEG_7266,2015-07-22 00:00:00,Manipur,25.66275873376433,93.56638699090216,254.5214295387268,2022.2994089126587,2851.6218289732933,25.324273681640648,0.4973557889461517,0.4974257051944732,972.8271875,251.9993896484375,1.9065975812700229,16.34002263656089,10,0
NEG_4860,2013-05-11 00:00:00,Assam,25.89802659339719,92.10737816165656,93.82963180541992,602.9359698295593,1048.0511151254177,21.583856201171898,0.4459311068058014,0.4787940979003906,912.5925,820.631591796875,4.58097323155033,302.3640310846694,30,0
1109,2009-08-20 00:00:00,Assam,25.5215,93.1645,42.98590123653412,154.02479097247124,1460.7890462502835,25.505181884765648,0.4653536379337311,0.4516519010066986,963.428203125,266.9810791015625,0.4611351127389449,216.132334832398,10,1
2436,2010-09-16 03:00:00,Mizoram,24.3069,93.125,101.54958069324492,443.84804368019104,1070.936307311058,23.226098632812523,0.4218196868896484,0.423673003911972,949.195625,645.5643310546875,12.273128316174358,267.0782399853148,10,1
NEG_7590,2015-08-19 00:00:00,Meghalaya,25.39231821688636,92.5419381548779,311.54584884643555,759.9122524261475,1245.4386577010157,21.7568298339844,0.4824562072753906,0.4933942258358001,905.191171875,863.4881591796875,2.2113882632132724,88.48003460988593,10,0
1857,2010-05-11 09:00:00,Meghalaya,25.3433,92.2897,344.5813357830048,1671.6758906841278,1952.2890727967024,21.7114196777344,0.4843679964542389,0.4805208742618561,901.757578125,1215.112548828125,1.8833264183814304,146.74559054599376,30,1
8901,2016-07-10 00:00:00,Nagaland,25.7902,94.1318,348.533034324646,693.98582726717,1669.385276734829,23.44234619140628,0.4827887117862701,0.4975992739200592,902.164609375,1206.9296875,6.742486479138113,102.8942723311161,10,1
NEG_4403,2012-06-10 00:00:00,Manipur,24.450271930830247,93.6945793030518,127.43934988975523,256.8682245910168,598.8200083374977,22.620721435546898,0.42840576171875,0.4282341003417969,897.606640625,877.6240234375,3.6934336393545046,128.5593583011813,10,0
322,2007-10-21 00:00:00,Assam,24.75,93.4333,11.721886694431303,202.96452939510343,703.94666492939,19.4936462402344,0.4019292294979095,0.4071553647518158,940.169140625,362.1705322265625,15.483210744660209,108.05906285383467,10,1
4378,2012-06-02 00:00:00,Arunachal Pradesh,28.8254,96.1517,333.412766456604,550.8383810520172,622.4377420730889,4.858209228515648,0.4279867708683014,0.4283332824707031,681.528984375,769.7901611328125,6.687784520502398,186.42484990620545,10,1
NEG_4556,2012-09-16 00:00:00,Sikkim,27.5896934546446,88.24511992275988,446.9136893749237,1855.9355437755585,2419.283777475357,0.7170654296875227,0.4350592195987701,0.4314053952693939,556.5612890625,5174.4189453125,28.726165497183004,100.5395291520141,70,0
7383,2015-08-01 00:00:00,Manipur,23.899,94.1434,282.59071707725525,5691.99213385582,8835.239857435226,23.137231445312523,0.4868539273738861,0.4983577728271484,953.135234375,769.7901611328125,6.687784520502398,186.42484990620545,10,1
2569,2010-10-08 00:00:00,Nagaland,25.2745,94.0212,304.9425482749939,857.192873954773,1115.9185152500868,16.973748779296898,0.4333521425724029,0.4351113736629486,857.685859375,1087.3592529296875,4.53594513639666,130.50762671786322,50,1
2243,2010-08-13 00:00:00,Nagaland,25.70223725,94.04619681,152.7588665485382,653.3136963844299,1082.8282088041306,21.133477783203148,0.481851577758789,0.4972139894962311,853.373515625,1062.59765625,14.65956716204104,80.16608335311304,40,1
1755,2010-04-17 15:00:00,Sikkim,27.3341,88.6083,80.5806815624237,172.12090641260147,437.2959602624178,17.621728515625023,0.3911495208740234,0.3795293271541595,850.088203125,1469.758056640625,17.94398388888501,255.26301919686688,10,1
5429,2013-09-01 18:00:00,Sikkim,27.3425,88.2426,573.3753442764282,843.0556803941727,1768.9556926488876,17.728570556640648,0.4277922213077545,0.4261722564697265,809.348515625,1447.2020263671875,27.90603652193688,207.82629545405464,10,1
NEG_5427,2013-08-15 00:00:00,Nagaland,25.34564774934373,93.76693138722476,255.16849756240845,664.0631705522537,2003.825411200524,20.864282226562523,0.4213873445987701,0.4237829744815826,871.403828125,1559.1212158203125,3.626259872801618,25.94369007384409,10,0
NEG_2411,2010-09-10 00:00:00,Arunachal Pradesh,26.73128178284936,94.06279548379688,180.45517802238464,573.0841606855392,1153.6362022161484,26.635888671875023,0.4567438662052154,0.4794769287109375,991.091484375,79.90675354003906,0.2483023993795021,359.12909702097846,40,0
7666,2015-08-11 00:00:00,Manipur,25.1019,93.3729,94.841331243515,808.520957827568,1260.0038349628448,25.108056640625023,0.4432913362979889,0.4464950561523437,926.6275,1093.6376953125,3.7282623430802193,124.43637289921702,50,1
8012,2015-09-06 15:00:00,Meghalaya,25.9703,91.8584,155.85607290267944,467.4021899700165,5452.505707740784,24.969995117187523,0.4662996828556061,0.4895127713680267,960.862265625,343.8716125488281,3.5430934319129843,137.11105438447817,10,1
NEG_5005,2013-07-01 00:00:00,Nagaland,26.46610577637786,95.24774198220328,344.36050057411194,1310.5303347110748,2633.0436170101166,20.228662109375023,0.4609902799129486,0.4579842984676361,849.290078125,2027.3865966796875,1.0716452752000991,222.88363575461565,10,0
258,2007-09-11 00:00:00,Manipur,24.4279,94.0564,99.04000163078308,195.0954981148243,2264.5296938717365,21.475518798828148,0.4322770535945892,0.4372685849666595,889.359140625,855.2040405273438,4.749735885853616,16.25409127576404,30,1
NEG_4383,2012-06-03 00:00:00,Assam,25.346205891010896,93.54075195006472,2269.507884979248,3277.8992354869843,4221.422970294952,21.080102539062523,0.4815133512020111,0.4851417541503906,879.264765625,1231.088623046875,9.157110695343931,351.68300701489227,10,0
NEG_3805,2011-07-19 00:00:00,Sikkim,26.696027048320524,88.59157842596794,2509.5033645629883,3006.702244281769,4574.932396411896,24.887261962890648,0.430631011724472,0.4346459805965423,972.602734375,104.79438018798828,0.8638907715726369,91.54147688621448,10,0
NEG_6513,2014-08-14 23:00:00,Tripura,23.35285895539982,92.0197698073832,94.04284507036208,292.67585277557373,711.6685286164284,24.659478759765648,0.4235833585262298,0.4221687316894531,990.468203125,69.4129638671875,2.122275086406719,90.32630601526272,10,0
NEG_7267,2015-07-22 00:00:00,Manipur,25.485447166692968,93.65194141530375,282.9337418079376,1398.5874354839325,2587.6583009958267,22.1230407714844,0.5031401515007019,0.499163955450058,905.891328125,1615.039794921875,11.649917793414206,250.02506620253143,10,0
1954,2010-06-07 00:00:00,Manipur,24.7543,93.5039,130.56910037994385,331.39992505311966,799.7011095285416,24.138360595703148,0.4193560183048248,0.4166196286678314,934.751875,484.81536865234375,25.20938550839688,356.6770109998239,10,1
NEG_4407,2012-06-13 00:00:00,Assam,25.135183964605783,92.02313045658724,190.96875190734863,1021.6031968593596,2566.766366362572,27.179315185546898,0.485522598028183,0.4935308992862701,990.198046875,12.644506454467772,0.0704656317229035,150.2485949350371,10,0
NEG_4241,2012-03-04 00:00:00,Manipur,25.381406084206787,93.61391782619695,10.662473738193512,65.708227455616,121.1999754386852,15.218438720703148,0.3005625307559967,0.3005549013614654,899.724453125,993.8297729492188,6.901756760422487,302.63149549294315,10,0
594,2008-06-19 00:00:00,Manipur,24.9336,93.8275,109.66378450393675,552.5323450565338,849.8273082077503,20.83663330078128,0.470621109008789,0.4823964536190033,882.165859375,959.5870361328124,9.0753535596754,102.77334528370255,30,1
4848,2013-05-08 00:00:00,Tripura,24.0896,91.4663,843.4969782829285,2612.0495796203613,4900.163682177663,23.266046142578148,0.4288806915283203,0.4293498992919922,1000.4565625,108.52161407470705,1.4272561552983816,308.4795637045271,10,1
NEG_1986,2010-06-15 00:00:00,Nagaland,26.522270449564243,94.23068137579295,87.62840181589127,196.7502012848854,825.1342251896858,27.451287841796898,0.4860916137695312,0.487591415643692,980.261796875,115.86222839355467,0.2697257950224216,277.6067614628814,40,0
NEG_9186,2016-07-25 12:30:00,Manipur,25.405920096039328,93.6725108129302,326.93761587142944,786.4294499158859,1052.9793612658978,20.423272705078148,0.4293225705623626,0.4308096468448639,901.395703125,1032.497314453125,8.145785046483862,66.61582313360566,10,0
NEG_6292,2014-09-23 00:00:00,Assam,25.61199304751832,89.5945862316191,65.7181441783905,834.1096341609955,1479.709230363369,25.204125976562523,0.4063619077205658,0.4035301208496094,1001.270390625,24.45280838012696,0.1667301577220116,232.2945493269692,40,0
NEG_2247,2010-08-14 00:00:00,Nagaland,26.17638173458833,95.1624810242824,740.0277256965637,1481.0336083173752,2624.5908737182617,19.391717529296898,0.492450088262558,0.4998137056827545,822.833828125,2062.589111328125,13.568322921600286,73.29534300747366,10,0
NEG_5273,2013-08-04 00:00:00,Nagaland,26.53381472288484,94.4533029934198,95.72190046310423,315.92437252402306,961.771745234728,26.6271911621094,0.4881178438663482,0.4713497161865234,942.376484375,290.0682373046875,2.1391907241617267,185.8381403936608,10,0
NEG_252,2007-09-09 00:00:00,Nagaland,25.38552139105027,93.7334314875416,164.69348967075348,987.9566878080368,2130.6449994444847,21.359887695312523,0.4278996884822845,0.4285488128662109,897.764609375,404.33001708984375,6.521746988625742,35.23988470596555,10,0
9087,2016-07-19 00:00:00,Arunachal Pradesh,28.235,94.9612,264.66837525367737,1089.3307030200958,2941.861003637314,21.787530517578148,0.4285545349121094,0.4281018674373626,909.523984375,245.27549743652344,8.972045227574931,341.8045690673335,10,1
NEG_587,2008-06-15 00:00:00,Assam,26.928361996324007,94.39371557767676,35.31492501497269,679.2549565434456,1561.4870488643646,28.365869140625023,0.4922453463077545,0.4978650510311126,987.917734375,86.6552505493164,0.016300462744377,13.849090406954929,40,0
NEG_2163,2010-07-29 00:00:00,Nagaland,25.541329971018328,93.64586281437104,311.35624647140503,631.3520520925522,1603.7552505731585,22.83883056640628,0.4646498262882232,0.466714859008789,909.463984375,1075.9495849609375,17.936040615112713,8.395065126664292,10,0
NEG_6968,2015-06-13 00:00:00,Meghalaya,25.733168206255137,92.57181899488776,523.8155126571655,5000.147700309753,5776.400271803141,23.804956054687523,0.4711920320987701,0.496551513671875,929.128828125,781.28369140625,8.61314178527265,336.58821067141014,10,0
NEG_213,2007-08-26 00:00:00,Assam,25.619044191951257,92.71740139496968,431.4672946929932,829.5279145240784,1391.5609046816826,23.45650634765628,0.4739958345890045,0.4963487088680267,941.223125,563.367431640625,2.672177211665216,113.83436493477416,10,0
5421,2013-08-30 00:00:00,Nagaland,26.4205,94.9731,126.10259652137756,403.777077794075,1246.3263720273972,20.736993408203148,0.4193318784236908,0.4197807312011719,857.067578125,692.2982177734375,3.009792004546396,301.4854691815915,30,1
NEG_7389,2015-08-01 00:00:00,Manipur,24.182108515103383,93.69087940282895,172.72675037384033,2649.251341819763,3837.338700890541,21.406182861328148,0.4853909909725189,0.4876925051212311,897.974765625,1126.588134765625,4.664307279578634,323.3181913113713,10,0
NEG_1109,2009-08-20 00:00:00,Assam,25.51289336841104,92.72340229677351,121.74106389284134,425.19234865903854,1129.554457962513,23.5495544433594,0.4885190427303314,0.4823818206787109,932.120703125,607.6402587890625,2.1917200081690007,307.6437113247831,40,0
4552,2012-09-14 00:00:00,Sikkim,27.0377,88.3603,1044.918656349182,2140.494167804718,2483.298882842064,20.262017822265648,0.4255892336368561,0.4258003234863281,888.5103125,1495.0576171875,15.1203979993667,147.47484597811797,10,1
NEG_7780,2015-08-26 00:00:00,Mizoram,23.17515858574107,92.6917071003918,128.86092066764832,365.831159055233,1288.8068854808807,24.37008056640628,0.4165140688419342,0.4176165163516998,938.31,377.2553405761719,3.523714779556856,41.14443167580583,10,0
4394,2012-06-07 04:30:00,Sikkim,27.1748,88.6458,45.45610398054123,90.18535166978836,715.613130480051,21.164361572265648,0.3813114166259765,0.3739897310733795,860.942265625,931.6356201171876,17.881811278484562,238.76957820535995,10,1
NEG_714,2008-08-14 00:00:00,Assam,27.42338009394517,93.64324666792044,256.62940740585327,718.082457780838,2290.089607238769,19.656060791015648,0.4267819821834564,0.426983505487442,852.081328125,1351.418212890625,17.89941488811729,31.94339035457631,10,0
NEG_6963,2015-06-19 00:00:00,Mizoram,24.039767335508945,92.95777667014242,111.7003783583641,270.01144737005234,1049.0812808275225,24.864312744140648,0.4079850614070892,0.4011751711368561,931.727890625,433.6161193847656,12.235147334600358,62.61850770116769,10,0
NEG_2248,2010-08-14 00:00:00,Nagaland,26.147142347113864,95.16929344500927,821.8687176704407,1794.895380735397,3540.0876104831696,18.831719970703148,0.4812297821044922,0.4963842928409576,814.2809375,1596.85986328125,4.161373867789895,331.4741138206939,10,0
9051,2016-07-19 09:00:00,Meghalaya,26.09748244,91.8744337,594.4920778274536,1611.109435558319,2853.842318058014,26.006280517578148,0.4775657653808594,0.4972362518310547,981.241875,130.5399169921875,4.369105232547578,174.30760722947014,10,1
7372,2015-07-31 23:00:00,Manipur,25.0634,94.3415,585.2512121200562,1503.7210881710052,2071.4677907526493,17.758111572265648,0.4524854123592376,0.4609216153621673,849.2459375,1812.20166015625,7.014487221753697,253.4700516299402,10,1
NEG_2243,2010-08-13 00:00:00,Nagaland,25.99068711017735,93.75949493558724,77.27573812007904,352.3096591234207,487.47435957193375,26.781182861328148,0.4631576538085937,0.4853006899356842,980.193515625,138.4131317138672,0.3202905345511808,69.8884892862925,40,0
2426,2010-09-13 00:00:00,Mizoram,22.7176,92.8416,278.8195013999939,685.7384741306305,1224.2569327354431,22.9020935058594,0.4260629117488861,0.4268182218074798,947.068125,769.7901611328125,6.687784520502398,186.42484990620545,10,1
2568,2010-10-08 00:00:00,Assam,24.7679,93.4108,312.97892332077026,684.1634809970856,841.4631085470319,20.525323486328148,0.4285545349121094,0.4281425476074219,933.26375,475.3904418945313,7.316687058680845,306.16785747965133,10,1
NEG_7383,2015-08-01 00:00:00,Manipur,23.68153779656637,93.797794222949,272.83793687820435,4016.331493854522,6425.298392772675,19.264916992187523,0.4250405728816986,0.425839751958847,852.013984375,1514.5438232421875,20.503566255669487,292.94530084461906,10,0
5300,2013-08-09 00:00:00,Nagaland,25.318,94.0441,96.4016243815422,465.6166806817055,1969.826452434063,19.952905273437523,0.4221369326114654,0.420663833618164,858.248125,1008.3526000976562,4.383441676125514,298.2507432183308,40,1
6969,2015-06-16 06:15:00,Meghalaya,25.5114,90.215,339.4484221935272,751.4449208974838,3824.406310915947,24.607232666015648,0.4622764587402344,0.4937788546085357,969.665390625,295.5668334960937,3.817092570345536,218.2879096682988,10,1
2304,2010-08-21 18:00:00,Nagaland,25.5718,94.1211,88.58682215213776,497.3926842212677,1047.2596883773804,18.976129150390648,0.4986438751220703,0.5015265345573425,828.124296875,1858.2998046875,19.40328470584464,93.461036408256,50,1
211,2007-08-26 00:00:00,Manipur,24.9667,93.55,837.2078537940979,1272.4179476499555,1611.5845181047916,20.445428466796898,0.4262428283691406,0.4268805086612701,899.217265625,593.2677001953125,9.033307194090469,272.87453137637533,10,1
2282,2010-08-19 06:30:00,Nagaland,26.1984,94.8158,406.2915742397308,809.2395588755608,2193.1598857045174,19.755426025390648,0.4784456789493561,0.4901898801326751,836.572109375,2008.77587890625,17.65266119388488,313.1173456421536,10,1
NEG_4845,2013-05-07 00:00:00,Mizoram,23.98785547512589,92.4065478391608,635.8809471130371,976.6377061605452,1653.1191673129797,23.321160888671898,0.4237842559814453,0.4176025390625,976.1934375,137.50990295410156,0.5295464335292813,55.110145536666494,10,0
NEG_1222,2009-10-05 00:00:00,Mizoram,23.97671093243185,92.90105420078804,372.4610209465027,1027.8170108795166,1174.6429726481438,23.262231445312523,0.4260234832763672,0.4275671541690826,939.946484375,792.063720703125,5.7028755942959135,223.37833652070293,10,0
NEG_4434,2012-06-25 18:00:00,Assam,26.20968413139126,92.04845595187294,796.844482421875,2274.2720246315,4541.343569755554,25.667504882812523,0.4781665802001953,0.4861488342285156,985.270703125,52.39288711547852,0.0938664966869467,2.967696020044229,40,0
NEG_258,2007-09-11 00:00:00,Manipur,24.334563870463583,93.77893665290767,101.50539875030518,195.86247205734253,1132.721647620201,22.408624267578148,0.4701773226261139,0.488034576177597,907.15625,1033.331787109375,11.819083495000465,103.74851657785008,10,0
NEG_5122,2013-07-17 00:00:00,Nagaland,25.817189389722056,93.58867085720804,33.432070165872574,646.7634178698063,913.2355861365796,27.308160400390648,0.426605224609375,0.4497038424015045,966.895390625,195.8861083984375,0.5308893189188129,151.48853648339764,10,0
5268,2013-08-04 00:00:00,Nagaland,26.0137,94.5163,88.24130892753601,346.70449793338776,643.5313746333122,22.506036376953148,0.4861526489257812,0.4751459658145904,871.3403125,1628.5465087890625,13.144068081370838,286.79501747747133,30,1
3794,2011-07-17 00:00:00,Sikkim,26.99195749,88.42280921,397.8900611400604,2304.912894964218,3271.2304294109344,21.59151611328128,0.4225851595401764,0.4253667294979095,885.754765625,368.9798278808594,15.92769788296538,105.5497579156226,10,1
587,2008-06-15 00:00:00,Assam,27.2298,94.0989,33.23225677013397,793.796107172966,1369.256652891636,27.445703125000023,0.3906269073486328,0.3925743103027344,978.021484375,95.56906127929688,0.0492543101912447,124.23375481267384,10,1
1127,2009-08-27 00:00:00,Assam,25.1718,93.123,116.86863750219344,352.33423486351967,1489.1291223466396,23.1308532714844,0.4922657012939453,0.4908790588378906,923.221484375,698.047607421875,6.842775166761434,342.1226314557396,30,1
1125,2009-08-26 00:00:00,Sikkim,27.3746,88.7648,204.94532585144043,1048.6215949058533,2605.779767036438,7.899774169921898,0.4238554537296295,0.4248650968074798,638.30015625,3757.88720703125,8.163739033151451,195.52331757178783,80,1
2098,2010-07-19 06:00:00,Nagaland,26.7215,95.0283,517.723798751831,1196.9130635261536,2589.723721146584,24.018731689453148,0.4891242980957031,0.4967390596866607,929.603359375,706.0902099609375,3.9986915018952094,73.37759309432857,50,1
4411,2012-06-14 04:00:00,Sikkim,27.339,88.6065,255.7017207145691,478.5924255847931,967.621311545372,20.582055664062523,0.4206180572509765,0.424578994512558,844.6971875,1469.758056640625,17.94398388888501,255.26301919686688,50,1
5312,2013-08-11 23:00:00,Assam,26.7103,94.693,246.78218364715576,540.1633381843567,1481.3680797815323,24.6015563964844,0.4756380617618561,0.4875265657901764,953.45625,652.4923706054688,4.481911638814571,248.24238451689604,10,1
NEG_7701,2015-08-19 15:00:00,Nagaland,25.505701338870228,93.6569065747808,202.8051465749741,363.35328966379166,736.8845008313656,22.638726806640648,0.4651502072811126,0.4866708219051361,905.304921875,1497.6103515625,14.831757545088609,134.05165039695112,10,0
1996,2010-06-17 19:30:00,Nagaland,26.4333,94.8833,210.00249683856964,496.9129338860512,1318.442843854427,22.756768798828148,0.4525095522403717,0.4590231478214264,881.296640625,486.9370727539063,3.786713557008382,153.8599633681633,10,1
220,2007-08-31 00:00:00,Manipur,25.1333,93.9667,82.45778828859329,315.32134115695953,1722.3937958478928,21.7358337402344,0.4828084409236908,0.4843553006649017,878.015625,1013.5531005859376,2.1161684327771955,229.28498003057123,40,1
NEG_9124,2016-07-19 00:00:00,Meghalaya,25.496482813037304,90.53544111756602,215.77513217926025,934.041142463684,1626.4320276677608,23.586358642578148,0.469836562871933,0.4943008422851562,940.924765625,414.15618896484375,7.595866246352783,48.92652581326439,10,0
NEG_5431,2013-09-01 00:00:00,Assam,24.604080180592213,93.2945459939828,125.36947429180144,336.18298918008804,2099.4088277220726,24.840631103515648,0.4193611145019531,0.4187215268611908,957.743984375,676.0496215820312,19.05208262140785,142.3458559111384,10,0
4757,2013-02-18 00:00:00,Arunachal Pradesh,28.1193,95.1645,238.33969235420227,414.4720863550901,428.0509015188727,12.950646972656273,0.393411636352539,0.2913176119327545,926.635703125,696.5213623046875,17.542014670303704,249.12720299143,10,1
7214,2015-07-15 08:00:00,Arunachal Pradesh,27.36,93.0385,1157.9715013504028,2155.4669737815857,2925.72795599699,21.6616149902344,0.4255434572696686,0.4269956052303314,889.528671875,399.9796447753906,8.911732926006986,87.63909690615611,50,1
NEG_126,2007-07-16 00:00:00,Sikkim,27.54851262872462,88.39830217853456,231.652706861496,691.7200684547424,3885.167360305786,14.635736083984398,0.4262777864933014,0.426907867193222,730.358515625,2492.0947265625,22.4673068126004,25.72973186168707,10,0
NEG_3925,2011-08-15 00:00:00,Arunachal Pradesh,27.41205603102327,92.72611801971424,1208.1270217895508,2152.04294025898,2344.4899078458548,17.367578125000023,0.4286880493164062,0.4286963045597076,821.361875,2079.31396484375,17.256845721435546,98.17847474882308,10,0
NEG_1954,2010-06-07 00:00:00,Manipur,24.504637733948133,93.17244796807782,116.52454733848572,278.06221321225166,572.4005699157715,26.350274658203148,0.4121150970458984,0.4073721468448639,972.193125,83.75361633300781,3.103269225504623,301.9840113873668,10,0
NEG_8222,2016-06-22 12:00:00,Assam,26.29804121755152,91.48221473671636,124.3857964873314,244.87166106700897,1150.481540709734,27.045770263671898,0.50567626953125,0.493539810180664,998.351015625,45.80346298217773,0.1445105186399374,185.986643688778,40,0
4610,2012-11-11 00:00:00,Mizoram,23.7705,92.5217,2.317926147952676,5.502913842065027,542.6518365238735,19.653192138671898,0.362866073846817,0.3692900240421295,961.513125,74.835205078125,4.898545278699525,264.85824031246943,10,1
NEG_2425,2010-09-13 00:00:00,Mizoram,23.22775123539453,93.24705482064591,250.97259879112244,640.5422687530518,1057.4428290128708,20.518212890625023,0.4242719113826751,0.4260807037353515,894.013515625,1202.688232421875,16.44841070809309,309.0712009854765,30,0
NEG_2281,2010-08-19 18:00:00,Nagaland,26.036444519641627,94.05162434068212,134.66396927833557,237.8836944699288,741.751991212368,23.9799743652344,0.4661846160888672,0.4898738861083984,924.145859375,440.6141662597656,18.09349268926833,161.41918748740682,10,0
2247,2010-08-14 00:00:00,Nagaland,26.148,94.8422,277.1713733673096,622.1922934055328,1182.670719921589,20.626733398437523,0.4742342531681061,0.4770971834659576,850.658828125,1469.3292236328125,14.268605368791729,294.5537774707529,10,1
NEG_2415,2010-09-12 00:00:00,Nagaland,25.643038629012164,93.6624314803965,229.42842543125155,546.7960387468338,1145.0966894626615,23.964013671875023,0.4821033477783203,0.4877789914608001,935.090625,337.17987060546875,0.4926400122280712,211.45606897372605,10,0
9619,2016-10-15 00:00:00,Sikkim,27.1695,88.3664,27.941210195422173,866.3415443152189,2264.837367460132,18.821313476562523,0.3929061889648437,0.3993403017520904,879.016875,1417.80419921875,17.35293251704138,294.61948481459285,10,1
NEG_2422,2010-09-13 00:00:00,Mizoram,24.034004347754948,93.06269586573237,125.62933564186096,324.97672736644745,1081.4676135778427,22.663476562500023,0.4218470156192779,0.4231363832950592,926.548125,782.94677734375,25.7787975309866,69.08727384398435,10,0
2164,2010-07-29 23:00:00,Manipur,25.3098633,94.48214677,318.8941478729248,524.9949842691422,1411.2136363983154,20.455865478515648,0.4559599459171295,0.4765872955322265,855.136484375,1510.476806640625,12.312153725564654,134.2816068609706,30,1
319,2007-10-19 00:00:00,Nagaland,25.4379,94.1162,237.8521263599396,516.5746510028839,1409.0586155653,17.483575439453148,0.4850667417049408,0.4972235262393951,866.381953125,1478.8232421875,13.167278824071412,221.08207849733128,10,1
255,2007-09-10 00:00:00,Manipur,24.2451,94.0691,120.01198530197144,327.7340158820152,2266.463540494442,22.016442871093773,0.434781402349472,0.4333133697509765,895.1190625,1243.0540771484375,16.400017157937622,136.30742401944758,10,1
NEG_580,2008-06-09 00:00:00,Manipur,24.58471872165929,93.73775008645842,223.41862320899963,688.4274184703827,1216.4131700992584,21.697351074218773,0.4463672637939453,0.4645538330078125,897.158125,817.2147827148438,2.5132868203056,98.9183329384652,50,0
6143,2014-07-14 18:00:00,Mizoram,23.7327,92.7463,219.5325791835785,918.5638427734376,1317.0425724238155,24.658868408203148,0.4238491058349609,0.4249826967716217,938.395859375,769.8861083984375,10.671182579001156,225.4895296658096,50,1
NEG_7728,2015-08-22 09:00:00,Assam,25.905392700764885,92.14137870627906,380.3744912147522,1376.191005110741,3636.5784853696814,23.2233825683594,0.4682566225528717,0.4845899045467376,910.733125,747.193115234375,5.623334563111306,71.77604451111415,10,0
7266,2015-07-22 00:00:00,Manipur,25.5098,93.8794,275.08530020713806,1204.4092416763306,2323.25941324234,18.9824157714844,0.430957168340683,0.4316247403621673,843.4884375,1694.1363525390625,10.721322079901263,257.4454159439083,10,1
7933,2015-09-01 00:00:00,Assam,26.1868,91.6739,787.1838808059692,2271.0939049720764,3662.887379527092,25.284570312500023,0.4775905609130859,0.497882217168808,993.059296875,52.91970443725586,0.4340399737320287,193.1004180876671,10,1
NEG_755,2008-08-28 00:00:00,Sikkim,26.987397295077187,88.78233435418707,962.1673226356506,2235.321938991546,3069.012582302093,21.617608642578148,0.403607040643692,0.4076423645019531,905.603984375,560.5260620117188,6.27910157086785,186.3085999191301,10,0
3760,2011-07-11 09:00:00,Nagaland,25.6703,94.1095,151.77880227565765,385.6931701302528,981.357291340828,22.095513916015648,0.4876371920108795,0.4923477172851562,863.196953125,1437.6785888671875,3.90062880412572,233.3668276450973,50,1
9251,2016-07-28 23:00:00,Nagaland,25.8702,94.7844,77.59641855955124,281.75271302461624,1555.6705370545387,22.285943603515648,0.4895280301570892,0.4820314943790436,887.6059375,1061.67236328125,7.95859469202848,195.1947088378577,50,1
9169,2016-06-12 00:00:00,Nagaland,26.1677,94.2442,157.9696536064148,671.7102229595184,1133.4130614995956,24.856225585937523,0.4851201474666595,0.4908523559570312,943.724140625,653.855224609375,18.960487750819365,314.0576925262786,10,1
755,2008-08-28 00:00:00,Sikkim,27.337,88.609,1212.7799987792969,2771.0379362106323,5004.718393087387,18.864923095703148,0.4295463562011719,0.4331398010253906,845.74015625,1469.758056640625,17.94398388888501,255.26301919686688,50,1
NEG_2166,2010-07-29 00:00:00,Assam,25.36688946758651,93.51665046385986,315.38110971450806,598.9274904131889,1513.9119401574137,22.037164306640648,0.4910761415958404,0.4776210784912109,897.240625,1174.4598388671875,9.52146881936216,155.5872019182509,10,0
NEG_7384,2015-08-01 00:00:00,Manipur,23.626358519195826,93.80399989645768,321.12711668014526,3892.78095960617,6344.78086233139,19.384210205078148,0.4241593778133392,0.425280898809433,856.268515625,1861.4267578125,21.842654364169675,306.3467542189962,10,0
212,2007-08-26 00:00:00,Meghalaya,25.5576,91.8506,162.37355768680573,544.0937429666519,996.3797107338904,20.743463134765648,0.4899202883243561,0.499490737915039,875.617734375,1658.1741943359375,3.944564736044552,54.566847946680696,10,1
313,2007-10-16 00:00:00,Nagaland,25.7055,94.0132,349.3392765522003,824.5458602905273,1745.123740285635,17.177911376953148,0.4748077392578125,0.4717935025691986,858.124921875,1421.5885009765625,15.4376377177618,126.54285061130884,10,1
7590,2015-08-19 00:00:00,Meghalaya,25.1416,92.3807,888.9140486717224,2577.019453048706,4083.320498466492,23.7038513183594,0.4650897979736328,0.4820931851863861,973.762421875,142.55812072753906,7.411453993188049,72.58839765772734,10,1
5476,2013-09-07 15:00:00,Sikkim,27.3736,88.7323,43.26741769909859,646.969635039568,2484.637040644884,11.561517333984398,0.403958648443222,0.4096794128417969,710.990078125,3543.986083984375,17.010421812892037,265.5025113599347,30,1
NEG_1613,2010-04-02 23:00:00,Arunachal Pradesh,28.00659610970248,93.6084962932422,84.81921255588531,286.4439114928245,872.7770168334246,15.113458251953148,0.4212811887264251,0.4228038787841797,856.000859375,1204.529541015625,13.838544371974686,86.64761759154351,10,0
NEG_8995,2016-07-14 00:00:00,Assam,26.093910608456124,92.10471738399612,228.8510799407959,1603.6223769187927,2756.674274802208,26.886834716796898,0.4959926605224609,0.4908510744571686,977.176640625,114.87100982666016,9.07320707414198,328.3519711528174,10,0
NEG_5300,2013-08-09 00:00:00,Nagaland,25.587584417689865,93.67592239375128,64.32279199361801,387.2706815600395,1168.0447906255722,23.792260742187523,0.4946053922176361,0.4940662384033203,933.797265625,638.3294067382812,6.016384589483577,338.7329744278397,10,0
2248,2010-08-14 00:00:00,Nagaland,26.222,94.9152,334.31732654571533,789.0857458114624,1634.1775953769684,20.265069580078148,0.4413382112979889,0.4447809755802154,845.181796875,1659.618408203125,10.66597384900546,38.86834569496693,10,1
8684,2016-07-07 00:00:00,Assam,25.9611,91.3681,325.2333998680115,1955.960214138031,4727.2272408008575,27.198114013671898,0.4732017517089844,0.4846477508544922,987.145,185.42539978027344,6.148522948373515,188.29611756660665,10,1
8900,2016-07-07 00:00:00,Manipur,25.0118,94.3136,51.69401317834854,371.7482313513756,1961.504064500332,21.849969482421898,0.4145361483097076,0.4164333343505859,863.406640625,1305.698486328125,14.280960236197958,253.17906657546084,10,1
NEG_6110,2014-06-27 00:00:00,Assam,25.80611142865988,91.68668598816537,271.58117294311523,868.805468082428,3376.87024474144,24.088800048828148,0.4769134521484375,0.4904836118221283,924.42,603.7477416992188,1.9471922395962384,312.877545221769,10,0
6970,2015-06-16 00:00:00,Meghalaya,25.5084,90.2191,339.4484221935272,751.4449208974838,3824.406310915947,24.607232666015648,0.4622764587402344,0.4937788546085357,969.665390625,342.3671264648437,10.235705379013082,272.2982188246608,10,1
5271,2013-08-04 00:00:00,Nagaland,26.284,94.5808,153.02446484565735,484.14330184459686,1221.0216522216797,23.416345214843773,0.4856986999511719,0.4973583221435547,889.926015625,771.00439453125,1.6296631783466915,358.2270245219688,10,1
5107,2013-07-15 00:00:00,Nagaland,25.6269,94.1139,180.2268028259277,528.7278890609741,1305.2209466695786,20.0895935058594,0.474194198846817,0.4919567108154297,825.1415625,1568.7457275390625,8.753599146393153,54.76682196821287,50,1
NEG_7933,2015-09-01 00:00:00,Assam,26.374321225571183,91.55750134120753,210.2362513542176,1180.6171238422394,2255.751125514508,25.6193786621094,0.4958699643611908,0.4947255551815033,998.8834375,47.43492889404297,0.1861539713050128,92.464757206275,40,0
NEG_2574,2010-10-09 00:00:00,Assam,25.656987016755668,93.57178493768971,217.1163260936737,745.5127835273743,892.9244503378868,23.443963623046898,0.4330908358097076,0.4804388582706451,969.95125,256.9566955566406,0.8872350579131479,30.631428753668388,10,0
NEG_1129,2009-08-30 00:00:00,Manipur,25.141986790754977,94.63934365248248,302.8675317764282,731.3012182712555,1315.4228031635284,19.63887939453128,0.421933501958847,0.425091415643692,842.862265625,1949.212158203125,2.606000761378109,264.8596892094544,10,0
2344,2010-08-27 16:30:00,Assam,24.7505,93.4221,85.6088176369667,282.8220948576927,692.5737261772156,23.705590820312523,0.4198799133300781,0.4187793731689453,935.0559375,781.2679443359375,3.9305728314588895,139.1345926720437,10,1
NEG_7699,2015-08-19 00:00:00,Nagaland,25.970998895591222,94.98604381315847,260.45504212379456,592.3881381750107,1801.5138804912567,20.4631286621094,0.4250068664550781,0.4259567260742187,850.809921875,1013.071044921875,18.51538053313251,276.38567669483695,30,0
7664,2015-08-11 00:00:00,Manipur,24.7459,93.4251,106.71474039554596,320.2733024954796,1395.7980275154114,25.007867431640648,0.4173361361026764,0.4176139831542969,932.170859375,760.5267333984375,15.2738988557759,124.79923853345218,50,1
7706,2015-08-19 00:00:00,Meghalaya,25.0728,92.3636,888.9140486717224,2577.019453048706,4083.320498466492,23.7038513183594,0.4650897979736328,0.4820931851863861,973.762421875,89.61410522460938,10.862033561621171,177.76682998069282,10,1
NEG_269,2007-09-18 00:00:00,Sikkim,27.550070413896965,88.22553161820805,104.4839695096016,251.13586336374283,706.9209069013596,1.0530944824218975,0.4154771268367767,0.4134521484375,557.7417578125,5180.00244140625,21.13795764270101,72.66329755818015,60,0
4858,2013-05-11 09:00:00,Assam,26.1662,91.7138,137.78656721115112,431.40909075737,737.573379650712,24.665826416015648,0.4887580871582031,0.4981587827205658,995.380859375,86.33514404296875,7.174728149056435,73.27050336143128,50,1
NEG_5337,2013-08-16 00:00:00,Nagaland,26.53558108365064,95.3295082066741,223.9653766155243,374.4149655103684,723.188228905201,21.048364257812523,0.4847850799560547,0.4939111173152923,871.655078125,1275.619873046875,16.00005306973714,105.23845962866152,10,0
7409,2015-08-02 00:00:00,Nagaland,25.72,94.6219,94.0222144126892,653.7235304713249,1089.1765225678682,22.357080078125023,0.4926363527774811,0.4961916506290436,876.639609375,1747.8638916015625,19.671568073067544,156.9875034535239,10,1
3932,2011-08-18 00:00:00,Nagaland,25.83,94.13,64.55399096012115,315.7404065132141,1141.966976225376,21.689508056640648,0.4884160459041595,0.4775390625,906.854453125,1003.880859375,7.745322713433802,322.2420793424199,40,1
2113,2010-07-21 08:00:00,Sikkim,27.3773,88.559,707.0372700691223,1743.9072132110596,4584.782242774963,17.473168945312523,0.4231758117675781,0.4276313781738281,800.867109375,1502.5146484375,20.125924937091817,321.7145989182192,10,1
9142,2016-06-14 08:00:00,Nagaland,26.3185,94.5247,128.82649898529053,812.541276216507,2086.8386030197144,23.629693603515648,0.4709631502628326,0.4827283322811126,905.264609375,1200.21240234375,13.9503099014368,173.51328068916996,10,1
2025,2010-06-28 00:00:00,Meghalaya,25.5728,91.885,977.6756763458252,2272.6629972457886,4899.800419807434,21.367486572265648,0.4791851043701172,0.5005893707275391,871.840390625,1486.363037109375,2.451517730705459,354.96514344249783,50,1
NEG_4990,2013-06-27 23:00:00,Sikkim,26.98694065758024,88.70556180547459,995.1510429382324,2324.5662450790405,3289.646252989769,21.070977783203148,0.3935228884220123,0.3862781524658203,874.761015625,580.3963623046875,4.846948953467021,233.1513295439184,10,0
4906,2013-06-07 00:00:00,Nagaland,26.0977,94.7499,198.32581281661987,561.6632103919983,869.7045557200909,19.144952392578148,0.4713706970214844,0.4813543856143951,824.371640625,1509.18896484375,9.154564458759038,333.9183338108448,10,1
6200,2014-08-17 00:00:00,Arunachal Pradesh,27.0869,93.6086,100.47413408756256,862.4704629182816,5068.872947245836,24.420831298828148,0.4889577329158783,0.4934794008731842,945.330234375,313.25152587890625,6.729128044662146,220.6549481550261,50,1
2283,2010-08-19 00:00:00,Manipur,24.8961,93.4957,52.91160196065903,212.7598002552986,2699.5676904916763,23.285546875000023,0.4179592132568359,0.418853759765625,943.437890625,1007.4149169921876,33.536162126907584,138.3447324595499,10,1
NEG_6284,2014-09-22 00:00:00,Assam,25.90889033298028,91.66873839521996,513.4927034378052,1505.872368812561,1958.91135931015,22.677789306640648,0.4842516481876373,0.502547562122345,938.653828125,328.98406982421875,5.576640927609206,121.90706509757575,10,0
2578,2010-10-09 00:00:00,Nagaland,25.3179,94.0462,286.063015460968,852.3816764354706,1311.9641300290823,17.818414306640648,0.4259179532527923,0.4266230165958404,856.115,1008.3526000976562,4.383441676125514,298.2507432183308,10,1
3525,2011-05-22 00:00:00,Assam,25.0672,93.4093,730.532705783844,1056.7634850740433,1585.578564554453,21.4323669433594,0.4593658447265625,0.4621257781982422,924.7175,468.8785400390625,14.872191257220807,280.0595129603625,10,1
NEG_7956,2015-09-05 00:00:00,Meghalaya,26.36798829802605,92.02573066204816,76.46308839321136,524.7420817613602,2503.4513622522354,27.295465087890648,0.4810861051082611,0.4895776212215423,1004.245234375,52.30394744873047,0.2723096556499666,136.92181160654098,40,0
6291,2014-09-21 00:00:00,Meghalaya,25.7354,90.3852,165.78899323940277,685.271754860878,1269.7817496955397,23.8681579589844,0.4676621854305267,0.4881699979305267,965.715,332.07452392578125,1.6790712211505168,31.172248882709027,10,1
78,2007-05-23 00:00:00,Sikkim,27.3383,88.6069,161.4862084388733,453.4216821193695,1032.8895896673205,20.027520751953148,0.4261004030704498,0.4281488955020904,845.854609375,1469.758056640625,17.94398388888501,255.26301919686688,50,1
NEG_9219,2016-07-26 23:00:00,Nagaland,25.667576553226112,94.81373219436064,127.02676653862,1048.953741788864,2107.776045799256,21.89522705078128,0.421445220708847,0.4262332916259765,885.910234375,1341.6207275390625,22.619791526697348,161.22326607726143,10,0
NEG_5274,2013-08-04 00:00:00,Nagaland,26.012371764094908,95.01385184187431,242.5208389759064,726.0162830352783,1672.4503636360168,21.379479980468773,0.4209016263484955,0.4218959808349609,848.7490625,1312.6920166015625,13.526267644961868,281.65329474585155,10,0
NEG_2576,2010-10-09 00:00:00,Nagaland,25.350156158685017,93.72260010317014,351.2651324272156,892.5563097000122,1364.8611716926098,19.935601806640648,0.42486572265625,0.4259789884090423,895.355,716.672607421875,16.102857596147174,306.52599014270555,10,0
NEG_3556,2011-05-31 14:00:00,Manipur,25.31898926127608,93.48908659925809,847.954273223877,2055.42853474617,2584.1729901731014,20.7568298339844,0.4768727719783783,0.4688250124454498,883.301015625,1097.517578125,7.996801681353319,77.11470251976715,10,0
2577,2010-10-09 00:00:00,Nagaland,25.5265,93.8673,347.99468517303467,922.8957891464232,1460.2447971701622,17.557824707031273,0.4258448183536529,0.426907867193222,839.966640625,1479.7823486328125,20.898158766472424,248.1360810879479,10,1
6016,2014-05-09 23:00:00,Assam,24.8669,92.3576,711.5383744239807,1898.2565999031067,2289.240583777428,23.782739257812523,0.4785925447940826,0.4983297884464264,995.875859375,18.604825973510746,0.0439214086749219,86.4305619541883,50,1
7778,2015-08-26 00:00:00,Mizoram,23.8447,93.0514,241.11998081207275,476.91742330789566,1467.5955399870872,22.96431884765628,0.4227167665958404,0.4231306612491607,907.364140625,941.862548828125,11.185237757276647,247.5933070131736,10,1
NEG_6290,2014-09-23 03:00:00,Meghalaya,25.88318772638901,91.62070207228471,365.3718233108521,1148.389309644699,2157.693326473236,22.359735107421898,0.4658756256103515,0.4878877103328705,950.409609375,357.6729736328125,1.917464925199312,274.5560089256197,10,0
7364,2015-07-31 09:00:00,Manipur,24.819,94.3551,774.4362354278564,2323.706150054932,3690.909214317799,19.54537353515628,0.4289188385009765,0.4288870394229889,903.672890625,1720.0596923828125,0.9095423676321208,240.5790264915217,10,1
NEG_9619,2016-10-15 00:00:00,Sikkim,27.5524738805376,88.38595966008623,154.8062413930893,709.7884565591812,1530.5814892053604,7.595727539062523,0.4251575469970703,0.4244123995304107,685.556953125,2737.60595703125,27.510995325622485,53.95016390972546,60,0
3831,2011-07-22 00:00:00,Manipur,24.7992,93.948,168.10551285743713,518.6403095722198,1244.0974861383438,23.375543212890648,0.4732061922550201,0.4883378446102142,910.787109375,780.3362426757812,0.0933354394915923,114.42534806471934,60,1
NEG_5269,2013-08-04 00:00:00,Nagaland,25.700530566473333,94.89119523144213,214.970201253891,459.91792902350426,968.0316038429736,21.509698486328148,0.4150663912296295,0.4132417142391205,850.931171875,1684.321044921875,24.51227918184011,320.77811331533604,10,0
NEG_2421,2010-09-13 09:00:00,Mizoram,23.378755437161107,92.55340322362456,225.52993893623352,495.205357670784,805.0511833280325,23.008447265625023,0.4222450256347656,0.4225393831729889,944.258515625,388.552734375,9.023548112509664,157.80406743152207,10,0
NEG_7375,2015-08-01 00:00:00,Manipur,25.08993564453779,94.62517131080412,158.96233916282654,1962.6359641551967,3419.2808493971825,18.839227294921898,0.4200935363769531,0.4235013425350189,841.309765625,1255.64990234375,7.700841100576532,49.13895717477647,10,0
NEG_8237,2016-07-01 00:00:00,Arunachal Pradesh,26.986805924350755,92.25927575221108,404.0482938289642,738.6325597763062,1662.5833362340927,21.542169189453148,0.4182961881160736,0.4290358126163482,880.583515625,1164.8670654296875,17.95070613467705,240.86651511539856,10,0
7267,2015-07-22 00:00:00,Manipur,25.3908,94.0926,321.48855924606323,1031.2617123126984,2382.4956715106964,19.7741638183594,0.4825769960880279,0.493927001953125,861.641328125,1278.12744140625,4.999112929615911,261.1024690596528,10,1
NEG_2569,2010-10-08 00:00:00,Nagaland,25.3406661180583,93.6732392436178,339.47741985321045,822.5347697734833,1036.1820980906489,19.621606445312523,0.4281469881534576,0.4287039339542389,908.4375,683.6553344726562,12.024695894389115,88.86839888020086,10,0
1222,2009-10-05 00:00:00,Mizoram,23.73478778,92.72124394,265.26227593421936,1091.901808977127,1244.5868626236916,23.186944580078148,0.4251047670841217,0.4269091188907623,943.832734375,1026.9345703125,1.775183193388253,112.64513598070482,30,1
6945,2015-06-19 00:00:00,Manipur,25.16,93.686,29.301021248102188,175.71242526173592,653.6363251507282,23.769586181640648,0.3997109830379486,0.403064101934433,901.94125,1039.8975830078125,18.550263384675024,157.79166262551053,10,1
5084,2013-07-12 23:00:00,Nagaland,25.616,94.1167,415.74203968048096,687.9843175411224,1356.5676137804985,18.572930908203148,0.4922758638858795,0.4984512329101562,827.043203125,1658.54150390625,23.521187717740894,91.96549316646376,10,1
NEG_9620,2016-10-15 00:00:00,Sikkim,26.745990504002563,88.61050678333844,0.0471675593871623,257.02115034800954,2703.007302043261,24.316827392578148,0.3695055544376373,0.3860054016113281,985.407734375,105.08926391601562,0.1071964225269463,194.56576612562944,40,0
NEG_6331,2014-09-08 00:00:00,Nagaland,25.85519196661342,95.00871412120154,249.4795173406601,574.6970772743225,1037.1505171060562,18.621942138671898,0.4248339235782623,0.4254989624023437,822.5328125,2210.96923828125,13.221216456810073,197.68793911257487,10,0
2437,2010-09-16 00:00:00,Mizoram,23.7527,92.694,173.14566671848297,540.3902530670166,1017.996959388256,23.520288085937523,0.4243100583553314,0.4258295595645904,945.640625,697.3428344726562,9.08352546438656,32.53391701382009,10,1
NEG_7665,2015-08-11 00:00:00,Manipur,24.52267253295265,93.62084105420168,46.29519581794739,262.5417038798332,1570.9234401583672,23.165093994140648,0.439645767211914,0.4388478696346283,896.703359375,652.0215454101562,11.651903449701436,289.5085020506808,10,0
NEG_4436,2012-06-25 00:00:00,Arunachal Pradesh,26.74466546940397,95.30242841857644,549.6588945388794,1191.0961270332336,2634.386867284775,20.827020263671898,0.4399738311767578,0.4451688230037689,874.320703125,1120.7008056640625,18.5031668084716,318.665877204595,10,0
9405,2016-04-19 00:00:00,Nagaland,26.7223,95.0243,583.9821100234985,1096.3664054870603,1718.6867184937,19.4748474121094,0.4894968569278717,0.4898694455623626,934.594921875,685.8541259765625,5.461659805986878,300.51032931345753,50,1
2420,2010-09-13 00:00:00,Mizoram,23.72988966,92.71495623,215.9719318151474,388.7166455388069,801.5995100140572,23.159234619140648,0.4212214052677154,0.4217770993709564,941.587734375,942.2216186523438,6.869430679208021,280.9851410254787,10,1
NEG_2539,2010-10-03 00:00:00,Arunachal Pradesh,28.52394953729217,95.34072483615532,142.04493165016174,372.5983053445816,1268.3718986809254,16.557946777343773,0.4182726442813873,0.4174060821533203,822.566796875,2277.380859375,16.688301324594363,159.88196709983993,10,0
NEG_9252,2016-07-28 00:00:00,Arunachal Pradesh,27.84997440985201,91.64180747009492,131.31028413772583,631.0937106609344,2125.1135170459747,8.541467285156273,0.4202327728271484,0.4217071533203125,643.1430078125,4613.6376953125,28.299658092588125,172.61690840577512,60,0
8222,2016-06-22 12:00:00,Assam,26.1961,91.7825,185.334250330925,392.45640486478806,1728.5820469260216,26.885675048828148,0.4744535982608795,0.488229751586914,993.762265625,151.82040405273438,2.4160711958359102,72.9288018769929,10,1
4798,2013-04-07 00:00:00,Arunachal Pradesh,28.8254,96.1509,31.201383098959923,545.4546865075827,1245.2860716730356,0.0498596191406477,0.4183311462402344,0.4189395904541015,682.16109375,769.7901611328125,6.687784520502398,186.42484990620545,10,1
7727,2015-08-20 18:00:00,Nagaland,25.6263,94.1057,491.7680323123932,879.6101063489914,1532.94275701046,19.090234375000023,0.4736340939998626,0.4940229952335357,827.695390625,1692.6016845703125,8.397271399243602,26.926699263872425,50,1
9252,2016-07-28 00:00:00,Arunachal Pradesh,27.5748,91.8644,186.2685978412628,641.3077116012573,2194.240719079972,11.287316894531273,0.4205824434757232,0.4221433103084564,686.203828125,2704.603515625,18.136291463123776,192.73574084978333,30,1
3912,2011-08-12 00:00:00,Arunachal Pradesh,27.44,92.2833,49.6119037270546,185.61961874365807,752.9940865933895,19.690332031250023,0.4050928652286529,0.4079055786132812,797.078203125,2554.63134765625,18.012239633830582,244.90803738126,10,1
3269,2011-03-22 00:00:00,Arunachal Pradesh,28.0791,96.5242,413.953423500061,2718.237042427063,3524.121177266352,10.138421630859398,0.4236806333065033,0.4252026975154876,823.5459375,769.7901611328125,6.687784520502398,186.42484990620545,50,1
NEG_5271,2013-08-04 00:00:00,Nagaland,26.63403139338692,94.36518462030884,75.88085532188416,253.85962426662445,795.3089289367199,28.335137939453148,0.479095458984375,0.472027450799942,971.695234375,118.93706512451172,0.3511692184572998,70.14388547035111,10,0
NEG_7591,2015-03-19 00:00:00,Assam,25.1802168963371,91.99135389018028,0.0341325976478401,2.363713432714576,17.309781120275147,21.723291015625023,0.2763042449951172,0.2868334352970123,979.097734375,101.04801177978516,7.393001172894825,153.91537744234972,10,0
4857,2013-05-11 09:00:00,Mizoram,23.7281,92.7175,107.33494162559508,340.7026678323746,1110.40860414505,24.139215087890648,0.3956629335880279,0.3850574493408203,941.19625,1055.707763671875,2.608922055512835,76.53905291156252,50,1
NEG_2205,2010-08-06 00:00:00,Mizoram,24.02198383323195,92.98212856888586,208.71171355247492,733.5407584905624,1866.9886142015453,24.036157226562523,0.4224389493465423,0.4244238436222076,936.1975,381.0993957519531,8.261141842721424,247.9554571976866,10,0
NEG_1108,2009-08-20 00:00:00,Assam,24.9883857952326,93.21324163478644,201.80343091487885,476.94122046232224,1803.705990314484,23.985162353515648,0.4279499053955078,0.4279511868953705,975.471953125,89.98898315429688,1.2925449697034883,168.19426172627095,10,0
NEG_9122,2016-07-20 00:00:00,Assam,26.26297485387379,92.1974403321342,195.63645124435425,760.4948878288269,2269.3968191742897,27.069635009765648,0.462542861700058,0.4873390197753906,997.725625,51.42094802856445,0.0418969713067781,19.245093898799663,40,0
NEG_2164,2010-07-29 23:00:00,Manipur,25.235745256638264,94.70201552034015,590.6645655632019,891.3768231868744,1933.896392583847,19.452020263671898,0.4451681673526764,0.4511947631835937,827.211875,1924.31591796875,20.926016206295017,253.56499284716887,10,0
NEG_7334,2015-08-18 00:00:00,Arunachal Pradesh,28.30587930926422,94.47743942654007,652.9868841171265,2207.6345682144165,3320.70991396904,17.724298095703148,0.4292755126953125,0.4292755126953125,809.503515625,1853.987548828125,22.460034178236025,77.26941077819527,10,0
3805,2011-07-19 00:00:00,Sikkim,27.05374234,88.42572376,1051.1386394500732,1562.181919813156,4232.270926237106,21.512994384765648,0.4302520751953125,0.4317105710506439,879.065625,315.9908752441406,13.654978430035202,60.87036444794006,10,1
3806,2011-07-19 00:00:00,Arunachal Pradesh,27.1032,93.6884,188.6029839515686,573.5676437616348,1998.3761459589005,24.886346435546898,0.4196859896183014,0.4234510958194732,963.891875,155.5460968017578,1.2825013168660084,304.6172431861145,50,1
NEG_7385,2015-08-01 00:00:00,Manipur,24.171957693299767,93.66536978435872,172.72675037384033,2649.251341819763,3837.338700890541,21.406182861328148,0.4853909909725189,0.4876925051212311,897.974765625,1024.5653076171875,10.264373282007089,291.3037632536552,10,0
264,2007-09-13 00:00:00,Assam,26.1833,91.8,142.21443235874176,209.73787270486355,2395.546531304717,27.5749450683594,0.481412261724472,0.4935353696346283,993.555859375,72.29508972167969,0.8982887354826263,184.72537245283925,50,1
4434,2012-06-25 18:00:00,Assam,26.1049,91.7369,647.2974419593811,2124.239504337311,4690.452545881271,25.337091064453148,0.4939359128475189,0.480804443359375,971.8778125,118.1657485961914,5.000302138287267,309.954898113724,10,1
NEG_5421,2013-08-30 00:00:00,Nagaland,26.691386205775625,95.25706519484288,187.9296451807022,711.0301405191422,1044.659160077572,21.726251220703148,0.4375133514404297,0.4452584683895111,880.865390625,1279.943115234375,19.30153982290296,0.2349553890553011,10,0
7923,2015-09-01 00:00:00,Assam,26.49349035,91.72137514,177.48817801475525,1182.8895509243011,2155.7477414608,25.657037353515648,0.4875558316707611,0.4697564542293548,999.401328125,60.2906494140625,0.1396405890566885,322.2585187590336,10,1
NEG_7336,2015-08-19 09:00:00,Meghalaya,24.789526830391168,90.60829449183548,487.9150688648224,1011.3067924976348,1471.7297106981275,26.9282165527344,0.4240150451660156,0.423779159784317,1003.171171875,10.39595890045166,0.0769496631409338,123.51269366294564,40,0
247,2007-09-08 00:00:00,Manipur,25.0604,93.9877,338.31778168678284,1029.5172333717346,2366.5787279605865,19.92086181640628,0.4837182462215423,0.4855995178222656,878.498359375,1451.440185546875,5.5229440656559,98.99110219232244,30,1
7728,2015-08-22 09:00:00,Assam,26.1028,91.8806,333.79989862442017,1189.8961067199707,2772.5203931331635,26.233056640625023,0.4798749387264251,0.4932212829589844,981.320625,185.69992065429688,4.482045922115907,148.5330347114474,30,1
545,2008-05-20 00:00:00,Assam,24.9849,92.8411,217.4877971410752,696.2474584579468,888.0921378731728,25.337426757812523,0.4491570889949798,0.4730968475341797,985.461953125,218.9383087158203,1.7799777815955864,208.3200022113483,10,1
NEG_4426,2012-06-22 00:00:00,Assam,26.205739407200337,92.1674526008446,744.9145317077637,1571.741819381714,2517.100192606449,26.742822265625023,0.4864279329776764,0.4899800717830658,994.1153125,52.44511413574219,0.0844801398264444,131.7805463777408,40,0
4426,2012-06-22 00:00:00,Assam,26.1226,91.7162,627.0764470100403,2250.912666320801,3175.567202270031,25.582818603515648,0.4800643920898437,0.4854628145694732,976.343671875,61.986793518066406,2.7733788381789446,103.78881343798572,50,1
NEG_2743,2010-11-22 00:00:00,Arunachal Pradesh,27.42065258600112,91.74802314509358,6.982605904340744,184.6881099045277,380.997646600008,9.300439453125025,0.3851737976074219,0.3873538970947265,784.36421875,2596.937744140625,22.432514265739616,201.82666974413343,10,0
NEG_2578,2010-10-09 00:00:00,Nagaland,25.428286210394496,93.62435487326846,342.7191376686096,873.3689486980438,1333.8371366262436,20.122613525390648,0.4776999056339264,0.4687512814998626,895.206640625,1272.126708984375,12.085754489094125,241.3318934383909,30,0
6286,2014-09-22 00:00:00,Assam,26.1044,91.7082,534.6599817276001,1593.7570929527285,1964.279230684042,24.027642822265648,0.4754022061824798,0.491229385137558,981.0796875,50.43853759765625,0.5838235718017531,30.099706009273007,10,1
7699,2015-08-19 00:00:00,Nagaland,26.0214,94.5224,386.91186904907227,688.0404949188232,1073.0063393712044,21.286920166015648,0.4725004732608795,0.4804306030273437,873.429453125,1624.2789306640625,12.871189019427298,291.4142207153575,10,1
NEG_7666,2015-08-11 00:00:00,Manipur,25.378965542903405,93.59786001116343,258.587121963501,1171.7162132263184,1666.32067412138,23.6403747558594,0.4763806760311126,0.4824987947940826,898.599140625,845.9972534179688,14.690853948980418,143.77630504197236,10,0
7279,2015-07-24 00:00:00,Manipur,24.9818,93.5142,258.6061358451843,1532.4783325195312,2597.654029726982,21.822045898437523,0.4262383878231048,0.4273300170898437,931.2615625,1323.1640625,13.967650042796238,10.070465604139711,10,1
3965,2011-09-06 08:00:00,Assam,24.808,93.117,105.34216463565826,380.6640952825546,655.5647924542427,25.682733154296898,0.422253280878067,0.4176222383975982,985.993359375,33.11048889160156,0.477172774139083,11.63993945497134,50,1
3532,2011-05-24 00:00:00,Assam,25.0888,92.8551,266.64167642593384,1177.2222518920898,2191.422700881958,22.674096679687523,0.4516735076904297,0.4591916501522064,938.8703125,253.538818359375,6.766201874660065,325.4648058774109,10,1
NEG_3831,2011-07-22 00:00:00,Manipur,24.488964089206124,93.82479284776402,165.76655209064484,600.711777806282,1646.8286216259005,23.440820312500023,0.4157772064208984,0.4247347414493561,916.407109375,768.1697998046875,0.1455024007505086,113.76809570426316,30,0
7374,2015-08-01 00:00:00,Manipur,25.1122,94.3591,103.73519361019136,1333.0392092466354,2328.578755259514,18.750421142578148,0.4201062619686126,0.4231618344783783,842.022734375,1813.75341796875,9.02688437806724,276.54277662650287,50,1
2567,2010-10-08 00:00:00,Manipur,25.6633,94.4703,292.2067642211914,834.707722067833,1117.123011499643,17.983575439453148,0.4888725280761719,0.5015036463737488,865.413359375,1398.986328125,8.323988828971817,19.363188377003723,60,1
NEG_251,2007-09-09 00:00:00,Sikkim,26.98111287702485,88.72501223363172,336.243748664856,2385.5045437812805,4426.754221320152,20.680596923828148,0.3887106478214264,0.3832747042179107,877.280859375,542.6712036132812,4.159560135729892,289.2445822054984,10,0
4446,2012-07-05 00:00:00,Arunachal Pradesh,28.9986,94.8885,823.5083818435669,1918.8580811023712,2652.0782113075256,18.297052001953148,0.428698867559433,0.429178237915039,828.024921875,769.7901611328125,6.687784520502398,186.42484990620545,10,1
9620,2016-10-15 00:00:00,Sikkim,27.172,88.5292,20.886316895484924,561.2221658229828,1781.5137803554535,20.006768798828148,0.388293594121933,0.3908049166202545,889.381484375,342.2189025878906,9.422864526365183,261.5628410430589,10,1
1930,2010-05-31 00:00:00,Arunachal Pradesh,28.4298,95.8776,412.4434292316437,736.8936240673065,1524.530217051506,18.250543212890648,0.426633208990097,0.4274705350399017,836.603828125,769.7901611328125,6.687784520502398,186.42484990620545,10,1
NEG_2282,2010-08-19 06:30:00,Nagaland,25.9976460213279,95.04508478261243,331.2608599662781,902.4005830287932,3263.7353241443634,20.370172119140648,0.4257856905460357,0.4255568087100982,853.055,2142.30615234375,15.43068097586098,19.39576032631521,10,0
5552,2013-09-24 00:00:00,Manipur,25.0985,94.3619,106.64628446102142,159.92115065455437,400.5824532359839,20.271112060546898,0.4023342132568359,0.3940881192684173,841.742890625,1867.73095703125,1.645058229616398,317.3026211856342,60,1
7370,2015-08-01 00:00:00,Manipur,24.1419,94.1078,272.9464173316956,5325.461447238922,8048.068672418594,21.620294189453148,0.4792690277099609,0.4782218933105469,912.421875,1175.66650390625,4.765223121013977,84.62592895998381,10,1
259,2007-09-11 00:00:00,Meghalaya,25.52,91.27,140.54465293884277,613.3539527654648,5017.802402377129,20.644708251953148,0.4817695617675781,0.4863542020320892,865.386171875,1337.01953125,1.6176414347499748,337.76361696007945,10,1
NEG_1756,2010-04-17 00:00:00,Sikkim,27.18795551993085,88.99698829859489,106.65391385555267,266.4920948445797,485.52742414176464,12.999810791015648,0.4036947786808014,0.3964239656925201,782.9415625,2970.019287109375,9.822800173901843,53.14603690550479,10,0
9338,2016-05-18 08:00:00,Assam,24.4638,92.4943,395.6751227378845,863.2989525794983,1606.7005954682827,24.98702392578128,0.42462158203125,0.4288406372070312,1001.928515625,98.57444763183594,8.46438713171177,271.3464904452493,10,1
7591,2015-03-19 00:00:00,Assam,25.0318,92.4584,0.1197621168103069,2.527294825995341,4.899323758763785,25.129937744140648,0.2555147707462311,0.2792199552059173,997.045625,88.8576431274414,9.962664635159802,194.2875427513653,10,1
NEG_5084,2013-07-12 23:00:00,Nagaland,25.94635413502503,93.89140873429626,159.20265018939972,226.07916966080663,471.13098949193954,25.238366699218773,0.5055249333381653,0.4975433349609375,965.9228125,151.81878662109375,0.006065620194359,349.719228599528,40,0
NEG_7655,2016-04-22 02:30:00,Arunachal Pradesh,27.94726141976544,92.02247691580584,147.49577641487122,261.45612448453903,450.5663085728884,-2.0921691894531023,0.3989531099796295,0.3910414278507232,565.8152734375,5091.4365234375,6.911677816313743,246.13584582634348,60,0
4908,2013-06-08 17:00:00,Sikkim,27.3721,88.708,351.49750113487244,964.991807937622,1728.9095520973206,13.134149169921898,0.4283383786678314,0.4299653470516205,707.452578125,3125.61279296875,27.93812527245577,249.0359048988365,50,1
NEG_2249,2010-08-14 00:00:00,Nagaland,25.767948048974027,94.97478302966437,401.2500643730164,947.4634528160096,2065.6864643096924,17.790643310546898,0.4600022733211517,0.4608148038387298,789.7921875,2461.340576171875,10.86032421236548,216.8207173585812,10,0
NEG_7253,2015-07-22 00:00:00,Assam,24.840135748499684,92.57771837557608,219.6133434772492,1114.4993603229525,4084.5775306224814,26.0766540527344,0.4804611206054687,0.4972330629825592,996.3184375,108.97565460205078,3.0701583273524,118.2326755251844,10,0
NEG_2043,2010-07-06 00:00:00,Nagaland,26.81840766805716,95.51052840214858,250.7756650447845,666.6102111339569,3014.31342959404,19.574029541015648,0.444384902715683,0.4445171356201172,833.03734375,2251.949951171875,20.93679427623811,320.07658978538416,10,0
2343,2010-08-27 16:30:00,Nagaland,25.4786,94.1327,230.32474517822263,468.8564017415047,1083.9973613619804,19.442559814453148,0.4878533780574798,0.4920539855957031,833.793046875,1651.714111328125,10.091643665887894,93.11038961433404,10,1
4845,2013-05-07 00:00:00,Mizoram,24.2315,92.6755,664.5793318748474,1007.4714124202728,1319.7744265198708,22.853570556640648,0.4244143068790436,0.4140408933162689,973.421328125,686.005126953125,6.667447063238638,254.96080305649667,50,1
7589,2015-08-19 00:00:00,Meghalaya,25.2568,92.3825,625.2666711807251,1729.769587516785,2766.7624801397324,21.763574218750023,0.475705474615097,0.4956296384334564,914.363203125,778.7413940429688,3.9444487410273954,221.6403664841109,30,1
NEG_2098,2010-07-19 06:00:00,Nagaland,27.0825180248588,95.09661159657075,676.0879158973694,1539.6040976047516,2214.6997153759003,26.528344726562523,0.4811147153377533,0.4963487088680267,994.060390625,110.0481414794922,0.0275013197259124,249.2885173838068,10,0
NEG_6105,2014-06-26 23:00:00,Arunachal Pradesh,28.613275881042743,95.28349727263308,281.6201448440552,895.7354724407196,2968.3570861816406,17.129052734375023,0.4242534637451172,0.4251905977725982,773.646484375,1686.919189453125,15.18546814654502,315.69628860413474,10,0
NEG_2420,2010-09-13 00:00:00,Mizoram,23.80185893533864,92.23103223821876,91.05049818754196,333.7179683148861,619.808865711093,25.057672119140648,0.4125334322452545,0.4114920198917389,975.443125,133.4590606689453,3.971006862195925,267.67398154271206,10,0
NEG_2405,2010-09-09 23:00:00,Arunachal Pradesh,28.336763026520376,95.17447379913251,314.51913714408875,1312.5126957893372,4939.173996448517,20.056268310546898,0.4274253845214844,0.4277203977108001,876.30625,1163.156494140625,18.80960572092606,103.52087979189496,10,0
NEG_2113,2010-07-21 08:00:00,Sikkim,27.539125861830044,88.89302873577776,739.6917343139648,1424.2266714572906,3258.876919746399,9.291284179687525,0.4279212951660156,0.4282067716121673,632.2158984375,4249.2041015625,13.299948618166164,206.7227941195459,30,0
148,2007-07-30 00:00:00,Mizoram,22.479,92.967,21.59593254327774,89.92395922541618,675.3991432487965,22.741143798828148,0.3917592465877533,0.397641509771347,917.197734375,769.7901611328125,6.687784520502398,186.42484990620545,10,1
1168,2009-09-17 00:00:00,Sikkim,27.1954,88.6115,163.16300630569458,335.7463553547859,1717.0692682266235,20.704614257812523,0.4167429506778717,0.4066976010799408,867.265,477.65380859375,8.361250314905117,359.2000025081556,10,1
NEG_6106,2014-06-26 23:00:00,Assam,26.10407821239307,92.09089448940728,333.372563123703,558.8816255331039,2821.6547816991806,27.098046875000023,0.4777723848819732,0.4891522824764251,979.413125,71.17517852783203,3.8094336886180784,356.90520795827166,10,0
NEG_4570,2012-09-19 00:00:00,Arunachal Pradesh,27.81372772346612,94.994673336614,885.4936361312866,1705.2710950374603,2749.460384249687,24.231500244140648,0.4280859529972076,0.4350967407226562,984.379765625,483.0848083496094,4.842840678469665,76.60710059868359,10,0
4436,2012-06-25 00:00:00,Arunachal Pradesh,26.9986,95.4993,575.9314894676208,1320.7319378852844,3314.1236305236816,22.211358642578148,0.4803861081600189,0.4909915924072265,903.6128125,634.2667236328125,3.5073970442754114,303.1471363330824,10,1
256,2007-09-10 00:00:00,Sikkim,27.3425,88.6236,330.8453559875488,1675.1279830932615,4700.295448303223,19.423913574218773,0.4328536987304687,0.4345283508300781,847.7640625,2014.58447265625,14.673609009819833,178.26255295287672,10,1
1611,2010-04-01 00:00:00,Assam,25.1553,93.028,123.501718044281,1186.548352241516,1700.331540661864,20.8002868652344,0.4878832399845123,0.4932244718074798,934.843125,417.6344604492188,9.099453667848575,43.28617455961637,10,1
NEG_9168,2016-06-12 23:00:00,Arunachal Pradesh,27.518008639040413,93.54378122401248,323.75261187553406,943.1465566158296,2770.967900753021,19.381860351562523,0.4233652651309967,0.4247360229492187,826.800390625,1412.10693359375,10.39232955971648,233.894286323046,10,0
NEG_7409,2015-08-02 00:00:00,Nagaland,25.661934022177448,94.8523997344533,140.96319675445557,1091.2766754627228,2279.692977666855,20.967340087890648,0.4177710115909576,0.4169025421142578,852.896328125,574.5885009765625,10.4852492040716,281.57990232437385,10,0
141,2007-07-26 00:00:00,Meghalaya,25.38,91.88,1224.6181964874268,3381.230592727661,5833.229452371597,18.6882263183594,0.4831199645996094,0.5003795623779297,865.689921875,1183.9072265625,26.729171644206307,78.28908991352984,10,1
NEG_3789,2011-07-16 00:00:00,Arunachal Pradesh,27.491505789364734,93.26000244581589,174.96508359909058,2001.4570355415344,2994.377121329308,14.424188232421898,0.4239730834960937,0.4245427548885345,749.960390625,1887.154052734375,15.847672009570632,304.629806743231,10,0
NEG_1929,2010-05-31 23:00:00,Sikkim,27.714536204474715,88.84546320593685,29.01240810751915,136.7628239095211,284.1560859233141,2.5502868652343977,0.423053115606308,0.4248390197753906,609.7208203125,4911.99072265625,3.605960883386953,108.34932560266304,60,0
8223,2015-09-14 03:10:00,Mizoram,23.7348,92.7187,155.1053524017334,427.85608768463135,762.1859833598137,23.8674255371094,0.4231745302677154,0.4229049682617187,943.172578125,1026.9345703125,1.775183193388253,112.64513598070482,50,1
NEG_7660,2015-08-12 00:00:00,Nagaland,25.94432219319,93.8855154996805,96.13631665706636,346.15258872509,1033.207505941391,26.861108398437523,0.495767593383789,0.4972197115421295,967.48,150.71441650390625,0.2237874087847886,286.0161147488212,10,0
7373,2015-08-01 00:00:00,Manipur,24.9111,94.4759,133.8518261909485,1822.702527046204,3434.4629272818565,20.869805908203148,0.4197292327880859,0.4229946136474609,897.826484375,1748.2857666015625,16.26553042077008,8.121164852501579,10,1
NEG_3912,2011-08-12 00:00:00,Arunachal Pradesh,27.201400587738704,92.3042170705464,94.71245110034944,283.3090052008629,1016.9751271605492,16.004205322265648,0.415814071893692,0.4166278839111328,754.420703125,2638.455078125,16.32245068816257,18.46837549170272,10,0
7369,2015-08-01 00:00:00,Manipur,24.1988,94.1016,233.5261106491089,4611.618638038635,7111.390620470047,20.936151123046898,0.4271799623966217,0.4291490018367767,895.843515625,1347.613525390625,2.031206296751344,218.1036934010732,10,1
NEG_9405,2016-04-19 00:00:00,Nagaland,26.7352183005294,95.36025182036929,685.5423450469971,1123.918578028679,2086.032651364804,16.021539306640648,0.4764436185359955,0.4873727262020111,854.9390625,1070.9857177734375,13.314961985850063,99.4168606201581,10,0
5582,2013-10-06 12:45:00,Assam,26.1309,91.8383,440.7777786254883,868.4998750686646,1099.6414326364174,23.194696044921898,0.4977741241455078,0.4956773221492767,987.4475,88.89730072021484,4.439598199059165,0.4344198059403652,10,1
580,2008-06-09 00:00:00,Manipur,24.6596,93.9784,106.24446719884872,441.3506761193276,764.4854560494423,23.139001464843773,0.4844010770320892,0.4872347414493561,917.301484375,777.9933471679688,0.1786267287414252,324.2351926800735,10,1
NEG_5430,2013-09-01 00:00:00,Manipur,24.62501697187738,93.1213369263852,105.76287657022476,332.54556357860565,1718.1886285543442,25.887353515625023,0.4185854494571686,0.4176661074161529,972.768125,28.88566017150879,1.7782465052924294,295.68188189801594,10,0
6990,2015-06-24 00:00:00,Nagaland,26.0319,94.5466,250.7737278938293,1066.0425126552582,1480.2729338407516,21.964868164062523,0.4435189664363861,0.4667707979679107,868.651640625,1394.6749267578125,18.170552033452267,146.3587845096265,10,1
1756,2010-04-17 00:00:00,Sikkim,27.322,88.6087,80.5806815624237,172.12090641260147,437.2959602624178,17.621728515625023,0.3911495208740234,0.3795293271541595,850.088203125,1457.893310546875,4.399761790553298,158.53534533192453,10,1
NEG_255,2007-09-10 00:00:00,Manipur,24.25262331636839,93.8597273144825,51.24495550990105,128.18771786987782,1213.716195896268,22.1223083496094,0.4665756225585937,0.4558168947696686,902.9590625,772.6087646484375,8.253208564407675,83.31148992620592,30,0
6106,2014-06-26 23:00:00,Assam,26.1407,91.7645,254.66859340667725,378.7127882242203,2909.393325448036,27.4243103027344,0.4860795438289642,0.4851118624210357,981.235625,57.87407684326172,0.8275035357571373,178.61265810360646,50,1
869,2008-10-29 00:00:00,Assam,27.2333,94.1167,2.0086970180273056,481.6381707787514,564.5066599026904,21.949395751953148,0.3517907559871673,0.3581485748291015,990.694609375,94.54557800292967,0.2061738896292667,185.32837544987603,10,1
4313,2012-04-08 00:00:00,Arunachal Pradesh,28.4659,95.86,134.17866826057434,1004.3822824954988,1389.9854634810254,9.798272705078148,0.4220314025878906,0.4236742556095123,811.727734375,769.7901611328125,6.687784520502398,186.42484990620545,10,1
6331,2014-09-08 00:00:00,Nagaland,25.9466,94.6279,67.9258406162262,231.07942193746567,455.78790828585625,18.756463623046898,0.4981314241886139,0.4928321838378906,820.609921875,1383.3017578125,12.16392932261721,258.9394564950802,10,1
NEG_9338,2016-05-18 08:00:00,Assam,24.18212801575423,92.37525858444155,378.4133195877075,740.3608560562134,1187.8375671803951,24.802117919921898,0.4259942471981048,0.4258683621883392,990.331015625,136.11865234375,1.4690309217887565,163.51665225495037,10,0
NEG_545,2008-05-20 00:00:00,Assam,25.367819215326573,92.58378759851,104.06692326068878,329.4912800192833,1050.6238229572773,22.106317138671898,0.4709104001522064,0.4825337827205658,912.2315625,900.7385864257812,9.523420825263884,31.39263861782854,10,0
NEG_285,2007-09-29 00:00:00,Mizoram,23.88413217236922,92.28223487463602,214.8375809192657,506.2385424971581,734.2550121247768,24.804315185546898,0.4225393831729889,0.4242407381534576,979.574765625,372.53131103515625,16.582407589782406,102.91022749085982,10,0
4556,2012-09-16 00:00:00,Sikkim,27.1675,88.3651,745.7249760627747,2619.356572628021,4086.588025093079,19.659295654296898,0.4343598783016205,0.4340629577636719,874.558359375,1434.60986328125,11.769474237070067,150.69215203557656,50,1
NEG_6288,2014-09-22 00:00:00,Assam,26.39967946766773,91.4556853185492,780.4858684539795,1510.5692744255066,1845.5126099288464,24.529107666015648,0.4919477999210357,0.490365982055664,999.973046875,50.22384643554688,0.2719617834076412,66.54041224397594,10,0
NEG_4908,2013-06-08 17:00:00,Sikkim,27.60100123566678,88.45276350410586,278.982937335968,938.6036396026612,1765.6390592455864,13.094506835937525,0.4282010495662689,0.4286867678165436,738.716328125,2085.506103515625,30.54949608401963,305.30413312745986,60,0
5087,2013-07-12 00:00:00,Nagaland,25.6269,94.1139,415.74203968048096,687.9843175411224,1356.5676137804985,18.572930908203148,0.4922758638858795,0.4984512329101562,827.043203125,1568.7457275390625,8.753599146393153,54.76682196821287,50,1
NEG_6287,2014-09-22 00:00:00,Assam,26.04766493168913,92.11043695459432,503.3944249153137,1881.2133073806765,2443.2204887270927,23.082910156250023,0.4697322845458984,0.4978529512882232,950.6984375,313.1668701171875,6.351012854344015,94.57967480660731,30,0
NEG_6214,2014-10-05 17:45:00,Meghalaya,25.664162172181413,91.6618831679922,5.485380068421364,104.39588595181704,647.9479679837823,20.996942138671898,0.4553559720516205,0.4716879427433014,902.197734375,1405.495849609375,1.1011970712515222,296.82593652464993,10,0
NEG_6222,2014-10-01 11:00:00,Arunachal Pradesh,26.740707238282383,93.9230371609783,1.9412182737141848,8.358366321772337,729.1971319355071,27.163629150390648,0.4341640472412109,0.4511152803897857,998.521796875,80.14016723632812,0.013913994880464,274.8322557944036,30,0
NEG_4858,2013-05-11 09:00:00,Assam,26.37859342594302,91.98308121563664,99.13433343172072,344.47408467531204,813.3657909929752,25.17257080078128,0.4699611663818359,0.4935455322265625,1001.692890625,54.01096725463867,0.1325790844109711,315.93087347601,40,0
NEG_4861,2013-05-12 00:00:00,Assam,25.30631120526477,93.37876638805932,116.4948344230652,1650.0366926193235,4026.121266186237,20.951226806640648,0.4876785278320312,0.4780953824520111,889.893984375,1142.95556640625,20.483649920272715,17.774411423858282,10,0
NEG_8996,2016-07-14 00:00:00,Assam,26.475033239142896,91.5190856394802,111.37162148952484,217.84235909581184,894.1710628569126,27.917016601562523,0.4515298306941986,0.4423325955867767,992.034609375,54.45249176025391,0.0669440323670609,132.80834102116876,40,0
NEG_6107,2014-06-26 23:00:00,Assam,25.76392024448656,91.66162057729647,276.60006284713745,702.1830976009369,4106.515854597092,24.669488525390648,0.4796441495418548,0.4857966005802154,923.007265625,802.5889892578125,0.5387771686560656,339.2579720161441,10,0
NEG_6213,2014-09-24 00:00:00,Meghalaya,25.599593375495964,90.7458811570948,67.68981367349625,1030.1066264510157,1832.296945154667,23.847283935546898,0.4589106142520904,0.4621626436710357,972.822421875,363.6160583496094,1.6479945674100906,358.20871180478133,10,0
2026,2010-06-28 00:00:00,Meghalaya,25.4916,91.2698,1417.6218509674072,3779.7738313674927,5833.89438688755,20.550103759765648,0.4850877225399017,0.5016244053840637,862.78875,1511.6146240234375,2.419590035009426,314.24230619384934,10,1
NEG_2263,2010-08-17 00:00:00,Nagaland,25.98141865196826,95.01132952115256,195.4030692577362,1342.6282703876495,3432.657450437546,20.805108642578148,0.4240684509277344,0.4249795377254486,849.338515625,1468.4658203125,26.59846258337945,273.9645746732724,10,0
4424,2012-06-20 00:00:00,Assam,26.149,91.7351,461.71802282333374,914.9793684482574,1680.2995279431343,26.809350585937523,0.4870408475399017,0.4868081510066986,972.3578125,51.78913116455078,0.4662752950636524,105.18457362830516,50,1
NEG_2573,2010-10-09 00:00:00,Assam,25.527445099835564,92.78828967294616,227.0994782447815,1478.7627756595612,1956.8302687257528,22.231988525390648,0.4777259826660156,0.4915008544921875,939.629609375,434.77630615234375,2.428926988233163,65.67774899464996,10,0
4384,2012-06-03 00:00:00,Assam,25.1775,93.0123,2813.694477081299,4107.146590948105,5029.941534623504,23.259790039062523,0.4747587740421295,0.487384170293808,927.808984375,719.3320922851562,5.109549463494042,61.90016545284584,10,1
7837,2015-08-27 00:00:00,Mizoram,23.7269,92.7265,67.16417521238327,358.1567630171776,808.222334831953,24.390252685546898,0.4143308103084564,0.4161593019962311,942.394765625,910.7572021484376,12.199351908925664,79.95975509394066,10,1
5006,2013-07-01 00:00:00,Nagaland,26.1147,94.3864,189.83612954616547,689.4566267728806,1604.63048517704,24.4992614746094,0.4945761263370514,0.4682604372501373,917.882265625,401.3453369140625,2.8334776693523853,165.58401288489745,10,1
NEG_3932,2011-08-18 00:00:00,Nagaland,26.01250864380569,93.78943465919434,15.481574460864069,250.98255649209025,1065.075021237135,25.652154541015648,0.4595209658145904,0.4619127810001373,980.994921875,130.76123046875,0.2921631952525607,262.3868723553242,40,0
NEG_256,2007-09-10 00:00:00,Sikkim,27.52100507031416,89.06123693232236,180.6457340717316,676.4747500419617,2836.3382816314697,7.762048339843773,0.424661636352539,0.4255898892879486,622.5507421875,4500.07763671875,9.5520594940289,309.3757259605491,30,0
NEG_760,2008-08-29 00:00:00,Nagaland,25.972095625846165,93.87392973851571,87.83391118049622,236.7104347795248,1011.7388814687728,26.069146728515648,0.4552688598632812,0.4728507995605469,977.272734375,142.2470703125,0.1296271979115061,334.737195786522,40,0
NEG_7370,2015-08-01 00:00:00,Manipur,24.15390790668969,93.78531528526794,203.2352983951569,3251.171737909317,4594.709925353527,21.238946533203148,0.4765453338623047,0.4857858121395111,900.927265625,946.9945678710938,12.88942923362435,128.58366994834023,10,0
NEG_3830,2011-07-22 00:00:00,Manipur,24.619678489052458,94.2465912043766,307.6992332935333,789.2513573169708,2046.212926506996,21.7517028808594,0.4427210390567779,0.4530912935733795,888.056640625,826.4051513671875,12.658898072992146,204.2912178098684,10,0
3927,2011-08-16 08:00:00,Meghalaya,25.5144,90.2167,903.8665890693665,1194.9250847101212,2907.798880711198,23.8281188964844,0.4865932464599609,0.4908714294433594,970.839765625,340.00689697265625,3.906063737419891,249.94238361653936,10,1
NEG_2392,2010-09-04 00:00:00,Sikkim,27.055094336627867,88.94135136204007,290.6202971935272,871.6416209936142,1868.750497698784,19.866143798828148,0.4222354888916015,0.4286492764949798,855.698359375,1001.547607421875,18.78665541657101,119.49213951829124,10,0
NEG_5107,2013-07-15 00:00:00,Nagaland,25.57957671495043,93.64009278561976,168.95464062690735,365.1299253106117,585.6098309159279,25.835870361328148,0.4932975769042969,0.4970270693302154,940.385703125,486.91015625,5.364254724363335,298.34040054077184,10,0
5603,2013-10-13 19:30:00,Manipur,25.426,94.6024,9.08009707927704,14.062063395613222,472.50764983436966,19.6074157714844,0.3699887692928314,0.3777287900447845,862.713515625,1284.336181640625,8.351646903875247,353.30145479038634,10,1
NEG_2423,2010-09-13 00:00:00,Mizoram,24.035626030267927,92.93443878544188,150.50575137138367,315.7932236790657,916.9440120458604,23.286920166015648,0.421295166015625,0.4222259521484375,937.617265625,565.5512084960938,6.687784520502398,43.83316104303941,10,0
NEG_5312,2013-08-11 23:00:00,Assam,26.5933894841361,94.50212045389316,214.41198885440824,507.828488945961,1668.2671457529068,25.116265869140648,0.4700349271297455,0.4701105654239654,963.7025,294.78082275390625,12.563095301319082,138.40497255506943,10,0
2424,2010-09-13 00:00:00,Mizoram,23.591,92.9296,248.0173110961914,506.1962902545929,1054.005727171898,22.2722106933594,0.4225927889347076,0.4239521026611328,924.932734375,732.086181640625,15.639423132145646,312.4121840045681,10,1
NEG_2106,2010-07-20 00:00:00,Nagaland,27.17346930834324,94.92106609115442,752.3224949836731,2283.437490463257,3024.1186171770096,25.604333496093773,0.472820907831192,0.4963232576847076,988.032734375,104.6961669921875,0.2368274155756658,241.1257278700548,50,0
NEG_3776,2011-07-15 18:00:00,Arunachal Pradesh,27.38232974884124,93.3863421565733,791.3399934768677,2096.2707698345184,3040.4556542634964,15.879022216796898,0.4283898770809173,0.4285392761230469,788.7446875,2509.9462890625,12.790634325453938,59.950896809226776,10,0
NEG_6970,2015-06-16 00:00:00,Meghalaya,25.275062309764365,90.26069311124512,380.9517920017242,757.4626356363297,3502.3959428071976,25.193505859375023,0.4795233309268951,0.4938271939754486,994.369609375,104.8154754638672,6.427859630662424,62.81819125154891,10,0
2106,2010-07-20 00:00:00,Nagaland,26.8716,94.9921,1280.6217670440674,2546.844005584717,3220.11561691761,25.216638183593773,0.4807332456111908,0.50164794921875,971.388984375,260.1624755859375,8.275951929068427,124.19640302192768,10,1
2574,2010-10-09 00:00:00,Assam,25.4749,93.1477,263.22710514068604,1090.5728936195374,1503.1133238226175,23.162896728515648,0.4833424985408783,0.4861539304256439,964.999140625,155.5647430419922,1.757093803546841,287.2034217391585,10,1
NEG_1934,2010-06-03 05:00:00,Assam,24.4721890098234,92.08097064079476,184.9745512008667,464.670792222023,1698.7398862838745,27.447686767578148,0.4176470339298248,0.4258352816104889,1001.022890625,38.210914611816406,0.3776393730674456,125.19953468890094,10,0
NEG_9334,2016-05-18 08:00:00,Assam,24.57958595578048,92.95392133540044,267.5376236438751,466.5674678981304,1111.3625541329384,24.69088134765628,0.426236480474472,0.4262771606445312,987.848125,31.362308502197266,0.676496862096884,96.4833800000286,10,0
2575,2010-10-09 00:00:00,Assam,25.5242,92.9914,245.88489532470703,1176.0385036468506,1570.5935377627611,23.21138916015628,0.47796630859375,0.472241073846817,965.62,163.5721893310547,2.384390783774867,70.89340843423895,10,1
1771,2010-04-20 00:00:00,Assam,26.1978,91.7665,553.8814663887024,1109.286189079285,1920.2378541231155,22.373803710937523,0.4737860262393951,0.4962978363037109,991.53375,88.93688201904297,5.015605123771912,302.62294224263184,50,1
3925,2011-08-15 00:00:00,Arunachal Pradesh,27.4888,93.0153,1089.5687341690063,1757.7282786369324,2535.368964076042,19.756890869140648,0.4290784299373626,0.4290390014648437,882.014375,460.8761901855469,8.545663515376845,22.312277393139368,10,1
NEG_1776,2010-04-21 00:00:00,Meghalaya,25.61715260798025,92.61996065276917,202.10571587085724,2356.895223259926,3077.2369280457497,21.926812744140648,0.5069472193717957,0.4984149932861328,923.7434375,699.1943359375,0.8624528715006894,76.336960825917,10,0
NEG_7837,2015-08-27 00:00:00,Mizoram,24.01370872754035,92.94441572440324,143.23380589485168,501.9699931144714,1148.0086967349052,24.192010498046898,0.421154648065567,0.424283355474472,938.440625,963.1964111328124,15.8823886105637,101.39976212937256,10,0
5273,2013-08-04 00:00:00,Nagaland,26.1807,94.5497,115.29041826725006,414.0557646751404,965.441770851612,23.673913574218773,0.4935804903507232,0.4936186373233795,894.896015625,1596.9862060546875,12.839354693833652,258.62613224037057,30,1
NEG_3738,2011-07-06 00:00:00,Manipur,24.43840126856881,93.82597747798953,73.916956782341,438.06658685207367,986.9490936398506,23.157525634765648,0.4102083742618561,0.4175218045711517,913.3190625,768.5370483398438,0.0843123400804563,357.57482844800234,40,0
NEG_3683,2011-07-01 00:00:00,Nagaland,26.14623441355162,93.85713217569533,27.167892083525658,261.2163107842207,973.0494003742932,27.16256103515628,0.4842440187931061,0.4832096099853515,978.756015625,120.98381805419922,0.2617890639870046,145.61390225208106,40,0
NEG_7373,2015-08-01 00:00:00,Manipur,24.60780933409701,94.21968345966256,143.11224222183228,2297.4730134010315,4481.4664870500565,20.433953857421898,0.4541091918945312,0.4533500671386719,891.420625,1255.4444580078125,2.9027628447169778,337.6062299684125,10,0
NEG_4905,2013-06-07 00:00:00,Nagaland,25.82087125293293,94.9912118353999,251.34432315826416,744.0307438373566,1137.7919614315033,17.189141845703148,0.4499785006046295,0.4601777493953705,788.488359375,2188.890380859375,17.428387723932055,335.90277404116,10,0
213,2007-08-26 00:00:00,Assam,25.2946,92.8339,790.7280921936035,1416.895940899849,1826.358966529369,21.405145263671898,0.495981216430664,0.4998607635498047,907.623515625,866.6158447265625,8.047162645630273,28.22589519606862,30,1
NEG_5336,2013-08-16 00:00:00,Nagaland,26.33996236495961,95.20541168466434,256.6280961036682,396.5950533747673,1171.2452247738838,19.540155029296898,0.468853622674942,0.4924977719783783,840.451328125,812.3107299804688,17.24056220172512,300.0914895147717,10,0
870,2008-10-29 00:00:00,Arunachal Pradesh,27.4,92.35,21.77216485142708,1601.2958772480488,1974.093098193407,12.751000976562525,0.4111080169677734,0.4150244295597076,807.764609375,2711.107421875,9.934314086862548,258.6990462524358,10,1
3789,2011-07-16 00:00:00,Arunachal Pradesh,27.2743,92.9064,127.49142944812776,2096.1865931749344,3885.5979591608047,20.64058837890628,0.4238929748535156,0.4253762662410736,886.76,619.49560546875,18.293491867925315,137.40480061286024,10,1
6775,2015-02-14 00:00:00,Assam,26.1468,91.6469,4.458107985556126,11.943715158849956,14.248937433876565,17.934777832031273,0.24968783557415,0.2842623293399811,992.160234375,108.400634765625,2.9385488205872656,255.0368905579026,10,1
7701,2015-08-19 15:00:00,Nagaland,25.6278,94.1051,316.261351108551,581.9960981607437,1235.231265425682,19.134912109375023,0.476330429315567,0.4907855987548828,827.5853125,1692.6016845703125,8.397271399243602,26.926699263872425,60,1
NEG_4552,2012-09-14 00:00:00,Sikkim,26.782106550285963,88.63303272433662,638.1919384002686,2623.25006723404,3059.201844036579,24.671929931640648,0.4147809445858001,0.4193967282772064,986.6378125,140.70370483398438,0.2403198869048011,38.77542167315573,10,0
NEG_4610,2012-11-11 00:00:00,Mizoram,23.92136089207132,92.86580831495392,2.0180775318294764,14.270950312493367,547.9647332977038,18.403833007812523,0.3651968538761139,0.3714472353458404,935.645625,389.1754760742188,15.070580759398297,213.9697999766864,10,0
NEG_264,2007-09-13 00:00:00,Assam,25.80289269208521,91.66198021056644,277.261883020401,629.6920329332352,5027.148976922035,23.6169372558594,0.4723828732967376,0.4930191040039062,923.915,652.38134765625,5.15699007654934,344.92783479584915,10,0
1935,2010-06-03 00:00:00,Tripura,23.8986,91.7599,56.78007751703262,170.45922204852104,1326.485376805067,28.343377685546898,0.407489150762558,0.4072863161563873,992.080390625,211.34381103515625,4.4465495025554524,290.9649887810725,10,1
2570,2010-10-08 00:00:00,Manipur,24.837,93.9128,322.2329020500183,848.986804485321,981.7748488858342,19.290216064453148,0.4741617739200592,0.4977156221866607,913.2825,805.848876953125,9.562918466600156,173.8023997224725,50,1
NEG_3741,2011-07-07 00:00:00,Nagaland,25.605787089569823,93.68334257794169,37.02433407306671,208.7636440992356,729.5180410146713,24.9809509277344,0.4559491574764251,0.4633197784423828,935.3109375,385.8599548339844,3.6436978926000174,326.24960752037174,10,0
NEG_3916,2011-08-13 08:00:00,Assam,25.962599304583662,93.78066347801838,237.55745589733124,345.2192060649395,1242.0314140617847,25.882257080078148,0.4899393618106842,0.4942493438720703,980.293828125,142.64413452148438,0.2271615157055814,307.6655823884238,10,0
NEG_7374,2015-08-01 00:00:00,Manipur,25.142846603024264,94.65881667591194,227.5351583957672,2561.1672699451447,4357.024565339088,19.498315429687523,0.4197139739990234,0.4227466583251953,856.936015625,1966.870361328125,3.1159034418385065,188.97825803791943,10,0
6963,2015-06-19 00:00:00,Mizoram,23.7131,92.7362,145.29770612716675,245.6623800098896,732.5879968702793,25.0898376464844,0.4006989896297455,0.3774356842041015,939.278359375,765.9761962890625,11.050015235695566,90.53403124571338,10,1
NEG_6200,2014-08-17 00:00:00,Arunachal Pradesh,27.003746460298625,93.33812717365572,175.44803023338318,1511.6288363933563,6114.450067281723,24.529870605468773,0.4542032778263092,0.4420274198055267,947.686015625,682.9957885742188,8.083382707531209,0.6177342883464689,10,0
7335,2015-08-18 09:00:00,Meghalaya,25.5145,90.2023,742.9690957069397,1256.4652860164642,1821.747463196516,25.081903076171898,0.4748694002628326,0.4789663851261139,970.895625,273.09893798828125,2.988335382012413,289.08102588210306,10,1
NEG_2026,2010-06-28 00:00:00,Meghalaya,25.23204395464197,91.1524858077854,1144.5536613464355,3292.038321495056,4769.048526883125,24.9550720214844,0.4867464601993561,0.5005900263786316,984.47625,504.3101501464844,2.89910331347879,189.8359697392746,10,0
3916,2011-08-13 08:00:00,Assam,25.7713,93.8067,396.0871994495392,890.2433514595032,2234.82146859169,25.0309997558594,0.4819265902042389,0.493939071893692,964.060546875,268.5067749023437,5.715667617272849,149.09501445049003,10,1
NEG_2253,2010-08-15 23:00:00,Manipur,25.635989012703167,94.80995427217626,669.8050498962402,982.281230390072,1216.356821358204,20.3774353027344,0.4323278963565826,0.4340082705020904,843.6653125,1212.7470703125,21.097935581075365,169.36261516945024,10,0
NEG_2344,2010-08-27 16:30:00,Assam,24.47250656372338,93.26399129393276,98.9677906036377,368.636891245842,1085.9992317855358,25.419061279296898,0.4232946932315826,0.4214801788330078,970.335078125,256.8044738769531,9.739115075130425,285.5219628164396,10,0
7265,2015-07-22 00:00:00,Manipur,25.5007,93.9854,312.35605478286743,1201.6023993492126,2410.9554290771484,18.3547302246094,0.439725250005722,0.4412600100040436,828.108046875,1395.7078857421875,16.866495952895704,198.70921253232825,30,1
NEG_6971,2015-06-09 00:00:00,Arunachal Pradesh,26.70596766975092,94.04487588994527,532.819390296936,1088.4882509708405,1501.2521855533123,25.494470214843773,0.4665571749210357,0.4946981966495514,989.503125,80.6056137084961,0.2495548475367728,276.243518475333,40,0
NEG_215,2007-08-28 00:00:00,Nagaland,25.72595517720885,93.44473323801245,31.12668916583061,2448.62873479724,3082.041200250387,26.811669921875023,0.4597549438476562,0.4552803039550781,975.265390625,265.76324462890625,0.3062222991704403,158.8032754867221,10,0
NEG_7263,2015-07-22 00:00:00,Manipur,25.37757085805462,93.57336250082774,342.87577867507935,1287.205070257187,2663.385614752769,21.517877197265648,0.4659411013126373,0.4886665344238281,898.521796875,1215.07373046875,17.53762535403062,121.01692241051636,30,0
1084,2009-08-12 00:00:00,Arunachal Pradesh,27.7,92.8,2195.739507675171,3538.988769054413,4406.317077577114,16.510736083984398,0.4289296567440033,0.4289601743221283,767.686484375,2535.724853515625,15.343229888509324,198.7345721594409,10,1
3556,2011-05-31 14:00:00,Manipur,25.1555,93.8474,1150.1449346542358,1900.439739227295,2227.1822057664394,19.318017578125023,0.4273211061954498,0.4280204772949219,860.316015625,1504.5924072265625,24.82938195318013,265.00689466763765,10,1
NEG_2140,2010-07-25 00:00:00,Assam,24.817149027473,92.70376513688348,102.05447673797607,391.00421965122223,930.6184649467468,28.117852783203148,0.4646822512149811,0.4553483426570892,988.784765625,64.48097229003906,1.5357060026907208,280.6920925228917,10,0
NEG_2045,2010-07-06 00:00:00,Nagaland,26.107179577803297,95.15950398381872,430.61363697052,923.4081208705902,2349.240943789482,18.804254150390648,0.4747301638126373,0.4933229982852936,815.414453125,2407.17041015625,6.687784520502398,186.42484990620545,10,0
7780,2015-08-26 00:00:00,Mizoram,23.3572,92.7878,123.7056702375412,383.1395879387856,1189.802959561348,23.376031494140648,0.4160760343074798,0.416351318359375,917.885390625,1297.563232421875,15.723181904587044,246.4839310952001,30,1
5123,2013-07-17 00:00:00,Nagaland,25.7131,94.0885,119.85684931278227,1253.5623461008072,2202.3276537656784,21.833398437500023,0.4990571439266205,0.4989961087703705,863.927890625,1439.761962890625,4.142140102743619,270.531531012945,10,1
NEG_78,2007-05-23 00:00:00,Sikkim,27.69829959036087,88.85328435508637,55.75091391801834,142.55602657794952,286.74658108502626,3.571710205078148,0.4256375730037689,0.4265531003475189,600.82171875,5020.7099609375,8.547396326094585,67.0426152479501,60,0
NEG_3806,2011-07-19 00:00:00,Arunachal Pradesh,26.783270702110844,93.84924807797805,291.8011546134949,1264.2590403556824,2890.8896148204803,25.68892822265628,0.4612394869327545,0.4874483644962311,987.612734375,79.95232391357422,0.1663499357116672,166.8606879186707,40,0
3840,2011-07-25 00:00:00,Manipur,24.6869,93.9157,41.0650447010994,143.75221356749535,1045.8287261426449,24.475213623046898,0.4265969693660736,0.4245758056640625,918.042578125,771.821533203125,0.0649232122296196,63.62862409347474,40,1
NEG_2424,2010-09-13 00:00:00,Mizoram,24.019018615505967,92.90753386435772,150.50575137138367,315.7932236790657,916.9440120458604,23.286920166015648,0.421295166015625,0.4222259521484375,937.617265625,828.6727905273438,5.254497873491367,263.4996442830406,10,0
NEG_7706,2015-08-19 00:00:00,Meghalaya,24.873021783521818,91.93006734481978,667.0217514038086,1401.013731956482,2520.7629203796387,25.4880310058594,0.4293231964111328,0.4326013028621673,994.7190625,10.547082901000977,0.1851759718647401,100.06639177725908,40,0
NEG_4446,2012-07-05 00:00:00,Arunachal Pradesh,28.76827363477879,95.2143928109572,990.1695251464844,1704.65025305748,2742.9517060518265,13.801293945312525,0.4285316467285156,0.428802490234375,731.515703125,2180.63720703125,25.15052719596126,84.09093666311861,10,0
NEG_2044,2010-07-06 00:00:00,Nagaland,25.779437540282863,94.9954197647606,326.59491896629333,822.4187791347504,1983.3303540945053,17.852685546875023,0.4572556912899017,0.4613272249698639,790.93609375,2119.79638671875,6.687784520502398,186.42484990620545,10,0
NEG_2345,2010-08-27 18:00:00,Sikkim,27.53795611221579,88.89029326984092,210.579976439476,599.9334901571274,2831.9954723119736,8.799737548828148,0.4267209470272064,0.4271761476993561,633.2167578125,4233.99365234375,13.204938570220005,200.8592030641772,30,0
NEG_7279,2015-07-24 00:00:00,Manipur,25.33685878526828,93.42227945974156,263.30047845840454,865.2274012565613,2872.2419887781143,20.702020263671898,0.5018138885498047,0.5005804896354675,889.6240625,1241.212890625,15.552073380321035,252.7275735507088,10,0
3860,2011-07-29 00:00:00,Nagaland,25.4192,94.108,231.63357377052307,519.2241072654724,1383.735053241253,21.040307617187523,0.4643325805664062,0.494363784790039,859.032578125,1384.4271240234375,4.757557104755323,94.41850459131604,30,1
NEG_5123,2013-07-17 00:00:00,Nagaland,26.08535525529421,93.91895126494671,28.29151228070259,468.5406126081944,797.826886177063,27.388970947265648,0.4653167724609375,0.4727484285831451,979.7075,125.478759765625,0.1262236518052903,0.4451609206063267,40,0
9604,2016-10-12 00:00:00,Sikkim,27.2676,88.2891,251.97678804397583,871.1906373500824,1722.5456237792969,17.068658447265648,0.4227250516414642,0.4176858365535736,825.480859375,579.97900390625,2.336696443505625,186.86395214135976,10,1
NEG_2577,2010-10-09 00:00:00,Nagaland,25.8183065243661,93.55274098318615,197.43645191192627,807.0939630270004,968.8210990279912,23.330438232421898,0.4867630004882812,0.4856586456298828,968.357890625,208.9857482910156,0.1050134365710917,38.86648851453691,10,0
9334,2016-05-18 08:00:00,Assam,24.5204,92.7264,352.84358263015747,734.9194139242172,1443.2658664882183,25.188043212890648,0.4187711179256439,0.4298305511474609,999.733515625,38.16285705566406,0.3625697340418478,311.933396194781,10,1
4861,2013-05-12 00:00:00,Assam,24.9926,93.4946,151.8993377685547,2777.7931690216064,6962.318897247314,22.390283203125023,0.4211463928222656,0.4233621060848236,931.622265625,1132.327880859375,9.5369468422031,257.9150821856824,50,1
2743,2010-11-22 00:00:00,Arunachal Pradesh,27.5798729,91.85672387,4.979660734534264,134.5986369997263,368.3127760887146,2.5893493652343977,0.3973064422607422,0.3950214385986328,684.154609375,2737.44287109375,13.09900991924018,234.6482958909109,10,1
NEG_6283,2014-09-22 00:00:00,Assam,26.03123456705896,92.0703934308813,503.3944249153137,1881.2133073806765,2443.2204887270927,23.082910156250023,0.4697322845458984,0.4978529512882232,950.6984375,435.5339050292969,11.080003378907902,358.0008125815666,10,0
2392,2010-09-04 00:00:00,Sikkim,27.3702,88.7334,266.08186960220337,810.2043867111206,2348.0137437582016,12.232446289062525,0.4248638153076172,0.4277712404727936,709.304609375,3456.36328125,8.03982183192138,323.6899158560446,30,1
3830,2011-07-22 00:00:00,Manipur,24.3527,94.3429,386.5431845188141,919.5516407489775,2159.443140029907,24.046929931640648,0.4474601745605469,0.4544270932674408,949.084140625,769.7901611328125,6.687784520502398,186.42484990620545,10,1
6285,2014-09-22 00:00:00,Assam,26.159,91.8178,574.0694403648376,1648.0973958969116,2100.006930530072,24.4362731933594,0.4781551361083984,0.4964491426944732,994.862578125,116.36119079589844,7.118671337300538,137.09388440786142,50,1
NEG_1168,2009-09-17 00:00:00,Sikkim,27.277151062690525,89.02296901067618,184.17873978614807,414.3119603395462,839.1394093632698,13.394158935546898,0.4240010678768158,0.425158828496933,721.11125,2526.89697265625,22.311953633416792,220.06503373153456,10,0
NEG_2587,2010-10-10 06:00:00,Nagaland,25.98860269792176,93.90455628027348,11.896374635398388,475.8849991485477,729.2686523869634,24.352105712890648,0.4732958376407623,0.4781011044979095,979.041875,138.68875122070312,0.2020853940311031,213.18734371724892,40,0
5122,2013-07-17 00:00:00,Nagaland,25.7658,93.9413,62.7538412809372,1112.5758737325668,1709.546186029911,25.305810546875023,0.4802513122558594,0.4634030759334564,934.485,1044.7733154296875,18.136584345812256,243.2960116681957,50,1
2405,2010-09-09 23:00:00,Arunachal Pradesh,28.3036,95.4112,313.16643953323364,1444.17542219162,5791.004419326782,19.203302001953148,0.4270668029785156,0.4270458221435547,852.42203125,1738.7901611328125,6.687784520502398,186.42484990620545,10,1
NEG_313,2007-10-16 00:00:00,Nagaland,26.000764711697933,93.85310476340848,132.41207599639893,285.889096558094,444.414141587913,22.947869873046898,0.4879684448242187,0.4873593747615814,985.60375,137.21719360351562,0.1372525510030413,33.620533795570566,40,0
9336,2016-05-18 08:00:00,Assam,24.5308,92.5121,395.6751227378845,863.2989525794983,1606.7005954682827,24.98702392578128,0.42462158203125,0.4288406372070312,1001.928515625,86.01087188720703,1.146628280065758,94.12947973703253,10,1
7910,2015-08-01 00:00:00,Manipur,24.3481,94.1146,196.6175436973572,3922.843277454376,6208.627820014954,20.594903564453148,0.4359938204288482,0.4370098114013672,889.436484375,1007.4844970703124,4.236409974488785,343.4091480090842,10,1
7665,2015-08-11 00:00:00,Manipur,24.7016,93.5291,76.02590322494507,288.2731333374977,1370.5092780292034,24.663629150390648,0.415478378534317,0.4165407717227936,925.927109375,653.4212646484375,15.151082322407328,333.012944913035,10,1
6786,2015-02-19 23:00:00,Assam,24.6108,92.562,15.62570407986641,16.23166773788398,46.25304946239339,20.298608398437523,0.1327826231718063,0.1538619995117187,1009.115,29.48447799682617,0.1782372294397168,113.84574725898358,30,1
NEG_1755,2010-04-17 15:00:00,Sikkim,27.41708292515432,89.0278510129072,53.43898385763168,122.77914211153984,346.53249755501747,6.836175537109398,0.3862336575984955,0.3847465515136719,671.6415625,3480.888671875,15.84734420411439,279.83922789310395,10,0
2587,2010-10-10 06:00:00,Nagaland,25.6623,94.1072,59.315938502550125,674.7288592159748,1438.087373971939,18.3293395996094,0.4747759401798248,0.4589424133300781,866.381875,1385.9927978515625,9.2713979346876,68.53085993658738,10,1
4859,2013-05-11 00:00:00,Assam,26.1771,91.7599,120.2905923128128,451.6031891107559,764.0434131026268,24.620721435546898,0.4814999997615814,0.4944909512996673,993.983359375,60.27781677246094,2.501297270532758,268.0854799655661,50,1
5272,2013-08-04 00:00:00,Nagaland,26.2083,94.5438,115.29041826725006,414.0557646751404,965.441770851612,23.673913574218773,0.4935804903507232,0.4936186373233795,894.896015625,1495.33251953125,1.864008246326144,301.6516703480293,10,1
NEG_2296,2010-08-20 00:00:00,Sikkim,26.95134756224308,88.79192080558258,1933.504581451416,3761.791944503784,5262.343138456345,22.468530273437523,0.4076582491397857,0.4077771604061126,910.521640625,340.0467529296875,2.683603754588674,199.6290346954828,10,0
9335,2016-05-18 08:00:00,Assam,24.5202,92.7239,352.84358263015747,734.9194139242172,1443.2658664882183,25.188043212890648,0.4187711179256439,0.4298305511474609,999.733515625,38.16285705566406,0.3625697340418478,311.933396194781,10,1
6289,2014-09-22 00:00:00,Assam,26.1001,91.6849,534.6599817276001,1593.7570929527285,1964.279230684042,24.027642822265648,0.4754022061824798,0.491229385137558,981.0796875,141.17234802246094,10.515644215923333,20.99309602548999,30,1
NEG_2025,2010-06-28 00:00:00,Meghalaya,25.36021112396368,91.67622796633096,1454.0684223175049,4222.390174865723,7401.370465755463,19.426171875000023,0.4916388094425201,0.5026887059211731,841.887890625,1448.591796875,18.57001019502431,146.31249938052167,10,0
NEG_7264,2015-07-22 00:00:00,Manipur,25.49529361782523,93.60200144145512,286.78637742996216,1498.5759854316711,2740.6901121139526,22.401513671875023,0.4846458435058594,0.49542236328125,911.433046875,1099.099853515625,20.527863225257548,276.5703951449251,10,0
3633,2011-06-20 00:00:00,Nagaland,26.3186,94.5121,160.12367606163025,802.1107167005539,1893.990978598595,24.405633544921898,0.4848060607910156,0.4837055206298828,905.725546875,1328.8421630859375,4.757598743007457,189.5199887885261,10,1
NEG_1771,2010-04-20 00:00:00,Assam,26.14764201756549,92.16642786159947,234.49160158634183,870.4196363687515,1372.7280218154192,21.917413330078148,0.4825903475284576,0.4865366518497467,978.61625,51.04179000854492,0.2009573227459617,184.5186726350837,40,0
NEG_5275,2013-08-04 00:00:00,Nagaland,25.96831420354873,95.02905689917569,242.5208389759064,726.0162830352783,1672.4503636360168,21.379479980468773,0.4209016263484955,0.4218959808349609,848.7490625,2046.8173828125,21.031946062999303,266.21905521401186,10,0
NEG_5006,2013-07-01 00:00:00,Nagaland,26.0630072335605,94.05473409589383,151.25077962875366,610.4312241077423,1469.665288925171,25.313287353515648,0.5000088810920715,0.5015595555305481,937.366015625,403.0518798828125,7.288164148145737,319.24606210162443,10,0
5441,2013-09-02 00:00:00,Arunachal Pradesh,28.611,94.9829,671.7022061347961,1265.8893316984177,2350.4844307899475,19.9016052246094,0.4285545349121094,0.4284712374210357,864.347109375,1664.8720703125,29.887614813119487,50.82827803927125,10,1
NEG_7369,2015-08-01 00:00:00,Manipur,24.394574499410005,93.84147450909369,167.77455806732178,2605.9885025024414,3668.074071407318,21.812188720703148,0.4172261655330658,0.4236482083797455,913.535234375,767.4909057617188,0.2992200601491352,262.974474435293,40,0
NEG_4848,2013-05-08 00:00:00,Tripura,24.10422637562802,91.73051509038224,924.7670769691468,2482.6401472091675,4482.503622770309,23.182397460937523,0.428891509771347,0.4293276369571686,998.5390625,103.88967895507812,2.0993733170949107,261.76263978177315,10,0
NEG_7371,2015-08-01 00:00:00,Manipur,23.77610180702579,93.879240194417,318.1135654449463,4974.152088165283,7495.462328195572,19.147729492187523,0.4252338409423828,0.425506591796875,851.782734375,1428.145751953125,16.544601500064,113.92726989741529,10,0
NEG_4906,2013-06-07 00:00:00,Nagaland,25.95596653699559,95.06015066870492,303.90191078186035,868.47323179245,1351.8612943589687,18.111505126953148,0.4812558591365814,0.4655323028564453,803.90375,2760.83984375,16.264649780492423,307.1728314051128,10,0
NEG_869,2008-10-29 00:00:00,Assam,27.432153915734016,94.23776864534564,3.830099478363991,561.1897055059671,662.4678044754546,22.241632080078148,0.3762346804141998,0.3867301940917969,999.088359375,98.87562561035156,0.2547864467486631,97.73869056745036,10,0
NEG_9142,2016-06-14 08:00:00,Nagaland,26.572845279783696,94.53798042555977,87.38374710083008,706.232026219368,1924.0591526031487,26.468621826171898,0.480511337518692,0.4636503756046295,958.83875,767.2593994140625,2.020766045816124,64.38450834577714,10,0
NEG_4411,2012-06-14 04:00:00,Sikkim,27.22178120437224,88.87346418520285,157.95955061912537,264.37271013855934,915.5727289617062,17.489038085937523,0.4223035275936126,0.4202982485294342,778.7121875,2870.5,21.04214237711837,165.18690017569463,10,0
7253,2015-07-22 00:00:00,Assam,24.7979,92.9974,489.036500453949,1520.4152464866638,4184.454575181007,25.642724609375023,0.4569390714168548,0.4876664578914642,993.656796875,24.35943603515625,0.0584320873833049,316.8654098683827,40,1
NEG_2343,2010-08-27 16:30:00,Nagaland,25.369361205686022,93.70632496648032,101.16835683584212,451.7221227288246,826.0019943118095,22.703057861328148,0.4203929901123047,0.4202524721622467,898.085546875,606.6873779296875,25.417060012208218,135.52302674975135,10,0
NEG_3927,2011-08-16 08:00:00,Meghalaya,25.48048561236405,90.6648019643411,1236.5623712539673,1536.9871258735657,2039.7631116211408,23.2539001464844,0.4792569577693939,0.4983774721622467,966.165234375,252.392333984375,2.7819190248169203,99.10180876334948,10,0
2566,2010-10-08 00:00:00,Nagaland,25.4769,94.1351,297.0374524593353,931.4437210559844,1321.5074315667152,16.091973876953148,0.482694000005722,0.4888483583927154,832.000390625,1651.714111328125,10.091643665887894,93.11038961433404,50,1
6110,2014-06-27 00:00:00,Assam,26.1619,91.7697,118.2226985692978,456.3787952065468,2390.470564365387,27.334008789062523,0.4755032956600189,0.4841531217098236,994.197890625,54.29384994506836,2.946413402631005,359.1212128757807,50,1
NEG_7031,2015-05-24 00:00:00,Sikkim,27.704784649665463,88.38485970466418,190.39276242256165,787.677139043808,1388.1607204675674,2.850762939453148,0.4319464266300201,0.4338900148868561,621.3429296875,4922.07861328125,19.25441687469445,227.42561898757648,70,0
NEG_322,2007-10-21 00:00:00,Assam,24.538294771170467,93.35619411524422,23.546351119875908,432.7724110335112,1012.3826321214436,20.1220642089844,0.4119618833065033,0.4170996248722076,951.89,505.2854919433594,10.91198524823,171.77760793020707,10,0
6112,2014-06-28 09:00:00,Assam,26.1964,91.7652,83.16893875598907,475.7736027240753,1716.8496996164322,26.997613525390648,0.4648641049861908,0.4509830474853515,992.110625,88.93688201904297,5.015605123771912,302.62294224263184,10,1
NEG_5272,2013-08-04 00:00:00,Nagaland,26.22429388537811,94.04998410714772,50.12458190321922,207.64782279729843,763.5868079960346,28.0256286621094,0.4790738523006439,0.4759286344051361,968.327734375,245.8949279785156,4.938758805673336,254.60869708760697,10,0
8339,2015-09-23 00:00:00,Assam,26.1666,91.7042,347.9018807411194,1001.0343492031096,2684.6576747484505,25.4228454589844,0.465982437133789,0.4898160398006439,994.620625,215.478759765625,4.158509854880299,332.921806805467,50,1
NEG_1987,2010-06-15 00:00:00,Assam,25.47303685517409,93.5618355029229,346.7395305633545,580.0961256027222,892.8945101797581,23.026971435546898,0.4688790738582611,0.474151611328125,907.683828125,966.378662109375,6.520649363025755,262.2629412081343,10,0
NEG_7364,2015-07-31 09:00:00,Manipur,24.696677299361458,94.18883098695149,887.4966502189636,2293.6935424804688,3769.647091627121,18.995965576171898,0.4522590637207031,0.4609247744083404,886.155,1511.1954345703125,7.123135944374854,4.227643367928238,30,0
NEG_212,2007-08-26 00:00:00,Meghalaya,25.23765029775144,91.54711137557123,467.97260642051697,992.7054941654204,1408.2930460572245,24.72286376953128,0.4726708829402923,0.4861551821231842,980.137734375,837.9844970703125,7.385433456489788,240.9248966386033,10,0
6968,2015-06-13 00:00:00,Meghalaya,25.463,92.2121,640.3999328613281,4873.943567276001,6236.256152391434,20.083917236328148,0.4672609865665436,0.4895515441894531,871.1671875,1362.5028076171875,3.766795770467888,312.53436359893567,60,1
7375,2015-08-01 00:00:00,Manipur,25.1941,94.4481,106.3063219189644,1180.459447205067,1971.1809903383253,18.820428466796898,0.435577392578125,0.4664058685302734,840.684765625,1607.228515625,11.6878242318148,252.41453360718808,10,1
NEG_585,2008-06-14 00:00:00,Arunachal Pradesh,26.99390292088633,93.2170488301682,533.2413911819458,950.0701129436492,1528.463177382946,23.386041259765648,0.4564253389835357,0.4542344510555267,942.779375,374.8797912597656,3.7702218077669696,253.0347140051395,10,0
NEG_868,2008-10-29 00:00:00,Assam,26.388364007531283,91.0440576199058,0.6649289280176163,1139.9006489664316,1215.2633188234176,23.194512939453148,0.3771680295467376,0.389554351568222,1002.873359375,42.64515686035156,0.0952346988454864,267.791279978312,40,0
5584,2013-10-06 00:00:00,Assam,26.1665,91.7049,370.4261779785156,701.598048210144,884.6769161173142,23.762322998046898,0.4701773226261139,0.4960772097110748,1000.43125,215.478759765625,4.158509854880299,332.921806805467,10,1
NEG_8012,2015-09-06 15:00:00,Meghalaya,25.77923121585231,92.05435226237266,207.25244283676147,735.2181971073151,3963.758632540703,22.754754638671898,0.487438827753067,0.4960988461971283,905.147734375,831.590576171875,5.770360078239568,169.4205110277162,10,0
NEG_5429,2013-09-01 18:00:00,Sikkim,27.639472617296384,88.11001546647785,159.23507511615753,299.8451367020607,911.1601039767264,2.262506103515648,0.4364522397518158,0.4362290799617767,547.7473046875,6661.216796875,41.428632892333184,295.2439414958418,70,0
NEG_3532,2011-05-24 00:00:00,Assam,24.68857235419805,92.81257035629976,120.27823179960252,870.7741424441338,2028.785079717636,25.323419189453148,0.4621575772762298,0.445645660161972,987.226171875,24.519508361816406,1.0668557363523452,105.44611528070084,40,0
9464,2016-08-05 00:00:00,Arunachal Pradesh,27.5754,91.9754,138.9254331588745,226.20928660035133,838.8026840984821,10.637292480468773,0.4093653261661529,0.4040031433105469,657.005546875,2424.190185546875,19.24312472126151,320.94557305137005,30,1
NEG_4394,2012-06-07 04:30:00,Sikkim,27.465895644849923,88.96075326833206,55.82834780216217,126.43424421548843,491.4045035839081,8.700067138671898,0.3968473970890045,0.3951930999755859,644.5060546875,4189.79296875,16.47124456065154,214.0262310490157,10,0
NEG_9051,2016-07-19 09:00:00,Meghalaya,26.19393257327573,92.15678957777064,518.1999206542969,2001.1413991451263,3051.364928483963,26.727655029296898,0.4757321774959564,0.4964777529239654,995.619375,51.9642219543457,0.0619025145999076,262.6563096640358,40,0
NEG_7335,2015-08-18 09:00:00,Meghalaya,25.18570924311436,89.98364956819717,554.3246269226074,919.8772981762886,1383.211314678192,26.599542236328148,0.4278265535831451,0.4304866790771484,999.157734375,18.459922790527344,0.1583943179085506,98.85172681230448,40,0
NEG_6282,2014-09-22 00:00:00,Assam,26.279911044565488,92.08445107515344,683.7783455848694,1828.620195388794,2407.7639654278755,24.429833984375023,0.4822044372558594,0.502752959728241,998.993046875,53.38558197021485,0.0993257634184303,178.22041565618974,40,0
2249,2010-08-14 00:00:00,Nagaland,26.0814,94.803,277.1713733673096,622.1922934055328,1182.670719921589,20.626733398437523,0.4742342531681061,0.4770971834659576,850.658828125,929.2401123046876,18.42967737499728,42.75434125443911,10,1
6283,2014-09-22 00:00:00,Assam,26.1314,91.7548,527.1859765052795,1686.4770650863647,2113.4400218725204,24.112359619140648,0.4771448671817779,0.4949054718017578,983.325078125,78.39965057373047,1.8204737413153456,69.10865075226673,40,1
4377,2012-06-02 00:00:00,Assam,26.1475,91.7356,161.60820424556732,745.8223700523376,1115.4268849641085,26.304010009765648,0.4939874112606048,0.4827486574649811,974.669375,51.78913116455078,0.4662752950636524,105.18457362830516,50,1
NEG_4859,2013-05-11 00:00:00,Assam,26.26478495903706,92.11061510360145,105.67468404769896,479.0106415748596,1045.3307535499334,24.939569091796898,0.488787978887558,0.4989407956600189,998.027109375,53.59874725341797,0.1065921690286916,53.58664467482669,40,0
868,2008-10-29 00:00:00,Assam,26.3333,91.25,0.4923120141029358,991.404127329588,1079.3353906810808,23.365167236328148,0.4530296325683594,0.4699853360652923,1004.298359375,42.0692138671875,0.0571429361684122,304.9716275100889,40,1
NEG_5250,2013-08-01 00:00:00,Arunachal Pradesh,28.127688556156773,93.35569323184596,89.84102308750153,421.8780547380448,1055.0403520464895,19.722528076171898,0.4156627655029297,0.4156131744384765,822.809453125,1197.9373779296875,22.852396749079844,314.50726557950713,10,0
4435,2012-06-25 00:00:00,Arunachal Pradesh,27.174,95.8011,630.9899687767029,1363.9459311962128,3378.654316067696,23.265557861328148,0.4798431396484375,0.4928232729434967,928.101953125,769.7901611328125,6.687784520502398,186.42484990620545,40,1
NEG_6289,2014-09-22 00:00:00,Assam,26.37766497215184,91.48014448493716,780.4858684539795,1510.5692744255066,1845.5126099288464,24.529107666015648,0.4919477999210357,0.490365982055664,999.973046875,55.38507843017578,0.2572959622495128,88.99206532133218,10,0
NEG_6291,2014-09-21 00:00:00,Meghalaya,25.871999735577702,90.22732247294748,273.59500527381897,803.2511472702026,1157.7118784189224,25.1789489746094,0.4258187711238861,0.4293142855167389,994.627109375,74.72945404052734,1.280106561527378,266.7523516407029,10,0
NEG_7836,2015-08-27 00:00:00,Mizoram,24.02725981267833,92.46823210622632,55.250540375709534,354.65508699417114,905.8516919612885,26.184259033203148,0.4009831845760345,0.4073473513126373,973.397734375,76.0592041015625,4.577652000633901,286.39973356347457,10,0
2345,2010-08-27 18:00:00,Sikkim,27.3392,88.6188,329.60546016693115,1015.5464708805084,4586.261540651321,19.565606689453148,0.4260215759277344,0.4313163757324219,848.372578125,1766.377197265625,17.701259124286906,186.42484990620545,10,1
NEG_5552,2013-09-24 00:00:00,Manipur,25.201383917541328,94.65421863642348,126.0545253753662,260.44877618551254,653.6672487854958,19.499780273437523,0.4291286468505859,0.4374682009220123,829.234609375,2146.7294921875,11.83346058868892,160.16197999131737,10,0
6284,2014-09-22 00:00:00,Assam,26.1324,91.8342,527.1859765052795,1686.4770650863647,2113.4400218725204,24.112359619140648,0.4771448671817779,0.4949054718017578,983.325078125,88.89730072021484,4.439598199059165,0.4344198059403652,50,1
NEG_2567,2010-10-08 00:00:00,Manipur,25.535324871214684,94.76336528095337,284.5346927642822,1264.84477519989,1621.6755136847496,15.350122070312525,0.4369837343692779,0.437213271856308,816.44625,1438.87744140625,17.954279024919558,51.367529036508586,10,0
NEG_5338,2013-08-16 00:00:00,Assam,27.050461497045603,94.57395130170356,98.59378635883331,339.6211266517639,1095.2295064926147,27.692987060546898,0.4895648956298828,0.4963932037353515,992.215390625,87.9281005859375,0.0151564697812368,280.26865060510033,40,0
NEG_6945,2015-06-19 00:00:00,Manipur,25.351856684016976,93.63171132162203,83.73211324214935,400.0705927610397,874.9634250998497,23.176812744140648,0.4670391082763672,0.4765714108943939,896.18125,873.418212890625,17.99426176159179,47.87194791154485,10,0
5274,2013-08-04 00:00:00,Nagaland,26.0838,94.564,134.9819153547287,486.68836802244186,973.1276631355286,20.867120361328148,0.4969698488712311,0.4943714141845703,838.951953125,1783.351806640625,13.854613021483038,101.35206067795788,10,1
NEG_1127,2009-08-27 00:00:00,Assam,25.285052812278124,93.36668702915937,112.04276233911514,398.847721517086,1757.123403251171,21.4497009277344,0.4861443936824798,0.4825649261474609,891.070234375,1462.8182373046875,13.336738010762003,100.89418652975496,10,0
NEG_1611,2010-04-01 00:00:00,Assam,25.36179104767553,92.6096880114809,195.7512199878693,652.604728937149,1178.9389168843627,19.903649902343773,0.4854011535644531,0.4903081357479095,912.243984375,989.4395141601562,7.679942930899704,290.2258845491117,10,0
NEG_6285,2014-09-22 00:00:00,Assam,25.85775514015625,92.02582077818418,438.5424852371216,1530.8051109313965,2094.3371281027794,21.925836181640648,0.4806385040283203,0.4937426149845123,915.7834375,717.0191650390625,0.7966350487814324,38.7590452072169,10,0
5431,2013-09-01 00:00:00,Assam,24.9829,93.5063,58.15989151597023,135.49942895770073,1145.854726433754,24.049615478515648,0.4005877077579498,0.3986466825008392,931.296484375,1317.85009765625,6.377900310336232,324.7675866268781,10,1
142,2007-07-27 00:00:00,Meghalaya,25.5212,90.232,788.2771492004395,2222.381293773651,3107.390414923429,23.7468200683594,0.4871457517147064,0.4984283447265625,970.563046875,556.3187866210938,18.16122333169184,296.6346602080793,10,1
NEG_7276,2015-07-25 09:00:00,Assam,26.50485028781992,91.93082964192295,14.474747702479362,482.19032399356365,2845.872713252902,28.452020263671898,0.472653716802597,0.4778696596622467,994.87,61.54842376708984,0.0730432158932166,292.6684096124376,40,0
NEG_5270,2013-08-04 00:00:00,Nagaland,26.210070321498005,93.99716397104456,50.12458190321922,207.64782279729843,763.5868079960346,28.0256286621094,0.4790738523006439,0.4759286344051361,968.327734375,110.09481048583984,0.0165247252678606,258.8416524127577,40,0
2411,2010-09-10 00:00:00,Arunachal Pradesh,27.0011,93.7273,141.60752296447754,379.89914417266846,851.3910546898842,25.307275390625023,0.4160995483398437,0.4267215728759765,976.752265625,108.49119567871094,0.388945187169281,162.95276372569924,40,1
NEG_6112,2014-06-28 09:00:00,Assam,26.46257891841997,91.92869795272324,25.69247037172317,259.63564217090607,2705.7751081883907,27.594049072265648,0.4895216524600982,0.4843425750732422,995.431875,56.867862701416016,0.2419719314355966,6.657279604688654,10,0
NEG_1935,2010-06-03 00:00:00,Tripura,23.621276084445803,91.3820678391606,43.76722127199173,155.27763590216637,927.1914809942244,29.277947998046898,0.4773222506046295,0.4696992337703705,1000.9,28.832019805908203,0.517492165087045,279.8578278854825,10,0
NEG_4382,2012-06-03 00:00:00,Assam,25.294124453674407,92.60080208784764,1941.96093082428,3703.411102294922,4271.591275930405,22.409692382812523,0.4817377626895904,0.486981064081192,894.535234375,1299.1766357421875,4.650126598691059,42.52745666206283,10,0
1596,2010-03-27 20:00:00,Manipur,24.7339,93.9161,29.70515750348568,29.73447634940385,31.425834168373967,23.688165283203148,0.180220291018486,0.1886558532714843,920.075,850.3824462890625,2.4993882102596463,180.6057527247282,30,1
731,2008-08-19 00:00:00,Nagaland,26.138,94.25,268.5140371322632,691.4511919021606,1316.1402642726898,23.7319274902344,0.4771550595760345,0.4936472475528717,928.1215625,1015.8339233398438,13.059349424407154,147.45620535742762,10,1
5269,2013-08-04 00:00:00,Nagaland,25.8376,94.5234,91.9957160949707,270.63434943556786,463.700263760984,21.438165283203148,0.4884789884090423,0.48138427734375,842.1278125,806.0603637695312,3.620994023286006,128.09780222254585,40,1
3683,2011-07-01 00:00:00,Nagaland,25.8782,94.1739,155.88058531284332,879.7564953565598,1817.660704255104,23.212030029296898,0.489938735961914,0.4868087768554687,896.524375,1384.907470703125,13.6678762421164,295.19649785621783,10,1
585,2008-06-14 00:00:00,Arunachal Pradesh,27.0998,93.6287,338.0379676818848,534.149520099163,1044.982474297285,23.2228942871094,0.4733600616455078,0.4923222959041595,939.834765625,397.61767578125,3.2188206602496563,278.252701592709,50,1
NEG_7138,2015-07-07 00:00:00,Sikkim,26.847057002435488,88.86278856585477,221.50804102420807,1402.8184562921524,3525.053024291992,27.941186523437523,0.4181423187255859,0.4225679934024811,990.8146875,145.1074981689453,0.7267456872114434,143.45215682060967,10,0
6107,2014-06-26 23:00:00,Assam,26.1844,91.7896,274.38196539878845,402.9702991247177,2679.137244820595,28.029595947265648,0.4793745577335357,0.491485595703125,992.547265625,70.5068359375,0.7860537271315179,211.92404682831048,50,1
NEG_3837,2011-07-24 12:30:00,Assam,26.79698037597357,93.01134324806058,66.90488755702972,324.77371394634247,1384.1834589838982,27.7226501464844,0.4242826998233795,0.4393215179443359,988.878203125,75.20736694335938,0.1352117029715999,247.8821656958848,10,0
NEG_594,2008-06-19 00:00:00,Manipur,24.48852561632297,93.84191018635607,114.4888401031494,481.44033551216125,890.9514620900154,22.664666748046898,0.4214439392089844,0.4175434112548828,917.978359375,768.34765625,0.0424326866920758,258.1354175750465,30,0
7371,2015-08-01 00:00:00,Manipur,23.9939,94.0573,297.3319888114929,5806.109845638275,8746.070802211761,22.586846923828148,0.4617449343204498,0.4891885221004486,935.233984375,922.6273193359376,1.9014455907760897,40.91929256922543,10,1
NEG_2042,2010-07-06 00:00:00,Nagaland,25.660577106726368,94.82908350132048,135.74060797691345,534.2574790120125,1233.3596870303154,22.5388122558594,0.4311962127685547,0.4300848543643951,884.227421875,901.9292602539062,11.212616682158838,90.99948226864932,10,0
NEG_1125,2009-08-26 00:00:00,Sikkim,27.57823208783225,88.96739930912308,99.83282536268234,493.9521178603172,1246.5636804699898,6.916528320312523,0.4224039614200592,0.4245065152645111,621.0843359375,4298.34619140625,19.000046045740984,174.64167398097004,30,0
NEG_6293,2014-10-20 00:00:00,Meghalaya,25.753337708073808,90.12953960641784,3.635054919868708,31.936403829604387,211.3260924088536,24.667169189453148,0.3366807401180267,0.3485971987247467,1000.567578125,157.417724609375,2.0534826153507617,357.8527991414295,10,0
NEG_3965,2011-09-06 08:00:00,Assam,24.49820311597296,93.15552549392874,219.4457054138184,732.5491011142731,1250.7457211613655,25.044305419921898,0.4275766909122467,0.4275124967098236,972.694609375,105.65660095214844,3.3076190354628943,151.83033408975848,10,0
3776,2011-07-15 18:00:00,Arunachal Pradesh,27.125,93.7145,442.08016991615295,1023.4803557395936,1276.5744850039482,24.132684326171898,0.4267355501651764,0.4316240847110748,966.734140625,132.2533721923828,0.2597239875720345,355.12881191306167,60,1
1961,2010-06-09 14:15:00,Meghalaya,25.8833,91.2,273.94282817840576,558.9171424508095,2261.506408452988,24.6061950683594,0.4897905886173248,0.4988174438476562,978.800390625,210.4703521728516,9.928684630065232,140.29806404302911,10,1
NEG_3525,2011-05-22 00:00:00,Assam,25.367597661584664,93.64461642008384,1501.5907287597656,1852.7624011039727,2814.079850912094,20.534478759765648,0.4874610900878906,0.4957631528377533,896.23625,571.6710815429688,9.213211514790226,154.08943033748528,10,0
3560,2011-05-31 14:30:00,Manipur,24.8286,93.5935,342.8697884082794,797.9775816202164,1101.2388318777084,21.6816345214844,0.4456144869327545,0.4467627108097076,919.679765625,721.0525512695312,15.428031040694917,267.7115880363436,10,1
NEG_8684,2016-07-07 00:00:00,Assam,26.15026907642668,91.17297963333492,189.7137463092804,1341.8581187725067,3817.065834999085,27.665826416015648,0.4923159182071686,0.4927190244197845,989.69875,44.56072235107422,0.0229265164945227,67.51462225892953,40,0
NEG_4757,2013-02-18 00:00:00,Arunachal Pradesh,27.98488622082108,94.98348627247545,170.84985971450806,365.9473638981581,377.5327035218652,12.643273925781273,0.3748435974121094,0.2786604464054107,912.600703125,544.5711669921875,2.8795754371698266,244.56531647412132,10,0
1986,2010-06-15 00:00:00,Nagaland,26.3335,94.5512,215.8115804195404,587.7396166324615,1101.7821319401264,22.62716064453128,0.4858468472957611,0.4951852262020111,889.0984375,1322.29638671875,8.122136598444111,166.218914817047,50,1
252,2007-09-09 00:00:00,Nagaland,25.4993,94.1192,208.5884064435959,984.1732084751128,2317.495793104172,18.799737548828148,0.4952373504638672,0.4865684509277344,833.197890625,1997.084228515625,1.322223075465551,114.42213010415014,10,1
4241,2012-03-04 00:00:00,Manipur,25.1604,93.6795,23.863574489951134,125.4865862429142,342.37841115918854,15.253778076171898,0.2947019040584564,0.2241185456514358,905.807421875,1063.9306640625,8.679148070855804,172.85446837203017,10,1
1112,2009-08-20 00:00:00,Sikkim,27.1761,88.5287,604.5536398887634,1470.5904126167295,8081.006348133087,20.789849853515648,0.4252986907958984,0.4322706758975982,884.4565625,332.864501953125,9.077404859231882,214.5632951813357,50,1
NEG_3881,2011-08-05 00:00:00,Arunachal Pradesh,26.90707073503416,93.9592434237166,201.72107219696045,720.594197511673,817.1983233187348,26.49752197265628,0.5013084411621094,0.4976914823055267,989.910703125,81.08828735351562,0.1013001530931514,246.30849360617023,40,0
NEG_692,2008-08-07 00:00:00,Nagaland,26.006338800895136,93.97446717173138,43.43708604574204,182.80158936977384,729.087270796299,26.096978759765648,0.4534740447998047,0.4639352262020111,947.392734375,326.261474609375,5.902364155177785,287.5063740919678,10,0
4892,2013-06-01 00:00:00,Arunachal Pradesh,27.8776,94.25,197.6781040430069,868.2567328214645,1630.5454894900322,21.820672607421898,0.4231815338134765,0.4246807098388672,920.772265625,1014.2068481445312,16.907746661576752,178.03776024650074,10,1
5430,2013-09-01 00:00:00,Manipur,24.9037,93.487,55.51023781299591,124.94473159313202,1168.9484044909475,24.5043884277344,0.4012921750545501,0.3996690213680267,941.201484375,1306.1046142578125,13.125685326680651,253.8286471239379,50,1
1770,2010-04-20 00:00:00,Assam,26.1965,91.763,553.8814663887024,1109.286189079285,1920.2378541231155,22.373803710937523,0.4737860262393951,0.4962978363037109,991.53375,78.13805389404297,2.2424489623539365,304.9651630303252,50,1
9010,2016-07-16 00:00:00,Arunachal Pradesh,27.3034,93.804,418.0818200111389,1122.2815215587616,1610.604241490364,22.761010742187523,0.4492753446102142,0.4660936892032623,909.5521875,666.6202392578125,17.429135695844764,147.96514379210402,10,1
7887,2015-08-16 00:00:00,Arunachal Pradesh,27.8835,96.9262,301.36725306510925,626.3820230960846,1083.9121863245964,17.024194335937523,0.4264488220214844,0.4258079528808594,790.52140625,769.7901611328125,6.687784520502398,186.42484990620545,10,1
6214,2014-10-05 17:45:00,Meghalaya,25.9702,91.8587,0.1897456968436017,36.094200928346254,141.73780581040774,25.237725830078148,0.4351278841495514,0.4457333981990814,965.863515625,343.8716125488281,3.5430934319129843,137.11105438447817,10,1
NEG_2568,2010-10-08 00:00:00,Assam,24.48698395507224,93.40683247881384,345.4133868217468,840.6837284564972,1142.8792178630829,20.717462158203148,0.4283587038516998,0.4282576143741607,944.894609375,322.0429992675781,11.034334920512698,261.1863817539715,10,0
NEG_2436,2010-09-16 03:00:00,Mizoram,24.12041762332888,93.2143369194561,112.08127439022064,490.9445941448212,1061.5876615047457,21.536737060546898,0.4214623868465423,0.4238046109676361,914.828984375,767.021484375,14.54513183912816,141.1486986950194,10,0
NEG_9604,2016-10-12 00:00:00,Sikkim,27.48231442910323,88.38295655986818,107.1327030658722,544.230580329895,1245.1014444231987,12.114892578125025,0.4220803678035736,0.4227123260498047,732.32921875,3368.573974609375,14.105692237662234,181.6468644727848,10,0
7264,2015-07-22 00:00:00,Manipur,25.4538,93.9827,312.35605478286743,1201.6023993492126,2410.9554290771484,18.3547302246094,0.439725250005722,0.4412600100040436,828.108046875,1707.815185546875,22.615815443886795,288.28161706397606,30,1
5275,2013-08-04 00:00:00,Nagaland,26.1498,94.6055,134.9819153547287,486.68836802244186,973.1276631355286,20.867120361328148,0.4969698488712311,0.4943714141845703,838.951953125,1665.1173095703125,19.86843901390913,147.48477902621926,10,1
4383,2012-06-03 00:00:00,Assam,25.3056,93.1265,2372.1847534179688,3442.202746868133,4351.266769692302,24.428735351562523,0.4742094576358795,0.4819857180118561,953.707265625,322.4370422363281,8.070359727665092,87.58743653135366,10,1
NEG_5343,2013-08-17 23:00:00,Assam,24.47986542497312,93.06695433276582,256.0783922672272,575.8169367909431,1233.6181178689003,25.0566345214844,0.425402969121933,0.4258467257022857,971.18625,114.93406677246094,4.3715114386143705,278.7290464407293,10,0
NEG_1770,2010-04-20 00:00:00,Assam,25.841023432277005,91.58384243861016,247.33075499534607,1505.214363336563,1997.0541149377823,20.657342529296898,0.4681243896484375,0.4906902313232422,923.90625,323.7972106933594,1.806831349604028,261.23884260260706,30,0
NEG_3663,2011-06-28 00:00:00,Nagaland,25.99026994529713,93.93200946961086,184.59543585777283,561.5022480487823,879.3792128562927,26.601251220703148,0.4643363952636719,0.4581813812255859,974.926484375,151.93455505371094,0.416952485386403,350.2523367541319,40,0
2422,2010-09-13 00:00:00,Mizoram,23.74182634,92.7141905,215.9719318151474,388.7166455388069,801.5995100140572,23.159234619140648,0.4212214052677154,0.4217770993709564,941.587734375,826.2678833007812,14.851121839020712,316.6881156159236,50,1
NEG_5584,2013-10-06 00:00:00,Assam,26.40813506872736,92.03010136565028,286.8504226207733,664.9484038352966,753.8178950489964,23.927270507812523,0.4960009157657623,0.497739166021347,1006.923359375,53.03799819946289,0.0638282234874829,133.44275505123807,40,0
NEG_1112,2009-08-20 00:00:00,Sikkim,27.15838506496816,88.9831077167713,677.9636144638062,1563.324213027954,6956.035017967224,15.952874755859398,0.4277636110782623,0.4279721677303314,782.0203125,2875.11669921875,14.902873299727316,253.3787599864524,10,0
126,2007-07-16 00:00:00,Sikkim,27.1499,88.38,110.06052792072296,350.1109704375267,2540.276609361172,21.981835937500023,0.4205036163330078,0.4161230623722076,882.796484375,1178.104248046875,18.460045659504644,338.49080778614706,10,1
NEG_7727,2015-08-20 18:00:00,Nagaland,25.95734787220472,93.96847196969244,536.419153213501,820.1640173792839,938.7318454682828,23.766015625000023,0.4830926358699798,0.4985822141170501,954.6625,190.99636840820312,3.076247325639161,250.82172811181545,10,0
NEG_5442,2013-09-02 00:00:00,Arunachal Pradesh,26.781362947688294,93.64246070269996,249.96255338191983,641.9195383787155,1175.9644001722336,26.6845642089844,0.487560898065567,0.4971936643123626,995.49125,76.70791625976562,0.3153341320299468,25.69350939680953,10,0
2182,2010-07-31 09:00:00,Manipur,24.9356,93.8443,98.992258310318,931.9100752472878,1321.2395906448364,20.8281188964844,0.4711271822452545,0.4759362637996673,883.697109375,859.7355346679688,3.4232864050470195,113.59743318473228,10,1
5270,2013-08-04 00:00:00,Nagaland,26.0481,94.4619,88.24130892753601,346.70449793338776,643.5313746333122,22.506036376953148,0.4861526489257812,0.4751459658145904,871.3403125,988.5084838867188,19.333181089154444,290.76900448453694,10,1
760,2008-08-29 00:00:00,Nagaland,25.67,94.1066,493.2119250297546,886.4931166172028,2526.2875705957413,20.839654541015648,0.4659105837345123,0.4929542541503906,865.757734375,1437.6785888671875,3.90062880412572,233.3668276450973,50,1
NEG_4408,2012-06-13 00:00:00,Meghalaya,25.868803926998137,92.0358003118302,91.78829938173294,235.3210411965847,625.9751729667187,24.536187744140648,0.4891764223575592,0.482086181640625,912.556328125,742.8826904296875,0.7404008364076188,26.68967850532499,10,0
NEG_2182,2010-07-31 09:00:00,Manipur,24.58744775951416,93.74751761517491,194.98734176158905,1348.389968276024,1943.2191252708435,21.409112548828148,0.4464435577392578,0.4634113311767578,897.512890625,799.5150146484375,1.4456668312108034,97.43425923628752,40,0
NEG_2437,2010-09-16 00:00:00,Mizoram,23.93078334140652,92.36276424290432,279.0057361125946,662.2716262936592,1155.2840620279312,24.760186767578148,0.4244982302188873,0.4256884157657623,972.505625,633.2197265625,18.92152259285438,266.20300076642,10,0
NEG_259,2007-09-11 00:00:00,Meghalaya,25.295883901142297,90.98907371630357,93.02127361297607,573.7680941820145,2904.369160532952,24.435174560546898,0.484405517578125,0.4892266690731048,960.07375,489.8878784179688,5.22601848371686,90.19610888253249,10,0
2296,2010-08-20 00:00:00,Sikkim,27.167,88.3652,1062.5221729278564,2475.0951528549194,5882.76481628418,21.126977539062523,0.4292488098144531,0.4289131164550781,876.310859375,1434.60986328125,11.769474237070067,150.69215203557656,50,1
9124,2016-07-19 00:00:00,Meghalaya,25.203,90.5573,249.69986081123352,1488.8931810855863,2848.898392170668,25.620477294921898,0.4656632840633392,0.4895833432674408,995.658125,106.51193237304688,3.480255632667862,132.93024909633505,10,1
NEG_5575,2013-10-05 23:00:00,Nagaland,26.11963891452308,93.90192437492064,344.7132110595703,441.4006248116493,464.6295156562701,23.9033142089844,0.4737389981746673,0.4918142855167389,986.780625,121.46125030517578,0.1627154104667288,332.7733818027747,40,0
9232,2016-07-28 23:00:00,Mizoram,23.5397,93.3783,48.01500588655472,409.7009673714638,741.9787403196096,21.416802978515648,0.410992294549942,0.4136695861816406,872.0621875,1531.4127197265625,11.950408274984987,146.4433217340685,30,1
6288,2014-09-22 00:00:00,Assam,26.1985,91.7998,574.0694403648376,1648.0973958969116,2100.006930530072,24.4362731933594,0.4781551361083984,0.4964491426944732,994.862578125,85.3450698852539,1.3789912984809214,274.2269234670863,50,1
251,2007-09-09 00:00:00,Sikkim,27.1667,88.35,731.5124273300171,2937.6699924468994,5667.840480804443,20.042413330078148,0.4240709841251373,0.4317677915096283,873.039609375,1056.92578125,24.816828260224955,309.410111185784,10,1
8224,2015-09-14 01:30:00,Mizoram,23.7313,92.7187,155.1053524017334,427.85608768463135,762.1859833598137,23.8674255371094,0.4231745302677154,0.4229049682617187,943.172578125,1056.29541015625,4.338164528566653,72.6215857743747,50,1
NEG_6969,2015-06-16 06:15:00,Meghalaya,25.924586213605743,90.17647338400876,314.93741273880005,748.5965192317963,5314.812570810318,26.346826171875023,0.4224586486816406,0.4269142150878906,991.79,46.44427490234375,0.1868512909246224,336.8525638152536,10,0
NEG_1084,2009-08-12 00:00:00,Arunachal Pradesh,27.90939094679253,92.6557474706865,706.990122795105,1611.7090284824371,2366.093337535858,7.026910400390648,0.4256884157657623,0.429333359003067,598.8131640625,5099.38720703125,22.79550422108701,130.81480022223764,70,0
7276,2015-07-25 09:00:00,Assam,26.1062,91.8717,38.41160610318184,1276.9908495247364,3442.622099071741,27.81392822265628,0.4773966372013092,0.4835077822208404,981.124609375,214.65968322753903,8.467378946715453,197.4920015917096,10,1
4408,2012-06-13 00:00:00,Meghalaya,25.5498,92.0757,128.77130508422852,414.7731363773346,1085.054233670235,21.80172119140628,0.4872373044490814,0.4642785489559173,870.210546875,1229.9385986328125,3.666134470122556,59.41298618573347,10,1
NEG_9232,2016-07-28 23:00:00,Mizoram,23.659818454990187,93.70220519526582,197.19646871089927,725.3235131502151,1238.6143133044245,21.352899169921898,0.4201742708683014,0.4221401214599609,866.7559375,667.4839477539062,7.289046708885715,282.4616376281978,10,0
NEG_3794,2011-07-17 00:00:00,Sikkim,26.842496751191096,88.7202721478311,254.83673810958865,1435.555636882782,2455.7471573352814,26.416558837890648,0.3520374298095703,0.3538786470890045,977.981015625,126.2954330444336,0.2131977073144469,168.0501099254407,60,0
NEG_8930,2016-07-11 23:00:00,Nagaland,26.360459305106843,94.14078600120745,141.22074842453003,727.2893637418747,1333.199977874756,27.771173095703148,0.4416637420654297,0.4695676267147064,972.683515625,111.24417114257812,0.2538218612236037,286.43727774903783,40,0
NEG_4384,2012-06-03 00:00:00,Assam,25.34466073173583,92.60150021243888,1941.96093082428,3703.411102294922,4271.591275930405,22.409692382812523,0.4817377626895904,0.486981064081192,894.535234375,1024.149658203125,10.585826095437165,55.49078368123361,30,0
6287,2014-09-22 00:00:00,Assam,26.1295,91.7056,534.6599817276001,1593.7570929527285,1964.279230684042,24.027642822265648,0.4754022061824798,0.491229385137558,981.0796875,142.085693359375,3.028031397886876,206.62385286320367,10,1
NEG_5582,2013-10-06 12:45:00,Assam,25.745650105434787,91.97979379715738,680.4466247558594,2592.9538011550903,2961.9073271751404,19.542596435546898,0.4790636599063873,0.4925403594970703,906.79625,1161.2720947265625,1.395785786782875,41.810388902669615,40,0
NEG_5476,2013-09-07 15:00:00,Sikkim,26.974889698830125,88.78310698348378,31.660355627536774,192.44813919067383,1566.1877393722534,22.0319763183594,0.3465404510498047,0.3539225161075592,910.5134375,488.7483215332031,4.575409218490231,156.1452161598717,10,0
4905,2013-06-07 00:00:00,Nagaland,26.0977,94.7031,198.32581281661987,561.6632103919983,869.7045557200909,19.144952392578148,0.4713706970214844,0.4813543856143951,824.371640625,1710.3524169921875,21.020312755639026,354.49277428874007,10,1
NEG_3633,2011-06-20 00:00:00,Nagaland,26.521553803827963,94.6949165090338,143.31567287445068,619.2158758640289,2005.7434141635893,25.544702148437523,0.4728590548038482,0.4910259246826172,927.651796875,528.7354736328125,11.581790895396097,282.6255645924637,10,0
NEG_4424,2012-06-20 00:00:00,Assam,25.719204895219136,91.67178040797076,138.0419135093689,679.6706318855286,2051.821291446686,23.219598388671898,0.4894453585147857,0.4804064333438873,888.518203125,777.0853881835938,1.7956837781761918,64.16245086576845,10,0
1929,2010-05-31 23:00:00,Sikkim,27.3543,88.6428,120.186448097229,291.2397161126137,829.2987495660782,17.972711181640648,0.404630035161972,0.4001197814941406,800.490078125,2061.16845703125,22.22717768346288,102.60050030511354,10,1
NEG_3560,2011-05-31 14:30:00,Manipur,24.55361564878503,93.34587560663132,308.17902088165283,1063.6715292930603,1829.3939009308813,23.217431640625023,0.4263973236083984,0.4276021420955658,954.923125,559.0982666015625,6.334002132307599,338.69256723594333,10,0
NEG_5441,2013-09-02 00:00:00,Arunachal Pradesh,28.68986807295099,94.52656543477327,1132.6026916503906,2149.14333820343,3561.2863153219223,13.098046875000025,0.4291095733642578,0.4290402829647064,721.480078125,3432.783203125,43.92071612197667,191.35440758679,30,0
6293,2014-10-20 00:00:00,Meghalaya,25.5006,90.0896,8.760960772633553,28.810661751776934,185.4796739644371,24.512719726562523,0.432666152715683,0.4428259432315826,1002.504296875,46.47753143310547,1.7182990619373226,216.50496073710377,40,1
285,2007-09-29 00:00:00,Mizoram,24.1293,92.6921,167.26520657539368,358.1980094313621,511.1427288502455,24.193383789062523,0.4217700958251953,0.4204006195068359,968.806015625,769.6942138671875,2.63315212487179,43.93546991991616,10,1
7956,2015-09-05 00:00:00,Meghalaya,26.048,91.8695,90.3562158346176,944.9666440486908,5588.133692741394,25.3852478027344,0.4798139035701751,0.486255019903183,961.591484375,78.28446960449219,2.709272674332869,109.1475497924356,50,1
NEG_2566,2010-10-08 00:00:00,Nagaland,25.45186019985133,93.66270516850727,312.75150179862976,771.8575596809387,1060.7366673648355,19.744073486328148,0.469296783208847,0.4937648773193359,903.639140625,1039.6004638671875,13.541453291767606,157.34621950368626,10,0
4382,2012-06-03 00:00:00,Assam,25.1175,92.8573,2727.407932281494,4349.215626716614,5116.73441156745,23.681665039062523,0.460705429315567,0.4625148773193359,931.838515625,169.94003295898438,5.287925185900964,154.92157843644782,10,1
7387,2015-08-01 00:00:00,Manipur,24.954,94.2156,129.09141182899475,1429.5381605625153,2271.5227231383324,20.289422607421898,0.4694207608699798,0.4680277407169342,880.630234375,1040.440673828125,12.28646153740797,309.7713032074417,50,1
4990,2013-06-27 23:00:00,Sikkim,27.3765,88.7628,477.18101739883423,1652.5574922561646,3160.079598426819,9.249688720703148,0.4258041381835937,0.4265804290771484,635.929375,3757.88720703125,8.163739033151451,195.52331757178783,30,1
NEG_870,2008-10-29 00:00:00,Arunachal Pradesh,27.216711155884383,92.55686195256696,6.3567981123924255,1569.7832331061363,1757.7780629508195,15.665795898437525,0.4727617800235748,0.4835707247257232,872.164609375,1321.6456298828125,12.181148949885644,202.3907663802162,10,0
NEG_1996,2010-06-17 19:30:00,Nagaland,26.73553759058049,95.24621253380504,328.0109763145447,628.4164488315582,1841.331921517849,23.453973388671898,0.4250869750976562,0.4260355532169342,895.53875,1239.3646240234375,12.736821853909593,252.70531865115504,10,0
NEG_3860,2011-07-29 00:00:00,Nagaland,25.38017175884184,93.62083551896656,170.3692376613617,304.3021019548178,1380.9589315205812,22.736840820312523,0.4703401029109955,0.484964370727539,895.822265625,1117.745361328125,3.000126269636898,200.4251357673528,30,0
9219,2016-07-26 23:00:00,Nagaland,26.0101,94.5282,55.27476593852043,1159.539382904768,1627.491645514965,21.225457763671898,0.4795093536376953,0.4879042208194732,876.547734375,1694.95361328125,16.293275519889896,111.2625200968082,10,1
7836,2015-08-27 00:00:00,Mizoram,24.042,92.6724,90.3852880001068,388.5985910892487,816.3030929863453,25.526544189453148,0.4155623018741607,0.4182218015193939,962.380234375,753.0997924804688,9.222033371283777,98.1986960366367,50,1
NEG_9336,2016-05-18 08:00:00,Assam,24.85514802179717,92.67981352220043,783.6567759513855,1601.7657294869423,2599.466689862311,25.128778076171898,0.4783439636230469,0.4711144864559173,1007.358515625,18.0997371673584,0.1600215063407732,186.5910778543825,10,0
3637,2011-06-21 00:00:00,Nagaland,25.51614662,94.2341227,284.93571281433105,845.106303691864,1846.799224615097,20.092401123046898,0.4613513946533203,0.4787979125976562,826.046015625,1676.479736328125,18.916462034180764,258.20750837007483,30,1
NEG_9169,2016-06-12 00:00:00,Nagaland,26.093247923122043,93.92385976287798,94.10934895277023,459.7357138991356,811.7615766823292,26.567254638671898,0.4968032836914062,0.4891325533390045,980.61,124.03358459472656,0.0839681087149012,0.4745323689845691,30,0
2415,2010-09-12 00:00:00,Nagaland,25.63961883,94.11112157,261.3414525985718,734.478086233139,1492.8491711616516,19.045800781250023,0.4753017425537109,0.4790376126766205,828.176875,1582.8553466796875,19.263838734435744,97.63878694970902,50,1
NEG_319,2007-10-19 00:00:00,Nagaland,25.34251384984224,93.80287981452166,104.78159040212633,317.2811567783356,1104.451209306717,18.372338867187523,0.4145272672176361,0.4156049191951751,877.438359375,1328.843505859375,16.439721412462777,240.50089694770543,30,0
2263,2010-08-17 00:00:00,Nagaland,26.2753,94.6654,107.16242343187332,951.0718360543252,1499.6920377016068,21.750024414062523,0.4853102266788482,0.4749597012996673,870.55390625,1204.891357421875,13.979159301466195,267.5318360794814,10,1
NEG_2570,2010-10-08 00:00:00,Manipur,24.54921847836897,93.77108819747056,347.26303815841675,922.4602282047272,1107.3155049234629,19.013787841796898,0.4265346527099609,0.430908203125,918.95125,767.1522216796875,0.1454084475869322,95.22983729460287,40,0
8237,2016-07-01 00:00:00,Arunachal Pradesh,27.0136,92.6351,370.81265449523926,887.0544135570526,1577.6949971914291,24.487664794921898,0.4530175626277923,0.4614079892635345,962.557734375,219.07028198242188,2.694052065216109,76.63698707990892,50,1
5343,2013-08-17 23:00:00,Assam,24.7625,93.4341,161.73920035362244,434.8837360739708,953.4618705511092,23.257897949218773,0.4229017794132232,0.4218177795410156,932.318359375,530.8098754882812,13.157546274382067,132.86828488883577,10,1
NEG_2575,2010-10-09 00:00:00,Assam,25.719440449641247,92.98649449126236,145.51472663879397,1346.1226224899292,1523.4721093438566,24.001092529296898,0.4576619565486908,0.4655539095401764,983.841640625,107.22972106933594,3.017846104188852,170.30133032601236,10,0
2579,2010-10-09 00:00:00,Nagaland,25.682,94.1076,292.5436496734619,940.7232403755188,1442.4881748855114,18.23189697265628,0.4713649749755859,0.4635645449161529,864.002109375,1445.212158203125,5.11525036011378,265.7193285919662,50,1
NEG_7372,2015-07-31 23:00:00,Manipur,25.24403619528074,94.69760880431734,1270.887851715088,2876.106023788452,3884.290114045143,17.033410644531273,0.4505653381347656,0.4563503265380859,827.370546875,1921.4892578125,20.30218838703552,262.73604060600314,10,0
269,2007-09-18 00:00:00,Sikkim,27.2872,88.2816,77.49350368976593,503.2969117164612,1534.789189696312,18.880883789062523,0.4092095792293548,0.4158363342285156,826.1909375,753.7874755859375,21.113069666591883,288.1881731233456,10,1
2042,2010-07-06 00:00:00,Nagaland,26.0093,94.5238,50.62918365001679,233.46418142318728,1127.7505159378052,22.127832031250023,0.4935550689697265,0.4850489199161529,874.7565625,1794.303955078125,3.178720065314649,251.7233410011473,50,1
2421,2010-09-13 09:00:00,Mizoram,23.75406693,92.74128531,199.8007446527481,359.8055690526962,811.8980154395103,23.4516540527344,0.4204947054386139,0.4206307828426361,944.868125,1107.014892578125,10.579986530269029,115.67980989815692,50,1
7263,2015-07-22 00:00:00,Manipur,25.4477,94.0489,291.67962074279785,995.9665536880492,2249.940678477288,19.4465270996094,0.4291712343692779,0.4292850494384765,854.713046875,1457.503662109375,23.240366774817613,307.2555800428323,10,1
NEG_2283,2010-08-19 00:00:00,Manipur,25.28945889369662,93.40307205230955,91.1947786808014,180.20647764205933,796.7863529920578,21.704888916015648,0.4980722963809967,0.4892139434814453,891.874140625,1343.6787109375,15.850556544884771,73.21232850395529,10,0
2423,2010-09-13 00:00:00,Mizoram,23.73504471,92.71060943,215.9719318151474,388.7166455388069,801.5995100140572,23.159234619140648,0.4212214052677154,0.4217770993709564,941.587734375,937.8997192382812,5.579914920776682,339.16788080646165,50,1
CTRL_DRY_1,2021-02-15,Arunachal Pradesh,24.930643573562957,92.40807491619992,5.33,15.48,46.71,15.2,0.134,0.208,969.29,372.5,14.08,80.4,30,0
CTRL_DRY_2,2021-02-15,Meghalaya,24.621917999247128,93.82885228882712,2.39,6.56,36.99,19.4,0.241,0.166,861.7,1345.6,20.53,151.0,40,0
CTRL_DRY_3,2021-02-15,Nagaland,26.20816252509291,93.31761865701198,1.69,5.66,7.18,23.4,0.194,0.16,945.03,584.0,14.5,129.2,10,0
CTRL_DRY_4,2021-02-15,Nagaland,24.65061638862434,91.42108280091009,1.03,5.37,8.16,18.2,0.157,0.156,851.89,1439.2,22.61,16.5,50,0
CTRL_DRY_5,2021-02-15,Mizoram,26.7384570039595,93.37140768075923,4.03,12.04,20.61,25.4,0.194,0.183,875.83,1212.4,20.41,25.7,30,0
CTRL_DRY_6,2021-02-15,Assam,27.53873261554681,92.5714074808017,1.25,4.41,37.41,29.2,0.26,0.19,991.4,183.5,0.77,113.6,50,0
CTRL_DRY_7,2021-02-15,Manipur,24.363637648695175,90.18846550169894,1.22,9.99,41.41,26.0,0.184,0.175,907.73,917.9,7.43,202.1,60,0
CTRL_DRY_8,2021-02-15,Arunachal Pradesh,26.721133641026075,90.45820697193474,3.63,9.4,30.26,19.4,0.195,0.18,927.1,743.2,10.28,245.0,10,0
CTRL_DRY_9,2021-02-15,Mizoram,27.482074279347067,91.19377916579454,0.69,0.74,26.01,24.1,0.235,0.296,866.6,1299.2,12.16,105.7,10,0
CTRL_DRY_10,2021-02-15,Meghalaya,24.957809241352237,90.96348636978894,6.03,13.99,14.01,23.4,0.172,0.143,960.98,444.5,22.06,194.2,40,0
CTRL_DRY_11,2021-02-15,Arunachal Pradesh,27.85745162402982,93.71565397200871,5.72,17.21,21.7,17.1,0.196,0.228,949.08,548.4,21.04,24.9,50,0
CTRL_DRY_12,2021-02-15,Meghalaya,26.353760457641403,90.02876335594037,1.87,15.36,31.16,16.2,0.16,0.15,862.22,1340.7,12.97,241.8,30,0
CTRL_DRY_13,2021-02-15,Assam,24.9719889695829,91.89189177177838,0.29,3.86,27.27,31.5,0.154,0.161,991.41,183.4,16.32,309.5,60,0
CTRL_DRY_14,2021-02-15,Sikkim,26.91285435376473,93.20237004344679,2.2,9.21,34.73,12.8,0.228,0.297,882.28,1152.2,11.3,155.2,50,0
CTRL_DRY_15,2021-02-15,Arunachal Pradesh,24.202353318099526,93.9971298736509,2.19,6.37,15.11,21.9,0.268,0.211,896.45,1021.1,11.28,161.5,10,0
CTRL_DRY_16,2021-02-15,Assam,25.06081223268861,93.13628240779428,0.73,8.01,15.49,27.0,0.184,0.149,934.27,679.2,16.69,305.5,50,0
CTRL_DRY_17,2021-02-15,Tripura,26.991902241516257,90.22866109162993,6.12,16.05,33.08,23.5,0.15,0.175,1000.03,110.6,8.51,263.0,10,0
CTRL_DRY_18,2021-02-15,Tripura,27.766384508916357,92.27870164055274,12.95,14.15,20.65,24.9,0.215,0.248,991.4,183.5,10.31,56.7,10,0
CTRL_DRY_19,2021-02-15,Assam,25.828898290281806,93.71607332682206,2.96,16.98,24.13,27.2,0.235,0.178,960.92,445.0,7.66,210.1,40,0
CTRL_DRY_20,2021-02-15,Arunachal Pradesh,25.478108354955538,90.63098732942893,0.42,8.48,26.19,15.6,0.141,0.196,974.58,327.0,25.5,202.7,30,0
CTRL_DRY_21,2021-02-15,Mizoram,27.558850828022837,92.969666735924,0.03,12.29,22.77,19.1,0.226,0.29,888.42,1095.2,27.69,235.4,10,0
CTRL_DRY_22,2021-02-15,Manipur,26.537137789236777,93.31739235748887,0.91,10.42,19.66,24.8,0.198,0.285,906.75,926.8,15.31,258.3,10,0
CTRL_DRY_23,2021-02-15,Assam,26.18236115682209,93.33838007954407,1.22,12.34,31.65,24.6,0.188,0.142,1009.36,32.4,13.93,229.4,20,0
CTRL_DRY_24,2021-02-15,Manipur,27.12046496748577,93.53653880580404,10.82,25.4,26.8,23.3,0.177,0.249,886.2,1115.7,2.92,131.3,50,0
CTRL_DRY_25,2021-02-15,Sikkim,27.12954598459053,91.64685266620621,1.08,3.52,31.52,13.4,0.148,0.206,664.09,3424.1,33.48,333.3,50,0
CTRL_DRY_26,2021-02-15,Meghalaya,24.891694188823237,92.64013273099451,8.23,21.11,28.9,18.4,0.251,0.214,940.17,626.9,22.68,38.9,30,0
CTRL_DRY_27,2021-02-15,Sikkim,27.50815364630224,91.04486078556084,1.31,10.93,24.92,19.5,0.277,0.226,840.18,1552.0,37.39,348.1,10,0
CTRL_DRY_28,2021-02-15,Mizoram,26.835141135336684,90.00676511287452,6.18,12.73,47.18,19.5,0.139,0.284,971.94,349.7,18.32,124.4,10,0
CTRL_DRY_29,2021-02-15,Meghalaya,25.3047316194296,92.7888336567776,1.6,6.31,35.99,18.5,0.235,0.188,922.68,782.8,4.75,239.1,50,0
CTRL_DRY_30,2021-02-15,Manipur,25.71955259995934,92.31993912478274,5.52,8.13,28.05,20.4,0.185,0.273,917.41,830.2,16.63,136.5,30,0
CTRL_DRY_31,2021-02-15,Nagaland,24.373548800302252,93.8079986498099,2.56,16.08,43.94,20.1,0.147,0.154,873.21,1237.0,16.05,76.9,50,0
CTRL_DRY_32,2021-02-15,Meghalaya,26.873383661995955,91.535913869571,0.1,3.77,20.4,19.3,0.256,0.152,869.01,1276.5,8.62,71.7,30,0
CTRL_DRY_33,2021-02-15,Sikkim,24.200873540562565,90.99679311863989,5.56,17.11,20.84,19.7,0.188,0.168,865.72,1307.6,30.31,2.0,60,0
CTRL_DRY_34,2021-02-15,Arunachal Pradesh,27.32227667888566,92.19148780244332,17.66,26.59,59.84,20.8,0.263,0.238,832.8,1623.7,31.45,240.3,50,0
CTRL_DRY_35,2021-02-15,Manipur,26.854179450444224,90.93797431205854,1.14,10.7,37.5,20.2,0.203,0.24,846.35,1492.4,12.44,93.3,10,0
CTRL_DRY_36,2021-02-15,Nagaland,24.24906284233434,93.33156467736195,1.05,11.46,36.18,20.3,0.13,0.205,901.42,975.5,18.5,49.8,50,0
CTRL_DRY_37,2021-02-15,Sikkim,26.152882270440927,92.93853624302542,7.77,19.25,32.56,18.0,0.121,0.196,681.34,3224.0,27.86,250.4,50,0
CTRL_DRY_38,2021-02-15,Meghalaya,27.627715450347072,92.36757110251165,1.97,12.0,39.93,23.4,0.236,0.274,900.8,981.2,9.82,174.8,10,0
CTRL_DRY_39,2021-02-15,Assam,27.008039294219138,93.3276971406211,0.8,4.7,16.16,31.0,0.193,0.194,1002.94,86.2,7.83,312.1,40,0
CTRL_DRY_40,2021-02-15,Mizoram,27.798446930863957,90.79744272945013,0.21,14.49,22.34,18.3,0.131,0.293,857.52,1385.4,15.29,269.6,10,0
CTRL_DRY_41,2021-02-15,Assam,27.11116754470173,90.6550632406688,0.49,14.71,30.99,28.8,0.161,0.199,960.77,446.3,4.45,170.5,10,0
CTRL_DRY_42,2021-02-15,Mizoram,24.407605221783907,93.0899235398049,4.52,18.89,32.77,23.5,0.234,0.152,961.44,440.5,4.62,112.3,30,0
CTRL_DRY_43,2021-02-15,Arunachal Pradesh,24.422155482575995,93.84315026885831,3.04,12.96,15.37,18.4,0.224,0.142,736.64,2609.1,23.68,14.8,60,0
CTRL_DRY_44,2021-02-15,Tripura,25.289218331924474,90.98198067637476,13.46,17.51,45.8,26.5,0.206,0.217,983.35,251.9,5.51,264.2,40,0
CTRL_DRY_45,2021-02-15,Arunachal Pradesh,27.191329427312386,91.36135537265713,3.37,13.39,25.16,18.9,0.199,0.192,886.94,1108.9,19.88,270.2,50,0
CTRL_DRY_46,2021-02-15,Mizoram,27.17173147252927,90.37221340221869,1.1,7.2,26.63,23.7,0.158,0.216,896.3,1022.5,16.4,68.8,60,0
CTRL_DRY_47,2021-02-15,Meghalaya,25.083665707904785,91.00561470480376,1.84,10.14,22.17,18.8,0.279,0.228,915.55,847.0,9.08,239.0,60,0
CTRL_DRY_48,2021-02-15,Arunachal Pradesh,27.922042521850052,93.33051345330827,12.05,22.4,29.1,19.7,0.238,0.184,757.04,2391.7,15.41,267.4,40,0
CTRL_DRY_49,2021-02-15,Mizoram,24.410350587151044,90.04906161350203,3.06,7.17,41.27,19.0,0.209,0.252,943.7,595.7,8.31,5.1,60,0
CTRL_DRY_50,2021-02-15,Mizoram,24.606908027803826,93.24456830510019,0.21,14.33,31.05,18.6,0.252,0.204,908.58,910.2,14.57,66.4,10,0
CTRL_DRY_51,2021-02-15,Mizoram,27.44066666330472,93.96012504186719,2.15,11.09,32.73,25.3,0.244,0.201,964.87,410.7,9.96,200.9,40,0
CTRL_DRY_52,2021-02-15,Mizoram,24.626130461772554,91.63407029064011,0.42,11.86,33.75,19.9,0.162,0.153,894.48,1039.2,5.45,345.6,10,0
CTRL_DRY_53,2021-02-15,Tripura,25.700555864416845,92.17824951484232,4.86,11.67,35.73,28.0,0.268,0.266,999.8,112.6,3.16,254.5,30,0
CTRL_DRY_54,2021-02-15,Manipur,26.79893473990287,93.77070496297617,0.73,5.34,31.55,19.0,0.211,0.186,826.02,1690.1,20.19,25.7,40,0
CTRL_DRY_55,2021-02-15,Tripura,27.998289667509805,92.68912633721295,5.31,14.37,15.28,29.9,0.157,0.248,993.99,161.6,7.38,320.2,10,0
CTRL_DRY_56,2021-02-15,Mizoram,25.880041579841407,91.63339237372006,2.93,9.56,19.3,24.5,0.28,0.21,893.41,1049.1,22.31,63.1,10,0
CTRL_DRY_57,2021-02-15,Nagaland,25.00959540376883,90.46368640572383,4.73,9.05,42.13,19.6,0.25,0.228,834.6,1606.2,26.44,118.7,50,0
CTRL_DRY_58,2021-02-15,Sikkim,27.03996214424407,90.8142329534011,8.14,15.07,16.97,16.0,0.203,0.24,691.49,3108.2,36.05,0.4,60,0
CTRL_DRY_59,2021-02-15,Manipur,24.37283680512609,93.96902855758088,0.52,15.12,36.43,22.4,0.158,0.165,823.67,1713.2,11.64,251.4,50,0
CTRL_DRY_60,2021-02-15,Arunachal Pradesh,25.827145890929256,90.57856787394243,2.76,13.51,31.32,22.8,0.164,0.274,831.32,1638.2,8.88,299.6,30,0
CTRL_DRY_61,2021-02-15,Meghalaya,25.131355933131307,91.19422339908706,7.98,12.12,39.77,20.1,0.186,0.289,827.56,1675.0,15.71,316.6,10,0
CTRL_DRY_62,2021-02-15,Tripura,26.287190567939604,90.93424978423157,1.62,13.06,26.26,30.8,0.269,0.279,977.15,304.9,5.64,174.4,30,0
CTRL_DRY_63,2021-02-15,Sikkim,24.504985079237557,93.86141436070741,6.67,12.46,35.69,16.0,0.251,0.297,928.95,726.6,33.32,253.9,10,0
CTRL_DRY_64,2021-02-15,Nagaland,27.1261011650921,91.06009111817363,2.99,9.84,35.13,17.2,0.186,0.245,798.36,1965.5,26.85,158.5,60,0
CTRL_DRY_65,2021-02-15,Sikkim,26.469837846410893,90.93908097240809,7.85,13.55,24.63,19.0,0.235,0.262,748.28,2484.5,36.96,306.8,10,0
CTRL_DRY_66,2021-02-15,Mizoram,25.297498667125208,90.22447691242003,0.41,9.92,40.46,25.2,0.191,0.251,835.57,1596.7,21.92,156.2,10,0
CTRL_DRY_67,2021-02-15,Nagaland,25.990669009471805,92.33262852260822,3.34,15.23,21.18,21.0,0.133,0.279,890.63,1074.7,8.64,191.2,30,0
CTRL_DRY_68,2021-02-15,Meghalaya,27.950606780873887,91.1966169964951,0.04,12.11,43.65,19.5,0.228,0.165,905.55,937.8,9.35,91.9,50,0
CTRL_DRY_69,2021-02-15,Sikkim,24.08775839143826,93.32015024597138,25.0,37.8,41.53,14.4,0.181,0.197,737.31,2601.9,23.53,108.8,40,0
CTRL_DRY_70,2021-02-15,Sikkim,26.428259992657065,91.40928382334127,5.46,6.2,27.42,14.3,0.199,0.285,856.41,1396.0,27.24,246.9,30,0
CTRL_DRY_71,2021-02-15,Meghalaya,24.13345812498253,91.45944493211388,4.31,16.89,38.88,18.5,0.265,0.243,877.86,1193.4,19.94,259.5,60,0
CTRL_DRY_72,2021-02-15,Manipur,25.02788033825305,93.29875925016962,0.77,2.75,21.63,25.3,0.275,0.225,931.02,708.2,8.49,269.1,20,0
CTRL_DRY_73,2021-02-15,Tripura,27.86907898920013,93.21835057608224,6.52,13.54,16.18,28.4,0.241,0.176,973.17,339.1,3.89,313.3,50,0
CTRL_DRY_74,2021-02-15,Nagaland,24.433384408796922,90.93528760884634,0.53,6.06,32.28,21.1,0.162,0.201,947.48,562.5,14.86,95.2,50,0
CTRL_DRY_75,2021-02-15,Assam,24.559108050028883,93.78504613152778,3.77,13.48,35.72,29.2,0.194,0.252,960.91,445.1,16.99,118.1,10,0
CTRL_DRY_76,2021-02-15,Mizoram,27.54165513559832,92.61968758997385,3.08,8.91,21.9,22.3,0.272,0.251,835.78,1594.7,6.79,84.5,20,0
CTRL_DRY_77,2021-02-15,Tripura,26.17786344592858,93.91137011780819,4.69,7.95,23.51,30.8,0.158,0.198,986.96,221.2,11.3,100.7,50,0
CTRL_DRY_78,2021-02-15,Nagaland,27.14717836181847,90.9742755886561,11.9,24.26,27.47,23.8,0.154,0.242,953.58,509.0,11.9,348.6,10,0
CTRL_DRY_79,2021-02-15,Manipur,25.10909938390273,93.93611252739096,3.23,12.03,40.49,24.3,0.157,0.264,840.96,1544.4,6.51,298.7,10,0
CTRL_DRY_80,2021-02-15,Manipur,24.209596071444707,92.9668722278166,8.05,10.03,22.57,18.1,0.246,0.234,872.01,1248.3,19.57,39.6,40,0
CTRL_DRY_81,2021-02-15,Arunachal Pradesh,25.83217008839073,93.85610473248812,2.88,4.52,22.15,21.3,0.271,0.147,750.36,2462.4,20.72,280.1,40,0
CTRL_DRY_82,2021-02-15,Assam,25.100063998231814,92.53230689720407,0.46,11.15,26.67,25.2,0.264,0.192,932.04,699.1,15.28,153.5,20,0
CTRL_DRY_83,2021-02-15,Nagaland,25.720279766665545,93.55236408795398,2.82,9.27,37.03,23.0,0.138,0.245,889.45,1085.6,19.93,106.2,30,0
CTRL_DRY_84,2021-02-15,Sikkim,24.364899153464194,90.34145742932648,0.4,6.8,30.08,19.4,0.18,0.164,836.99,1582.9,23.42,149.8,10,0
CTRL_DRY_85,2021-02-15,Sikkim,27.47236859547626,92.8842427149846,3.25,12.05,31.71,14.8,0.173,0.16,911.9,880.0,33.12,292.2,50,0
CTRL_DRY_86,2021-02-15,Mizoram,26.29640001732585,93.22888548460938,0.96,10.81,18.66,20.9,0.137,0.275,890.0,1080.5,12.44,208.1,40,0
CTRL_DRY_87,2021-02-15,Assam,26.265284379045504,91.60313737599806,0.12,4.22,30.9,25.5,0.267,0.196,961.73,438.0,11.91,249.6,20,0
CTRL_DRY_88,2021-02-15,Manipur,27.533368738073374,90.62231961361795,3.02,8.66,24.54,20.6,0.145,0.19,846.68,1489.2,23.38,33.0,10,0
CTRL_DRY_89,2021-02-15,Assam,26.712871571734137,92.37253700156906,2.66,9.29,18.85,27.4,0.241,0.158,956.72,481.6,5.04,238.3,40,0
CTRL_DRY_90,2021-02-15,Mizoram,25.98954131445331,91.72262004541442,0.03,4.55,11.94,20.6,0.142,0.181,970.86,359.0,13.49,215.8,10,0
CTRL_DRY_91,2021-02-15,Manipur,27.448440054448266,92.30303664294732,7.17,19.26,21.78,18.1,0.258,0.147,892.64,1056.2,17.48,180.1,10,0
CTRL_DRY_92,2021-02-15,Sikkim,25.74684711827291,90.42345253358235,0.08,4.95,33.0,19.4,0.219,0.273,732.16,2657.5,22.2,41.5,10,0
CTRL_DRY_93,2021-02-15,Sikkim,27.6236909263202,91.39750106188953,1.49,6.58,18.24,12.9,0.147,0.222,765.05,2307.7,25.81,142.5,30,0
CTRL_DRY_94,2021-02-15,Manipur,26.724533913259336,93.52819262637173,3.69,15.09,38.03,22.0,0.148,0.264,911.52,883.5,5.22,71.0,60,0
CTRL_DRY_95,2021-02-15,Nagaland,25.846969945785816,90.15042898228437,0.28,6.91,17.51,20.1,0.164,0.149,799.34,1955.6,20.68,54.3,40,0
CTRL_DRY_96,2021-02-15,Nagaland,25.798934814603626,93.23926367079189,7.73,16.96,34.71,22.3,0.194,0.229,805.16,1897.1,6.92,311.1,10,0
CTRL_DRY_97,2021-02-15,Meghalaya,24.156568504802696,92.83048681729312,0.26,1.81,33.28,20.0,0.175,0.254,930.32,714.4,14.89,54.3,20,0
CTRL_DRY_98,2021-02-15,Tripura,24.263647417118868,90.37802379006038,10.0,15.81,42.92,28.0,0.229,0.148,990.56,190.6,7.51,131.0,50,0
CTRL_DRY_99,2021-02-15,Sikkim,24.515806633086243,92.83533605748421,9.47,22.57,34.24,14.8,0.213,0.163,853.48,1424.0,32.61,236.4,50,0
CTRL_DRY_100,2021-02-15,Arunachal Pradesh,26.03395394569123,90.07292215116613,6.71,16.76,45.77,19.2,0.238,0.25,877.39,1197.8,17.43,285.0,50,0
CTRL_DRY_101,2021-02-15,Mizoram,26.64771694948567,93.50557109017097,2.66,6.06,10.87,18.8,0.132,0.275,950.69,534.3,9.14,341.2,10,0
CTRL_DRY_102,2021-02-15,Manipur,27.8783544136345,92.44238168850326,4.72,14.09,45.68,20.9,0.235,0.147,864.75,1316.7,5.39,65.1,30,0
CTRL_DRY_103,2021-02-15,Tripura,27.112496148999703,92.01162676595031,6.14,19.7,26.49,26.5,0.229,0.231,1002.08,93.4,3.25,347.6,40,0
CTRL_DRY_104,2021-02-15,Sikkim,25.140252056237316,93.05246732116676,0.6,4.35,26.79,12.8,0.26,0.229,665.96,3402.2,35.77,288.5,10,0
CTRL_DRY_105,2021-02-15,Mizoram,26.00802845877294,90.94311229545373,0.38,14.04,42.62,21.3,0.262,0.289,911.45,884.1,16.32,299.2,50,0
CTRL_DRY_106,2021-02-15,Arunachal Pradesh,27.035364619062427,91.87644050862197,7.31,17.06,44.76,21.6,0.142,0.186,857.33,1387.2,5.93,335.1,20,0
CTRL_DRY_107,2021-02-15,Assam,24.190997786475407,91.67930217501377,0.65,14.75,36.06,25.9,0.188,0.264,939.04,636.9,0.54,77.6,10,0
CTRL_DRY_108,2021-02-15,Tripura,24.962256955226174,91.66627038083416,3.07,12.55,32.68,23.0,0.235,0.187,1008.93,36.0,10.12,179.9,50,0
CTRL_DRY_109,2021-02-15,Arunachal Pradesh,27.92415769020624,91.01460104427684,3.14,14.94,32.71,15.3,0.123,0.28,813.07,1818.1,16.9,343.2,50,0
CTRL_DRY_110,2021-02-15,Assam,27.25403546222435,90.70035650820684,4.28,5.83,26.2,26.8,0.241,0.161,981.31,269.3,1.4,86.8,50,0
CTRL_DRY_111,2021-02-15,Tripura,25.2623832801989,91.24030353174757,0.58,11.32,44.35,29.3,0.126,0.172,972.65,343.6,6.0,65.6,10,0
CTRL_DRY_112,2021-02-15,Sikkim,27.197369646072957,91.74780553249974,5.6,8.47,20.96,14.7,0.245,0.279,660.31,3468.5,26.46,91.2,10,0
CTRL_DRY_113,2021-02-15,Sikkim,24.31570802422187,92.40981319532091,14.56,22.0,39.41,18.4,0.268,0.223,723.15,2755.6,38.42,139.2,50,0
CTRL_DRY_114,2021-02-15,Manipur,26.907257582844412,93.64642892338512,4.33,8.93,30.02,20.8,0.188,0.25,871.34,1254.6,9.07,28.8,10,0
CTRL_DRY_115,2021-02-15,Sikkim,27.39467723988214,92.7123554879818,0.31,9.87,22.59,19.6,0.248,0.249,856.39,1396.2,41.32,341.2,20,0
CTRL_DRY_116,2021-02-15,Tripura,25.77575715670241,90.30754171532159,1.82,7.56,27.41,30.6,0.217,0.249,1010.05,26.7,1.27,280.3,50,0
CTRL_DRY_117,2021-02-15,Manipur,27.099857934125954,92.81615124482731,1.15,2.85,28.6,22.5,0.2,0.202,873.38,1235.4,10.76,233.8,40,0
CTRL_DRY_118,2021-02-15,Meghalaya,27.242052873430527,93.87024494545224,2.7,4.54,34.39,19.6,0.192,0.284,815.48,1794.2,10.14,329.9,10,0
CTRL_DRY_119,2021-02-15,Nagaland,26.035022980697203,90.48544982031383,1.37,5.87,11.38,17.4,0.234,0.252,835.02,1602.1,22.74,198.0,50,0
CTRL_DRY_120,2021-02-15,Meghalaya,25.23716287011385,93.99838017573755,1.79,10.37,26.73,23.1,0.277,0.161,848.96,1467.3,8.92,177.8,10,0
CTRL_DRY_121,2021-02-15,Tripura,27.071126549430627,90.51613183118755,0.31,14.9,37.38,25.8,0.192,0.249,990.5,191.1,9.35,296.4,20,0
CTRL_DRY_122,2021-02-15,Assam,25.002421235927997,92.54022836555099,0.71,14.73,22.62,26.3,0.272,0.223,944.69,587.0,9.42,109.5,10,0
CTRL_DRY_123,2021-02-15,Mizoram,27.370120016453555,92.25447213772519,2.79,5.32,38.28,23.8,0.145,0.245,958.89,462.7,11.27,192.1,50,0
CTRL_DRY_124,2021-02-15,Assam,26.56762915720493,91.2083764518185,1.23,4.39,24.41,31.1,0.219,0.145,1003.15,84.4,17.08,277.6,40,0
CTRL_DRY_125,2021-02-15,Meghalaya,27.44594030732998,91.2772655705869,0.3,1.2,16.59,20.9,0.197,0.173,846.86,1487.5,20.12,107.1,50,0
CTRL_DRY_126,2021-02-15,Nagaland,27.781539570812875,93.45665540144972,3.3,8.09,24.42,16.8,0.163,0.18,779.7,2155.7,8.27,133.4,40,0
CTRL_DRY_127,2021-02-15,Sikkim,27.516302654401674,91.98948109219003,1.59,10.26,21.21,16.1,0.242,0.22,864.4,1320.0,37.42,57.5,60,0
CTRL_DRY_128,2021-02-15,Arunachal Pradesh,25.14299352576407,90.03270962378896,0.97,6.26,8.03,20.2,0.199,0.281,697.42,3041.2,21.68,348.0,60,0
CTRL_DRY_129,2021-02-15,Arunachal Pradesh,25.545395299919115,91.80141752256168,5.77,11.26,25.28,19.4,0.211,0.171,840.42,1549.7,34.12,261.9,10,0
CTRL_DRY_130,2021-02-15,Mizoram,24.7962315262098,92.03649006490073,0.55,2.0,15.06,20.9,0.278,0.229,858.83,1372.9,18.96,220.0,20,0
CTRL_DRY_131,2021-02-15,Assam,25.571818351465932,92.46600194988606,2.57,9.42,30.64,28.9,0.202,0.192,1006.02,60.4,2.64,119.9,20,0
CTRL_DRY_132,2021-02-15,Mizoram,26.334808567395147,93.18701925572059,2.69,11.13,27.75,18.9,0.123,0.193,890.95,1071.8,16.18,183.5,50,0
CTRL_DRY_133,2021-02-15,Assam,24.591102833201326,92.72290758020272,14.31,22.99,30.95,28.2,0.128,0.217,962.66,429.9,4.93,236.0,50,0
CTRL_DRY_134,2021-02-15,Assam,27.49127083564928,92.94334908507473,2.33,8.61,23.06,28.9,0.153,0.22,964.54,413.6,12.67,68.7,60,0
CTRL_DRY_135,2021-02-15,Assam,26.703474306225473,93.47061761381997,25.0,32.18,45.37,28.3,0.273,0.214,954.28,502.9,9.43,201.9,50,0
CTRL_DRY_136,2021-02-15,Mizoram,25.268162980073793,91.39521269680523,3.27,6.64,40.69,19.7,0.168,0.186,888.64,1093.1,8.61,88.7,60,0
CTRL_DRY_137,2021-02-15,Mizoram,25.385454056382464,91.76950444745934,9.04,14.96,27.04,18.3,0.244,0.163,934.85,674.1,17.76,195.5,10,0
CTRL_DRY_138,2021-02-15,Mizoram,26.679335859572415,92.1241659589312,1.27,9.7,19.21,19.9,0.137,0.259,869.54,1271.5,9.14,298.1,10,0
CTRL_DRY_139,2021-02-15,Meghalaya,25.909794081763586,90.7978238986704,0.42,11.98,12.16,19.3,0.208,0.289,979.59,284.0,13.33,258.2,60,0
CTRL_DRY_140,2021-02-15,Mizoram,25.67153992898002,93.35041955637303,0.37,8.98,27.71,25.3,0.236,0.29,929.97,717.5,19.5,326.9,20,0
CTRL_DRY_141,2021-02-15,Assam,27.713819384068067,91.34016845478301,11.03,25.46,57.87,28.5,0.26,0.141,932.15,698.1,7.27,178.3,10,0
CTRL_DRY_142,2021-02-15,Tripura,26.593141354836966,92.87439269382355,11.16,23.93,40.31,24.3,0.151,0.158,972.33,346.3,6.75,177.8,60,0
CTRL_DRY_143,2021-02-15,Assam,25.603332986511464,90.38154042317811,5.66,8.29,38.26,28.1,0.264,0.272,951.92,523.5,14.28,204.4,10,0
CTRL_DRY_144,2021-02-15,Manipur,26.614733468280797,92.77107436169095,1.94,8.64,17.98,22.6,0.173,0.233,880.06,1172.9,22.59,2.5,40,0
CTRL_DRY_145,2021-02-15,Assam,25.47017561240868,90.88339695987489,4.63,18.48,49.55,29.1,0.243,0.25,957.2,477.4,8.48,57.5,40,0
CTRL_DRY_146,2021-02-15,Manipur,26.72136767967759,92.38325786212489,1.87,12.4,44.35,24.6,0.241,0.268,879.96,1173.8,12.01,356.0,30,0
CTRL_DRY_147,2021-02-15,Arunachal Pradesh,25.312470550968825,92.08136616473915,9.97,11.65,40.66,19.3,0.264,0.172,812.48,1824.0,22.43,130.2,20,0
CTRL_DRY_148,2021-02-15,Arunachal Pradesh,26.691070848909476,91.2326782561326,9.17,15.85,17.8,19.5,0.141,0.206,768.38,2272.9,28.66,176.0,60,0
CTRL_DRY_149,2021-02-15,Assam,27.944548992329107,91.8882848033826,3.45,4.13,16.19,31.5,0.13,0.299,978.27,295.3,14.73,268.5,10,0
CTRL_DRY_150,2021-02-15,Mizoram,25.502582135207952,92.73092141640616,15.33,25.02,39.73,25.0,0.279,0.201,917.27,831.5,22.46,275.7,50,0
CTRL_DRY_151,2021-02-15,Manipur,25.85201560477912,92.87637590004341,3.08,11.01,36.49,18.2,0.156,0.141,857.64,1384.2,9.65,64.3,40,0
CTRL_DRY_152,2021-02-15,Sikkim,26.45969282883565,93.74495172154178,1.7,5.83,38.64,18.5,0.236,0.158,780.98,2142.6,35.99,89.1,50,0
CTRL_DRY_153,2021-02-15,Assam,27.017542834989136,93.1042544858588,2.37,12.45,42.98,27.5,0.159,0.147,990.49,191.2,1.4,213.8,30,0
CTRL_DRY_154,2021-02-15,Manipur,27.942782242900503,92.08500421705969,5.26,10.04,30.97,20.4,0.228,0.191,876.65,1204.7,8.36,293.7,20,0
CTRL_DRY_155,2021-02-15,Sikkim,27.143218383922072,91.27493782926526,8.47,22.14,44.05,19.8,0.188,0.219,848.52,1471.5,10.07,341.5,50,0
CTRL_DRY_156,2021-02-15,Sikkim,26.249543798347638,93.8711447541865,3.09,6.7,14.59,15.7,0.257,0.163,816.5,1784.0,18.2,66.2,10,0
CTRL_DRY_157,2021-02-15,Manipur,26.694687682538316,92.4116881799563,0.33,7.08,20.07,18.4,0.206,0.273,891.56,1066.1,7.61,118.9,50,0
CTRL_DRY_158,2021-02-15,Arunachal Pradesh,27.848310224457837,90.46926479777333,3.27,10.46,40.89,15.1,0.173,0.293,915.69,845.7,30.14,260.7,30,0
CTRL_DRY_159,2021-02-15,Tripura,25.04624650954141,92.0512661600951,2.02,5.61,16.87,28.2,0.165,0.215,975.24,321.3,8.5,253.4,40,0
CTRL_DRY_160,2021-02-15,Tripura,24.064879604005043,92.2132462541687,5.74,10.54,17.65,29.9,0.17,0.147,992.86,171.1,9.73,260.1,20,0
CTRL_DRY_161,2021-02-15,Sikkim,27.866033069001375,92.56677781759483,3.37,7.06,26.33,18.1,0.271,0.194,850.12,1456.1,14.67,82.8,60,0
CTRL_DRY_162,2021-02-15,Tripura,27.356273974379818,90.2973216457721,0.6,8.8,15.24,30.7,0.262,0.298,993.06,169.4,8.93,126.8,10,0
CTRL_DRY_163,2021-02-15,Assam,26.63713736795945,90.06292706747688,1.05,11.66,11.98,28.9,0.201,0.2,949.8,542.1,7.54,303.3,60,0
CTRL_DRY_164,2021-02-15,Sikkim,27.672195377836044,92.09754160490327,15.17,15.43,43.89,19.3,0.228,0.269,939.32,634.4,26.0,98.9,10,0
CTRL_DRY_165,2021-02-15,Meghalaya,25.199898561359692,93.31224831485352,1.24,7.19,20.25,23.9,0.185,0.23,953.8,507.1,16.16,293.5,30,0
CTRL_DRY_166,2021-02-15,Arunachal Pradesh,27.381319178161313,92.5796289677732,0.39,6.08,25.42,16.4,0.129,0.142,775.82,2195.8,33.32,273.5,60,0
CTRL_DRY_167,2021-02-15,Nagaland,27.696637066434267,92.73771497385457,3.0,3.64,11.04,19.8,0.259,0.282,854.05,1418.5,26.45,34.3,10,0
CTRL_DRY_168,2021-02-15,Mizoram,27.715499761013312,91.19710755832345,10.57,15.29,48.94,23.7,0.214,0.26,848.77,1469.1,17.52,11.8,50,0
CTRL_DRY_169,2021-02-15,Meghalaya,24.214785727789575,91.748353011374,3.11,8.87,34.76,16.6,0.246,0.25,887.17,1106.7,24.24,243.7,50,0
CTRL_DRY_170,2021-02-15,Arunachal Pradesh,26.212150899801934,91.50170798396611,2.02,13.62,14.66,18.9,0.164,0.299,867.82,1287.7,30.38,343.7,50,0
CTRL_DRY_171,2021-02-15,Manipur,26.95862115590638,91.26671291472614,3.86,15.83,40.79,23.7,0.133,0.165,854.35,1415.6,16.53,30.8,20,0
CTRL_DRY_172,2021-02-15,Arunachal Pradesh,24.105047616053188,91.41565714938103,5.73,7.26,10.32,19.1,0.189,0.229,947.15,565.4,36.12,160.1,10,0
CTRL_DRY_173,2021-02-15,Arunachal Pradesh,26.28784172299816,90.6783316935693,0.05,6.26,33.53,22.9,0.236,0.23,791.89,2031.1,30.89,310.9,30,0
CTRL_DRY_174,2021-02-15,Sikkim,26.88359780982237,91.98320974689145,0.63,3.14,12.8,14.9,0.168,0.265,888.8,1091.6,17.14,96.6,30,0
CTRL_DRY_175,2021-02-15,Meghalaya,25.201741138716493,92.41284507355925,2.01,14.63,27.93,19.4,0.258,0.21,906.12,932.6,6.39,2.4,20,0
CTRL_DRY_176,2021-02-15,Meghalaya,27.26597806173165,91.57174051895784,1.54,12.56,34.71,18.6,0.275,0.265,902.41,966.4,7.44,143.4,40,0
CTRL_DRY_177,2021-02-15,Arunachal Pradesh,27.325127234841446,90.2766346877505,0.79,12.3,13.24,16.7,0.236,0.291,700.82,3003.0,11.59,359.0,40,0
CTRL_DRY_178,2021-02-15,Sikkim,26.13746960480847,93.69398301602578,1.17,3.48,18.29,16.8,0.18,0.212,742.0,2551.6,12.73,109.0,50,0
CTRL_DRY_179,2021-02-15,Sikkim,24.665353973120446,92.45071160925319,9.03,17.08,39.42,17.3,0.134,0.263,777.68,2176.6,34.88,129.4,50,0
CTRL_DRY_180,2021-02-15,Sikkim,25.783114206019626,91.56453667471001,0.45,1.93,9.7,17.5,0.239,0.229,665.83,3403.8,19.27,286.6,30,0
CTRL_DRY_181,2021-02-15,Manipur,27.13707999011479,92.08445931920188,2.15,16.58,20.64,20.5,0.271,0.163,897.22,1014.0,2.54,37.6,60,0
CTRL_DRY_182,2021-02-15,Nagaland,27.71968978595437,92.96195793878772,1.54,6.04,34.4,21.2,0.138,0.276,871.07,1257.1,15.95,250.8,20,0
CTRL_DRY_183,2021-02-15,Manipur,25.79830004549632,91.71821136441338,2.48,14.45,36.49,21.2,0.15,0.245,870.52,1262.3,9.28,153.5,30,0
CTRL_DRY_184,2021-02-15,Assam,24.45581988282065,92.68280571289768,6.62,7.56,11.12,26.6,0.26,0.17,954.36,502.2,3.86,270.8,60,0
CTRL_DRY_185,2021-02-15,Tripura,27.674730319216387,92.36067345990992,3.78,12.59,24.77,29.5,0.255,0.239,990.42,191.8,7.85,214.9,40,0
CTRL_DRY_186,2021-02-15,Manipur,26.54200656823454,92.77373170611742,1.87,3.99,17.59,21.4,0.215,0.232,901.39,975.8,7.25,42.1,60,0
CTRL_DRY_187,2021-02-15,Manipur,27.85531635765976,92.02175207892269,1.51,8.28,10.16,19.1,0.177,0.142,870.13,1265.9,12.77,50.5,50,0
CTRL_DRY_188,2021-02-15,Tripura,26.150434472819278,90.6728359097463,2.35,4.86,24.65,23.3,0.247,0.175,995.11,152.1,6.15,255.7,30,0
CTRL_DRY_189,2021-02-15,Tripura,27.040016523569232,91.76546631891588,2.86,11.45,20.83,27.3,0.207,0.299,988.92,204.5,9.38,178.3,10,0
CTRL_DRY_190,2021-02-15,Meghalaya,27.46116188150518,90.46954410599564,5.57,10.04,45.02,22.5,0.192,0.196,816.54,1783.6,5.56,298.8,60,0
CTRL_DRY_191,2021-02-15,Meghalaya,26.280297379219995,92.12912318948165,7.89,17.04,32.03,22.5,0.219,0.266,950.52,535.8,21.44,248.1,10,0
CTRL_DRY_192,2021-02-15,Manipur,27.6750748473193,93.9699449025787,1.24,14.11,48.6,25.7,0.229,0.155,900.01,988.4,17.49,104.2,50,0
CTRL_DRY_193,2021-02-15,Manipur,25.500689311384907,90.3020650933274,1.56,5.27,34.79,23.1,0.183,0.163,851.63,1441.7,4.92,52.6,50,0
CTRL_DRY_194,2021-02-15,Arunachal Pradesh,26.923727749948213,91.83379702671887,8.39,15.21,32.29,21.8,0.213,0.279,848.85,1468.3,29.74,250.1,10,0
CTRL_DRY_195,2021-02-15,Nagaland,26.264568443668562,91.94135161603403,13.78,26.15,43.47,20.4,0.172,0.185,801.87,1930.2,24.89,143.2,20,0
CTRL_DRY_196,2021-02-15,Nagaland,24.8092728255896,92.75436752764604,3.94,16.49,17.06,19.7,0.269,0.165,794.01,2009.5,24.06,16.5,50,0
CTRL_DRY_197,2021-02-15,Manipur,25.585366267728933,91.22203697937692,8.37,9.77,22.39,23.2,0.133,0.246,829.23,1658.6,8.64,314.8,10,0
CTRL_DRY_198,2021-02-15,Meghalaya,27.268436107653194,93.95261963785708,0.96,2.13,22.91,16.1,0.203,0.211,911.15,886.8,5.28,34.3,50,0
CTRL_DRY_199,2021-02-15,Sikkim,26.566304594067937,92.70854831167618,0.37,12.46,16.07,15.1,0.179,0.188,736.31,2612.7,24.24,82.4,20,0
CTRL_DRY_200,2021-02-15,Arunachal Pradesh,24.346752133863955,90.40186044991056,2.32,13.16,35.14,20.5,0.144,0.206,811.02,1838.5,5.28,234.0,30,0
CTRL_DRY_201,2021-02-15,Arunachal Pradesh,27.115878610053038,92.76190430005862,1.51,3.61,13.3,19.8,0.133,0.229,793.99,2009.8,17.67,346.8,40,0
CTRL_DRY_202,2021-02-15,Mizoram,25.99833016509063,92.3757190725509,1.99,11.68,39.11,21.1,0.247,0.178,946.95,567.1,18.57,67.9,30,0
CTRL_DRY_203,2021-02-15,Assam,24.066757607083424,90.27013027709107,7.89,16.42,29.21,31.6,0.229,0.262,932.92,691.2,16.82,47.5,10,0
CTRL_DRY_204,2021-02-15,Mizoram,25.10987094293824,91.23962754246656,2.03,6.33,31.27,21.2,0.243,0.208,945.43,580.5,26.14,341.5,20,0
CTRL_DRY_205,2021-02-15,Meghalaya,24.231623776092523,90.34485119356596,3.53,14.98,37.72,19.5,0.223,0.19,819.04,1758.9,6.88,117.6,30,0
CTRL_DRY_206,2021-02-15,Sikkim,27.81206480701879,92.09202145091363,4.39,14.26,20.41,12.1,0.122,0.162,905.7,936.4,28.82,19.8,60,0
CTRL_DRY_207,2021-02-15,Mizoram,25.05179860330591,93.90020235111271,1.25,14.55,41.55,20.2,0.125,0.269,952.65,517.1,7.05,281.2,10,0
CTRL_DRY_208,2021-02-15,Arunachal Pradesh,24.913617692613006,92.0352995396426,7.85,10.35,15.86,20.4,0.244,0.283,821.07,1738.8,21.86,20.0,10,0
CTRL_DRY_209,2021-02-15,Assam,24.898061255270303,90.99305273342897,1.81,15.61,21.87,30.4,0.274,0.146,942.62,605.3,0.42,16.6,50,0
CTRL_DRY_210,2021-02-15,Nagaland,27.5079649527399,93.4641289199086,2.79,16.32,22.6,23.6,0.249,0.297,910.99,888.3,6.95,134.2,10,0
CTRL_DRY_211,2021-02-15,Mizoram,27.991148465055623,93.10354382382101,0.9,9.36,20.0,22.7,0.22,0.214,929.08,725.5,17.27,2.9,60,0
CTRL_DRY_212,2021-02-15,Meghalaya,27.396023951115687,92.9088601561639,3.12,12.66,36.93,22.1,0.122,0.194,961.39,440.9,26.31,8.6,50,0
CTRL_DRY_213,2021-02-15,Arunachal Pradesh,26.803387638794717,91.48996789629632,13.0,27.59,32.57,16.9,0.165,0.147,910.24,895.1,37.44,151.1,50,0
CTRL_DRY_214,2021-02-15,Arunachal Pradesh,27.704167807126545,91.57181068362968,2.01,10.89,13.07,17.3,0.226,0.161,796.51,1984.2,21.68,229.4,50,0
CTRL_DRY_215,2021-02-15,Nagaland,24.482946948287623,91.43314978374943,0.91,12.61,33.07,19.7,0.145,0.166,901.75,972.5,11.8,26.9,50,0
CTRL_DRY_216,2021-02-15,Meghalaya,24.593295189476397,92.84462959314044,0.38,12.49,23.14,17.7,0.233,0.237,907.16,923.1,14.58,306.9,50,0
CTRL_DRY_217,2021-02-15,Nagaland,25.848172995504957,93.2155870137754,6.86,9.47,42.79,20.4,0.257,0.229,886.47,1113.2,6.22,107.6,10,0
CTRL_DRY_218,2021-02-15,Manipur,27.66971432604632,90.29994872277379,1.01,3.98,18.0,18.7,0.23,0.29,926.82,745.7,3.36,281.1,40,0
CTRL_DRY_219,2021-02-15,Arunachal Pradesh,27.286741606129134,91.57999475288767,0.39,13.1,41.41,15.4,0.14,0.291,912.62,873.5,26.32,291.3,50,0
CTRL_DRY_220,2021-02-15,Assam,25.995566439985996,93.53111429663565,9.56,13.68,29.29,28.9,0.144,0.238,979.31,286.4,7.79,127.4,40,0
CTRL_DRY_221,2021-02-15,Tripura,27.1276630673817,91.43644843935026,0.89,14.16,32.56,29.4,0.221,0.268,1009.0,35.4,3.72,49.4,50,0
CTRL_DRY_222,2021-02-15,Tripura,26.117729167861725,93.0673686738011,1.26,1.65,22.55,25.2,0.125,0.27,997.69,130.3,7.0,115.8,60,0
CTRL_DRY_223,2021-02-15,Meghalaya,25.41921853826064,93.35688900922364,1.24,13.48,45.58,17.8,0.129,0.299,819.09,1758.4,5.5,236.5,50,0
CTRL_DRY_224,2021-02-15,Manipur,27.346787362933345,93.24160465245325,4.78,18.49,19.48,22.5,0.232,0.292,919.51,811.3,15.04,290.2,30,0
CTRL_DRY_225,2021-02-15,Tripura,25.36303617706709,90.70983949061575,0.23,9.25,9.95,27.9,0.196,0.193,989.85,196.6,2.52,13.7,20,0
CTRL_DRY_226,2021-02-15,Nagaland,26.34406665268636,91.34624428456321,0.61,2.27,20.69,21.6,0.178,0.152,953.78,507.2,8.69,253.7,50,0
CTRL_DRY_227,2021-02-15,Nagaland,24.89294885592257,92.35580062313241,6.28,20.69,43.41,21.5,0.148,0.295,938.06,645.6,8.94,341.5,50,0
CTRL_DRY_228,2021-02-15,Manipur,24.728327024054188,91.27286764744038,0.78,0.81,25.38,24.2,0.212,0.276,892.86,1054.1,18.15,106.0,10,0
CTRL_DRY_229,2021-02-15,Meghalaya,25.786519736391174,91.06084976225151,1.61,2.78,14.92,23.7,0.171,0.242,874.66,1223.4,5.6,178.6,50,0
CTRL_DRY_230,2021-02-15,Meghalaya,25.40492467719388,91.50139028136219,5.1,5.82,21.16,19.3,0.187,0.167,865.56,1309.1,11.76,283.3,50,0
CTRL_DRY_231,2021-02-15,Tripura,24.296801607066637,90.68042081260477,1.02,7.79,35.76,25.1,0.125,0.143,980.16,279.2,7.15,273.0,10,0
CTRL_DRY_232,2021-02-15,Sikkim,26.42927050261954,91.73680153957318,15.27,20.34,54.82,15.5,0.263,0.253,891.51,1066.6,10.55,339.1,20,0
CTRL_DRY_233,2021-02-15,Assam,25.57160885845929,92.19865053414865,4.78,15.61,41.16,25.9,0.162,0.185,1001.56,97.8,3.86,68.4,10,0
CTRL_DRY_234,2021-02-15,Tripura,27.908230783997062,91.89428260456828,1.4,11.33,32.34,24.4,0.152,0.144,1005.29,66.5,4.65,153.9,40,0
CTRL_DRY_235,2021-02-15,Arunachal Pradesh,24.178467698791504,91.75896169141107,4.33,5.7,24.74,18.0,0.15,0.282,877.78,1194.2,18.12,176.1,60,0
CTRL_DRY_236,2021-02-15,Mizoram,26.214407624631637,93.363188665721,5.58,15.59,18.59,25.8,0.175,0.227,943.89,594.1,10.45,22.2,30,0
CTRL_DRY_237,2021-02-15,Sikkim,24.48112749902173,93.02875502255678,3.4,6.93,17.39,12.3,0.183,0.277,666.12,3400.3,31.36,337.1,20,0
CTRL_DRY_238,2021-02-15,Manipur,27.33643247470402,91.0315454399511,0.86,1.5,4.24,24.6,0.229,0.172,821.06,1738.9,5.68,76.3,20,0
CTRL_DRY_239,2021-02-15,Arunachal Pradesh,24.450075370503736,90.59856927836536,7.77,15.57,47.67,19.7,0.122,0.252,948.63,552.4,23.36,198.7,50,0
CTRL_DRY_240,2021-02-15,Arunachal Pradesh,24.149862681990854,91.10165656813902,1.35,9.38,21.42,18.9,0.186,0.201,702.66,2982.3,23.57,36.4,60,0
CTRL_DRY_241,2021-02-15,Manipur,24.080931554373088,93.26954370122111,2.02,15.2,39.37,20.1,0.128,0.216,862.09,1341.9,16.98,144.6,50,0
CTRL_DRY_242,2021-02-15,Mizoram,25.077679924035053,91.66709091082153,4.62,19.21,27.19,24.2,0.168,0.259,931.46,704.2,24.23,309.0,50,0
CTRL_DRY_243,2021-02-15,Arunachal Pradesh,26.83827759345756,91.61354056404977,5.4,16.79,47.14,16.3,0.251,0.222,915.77,845.0,11.98,296.6,40,0
CTRL_DRY_244,2021-02-15,Assam,26.020505499748655,92.54163923630338,0.24,0.74,2.51,26.9,0.178,0.172,995.79,146.4,15.78,72.3,60,0
CTRL_DRY_245,2021-02-15,Arunachal Pradesh,26.995844537939732,92.75540215046382,2.36,16.77,33.38,21.7,0.208,0.195,768.14,2275.4,12.98,176.0,40,0
CTRL_DRY_246,2021-02-15,Mizoram,27.458519720444194,93.86855342291513,6.05,9.26,17.01,23.2,0.156,0.173,973.57,335.7,5.19,307.4,10,0
CTRL_DRY_247,2021-02-15,Assam,25.695227202638478,91.50590180908401,6.46,9.82,31.11,29.7,0.271,0.254,972.18,347.6,2.56,62.4,40,0
CTRL_DRY_248,2021-02-15,Nagaland,26.245828469018402,92.37509017017634,2.94,12.29,32.75,23.7,0.121,0.3,874.36,1226.2,10.46,108.8,50,0
CTRL_DRY_249,2021-02-15,Mizoram,24.75344032496003,92.0691743423186,17.81,27.42,57.57,25.1,0.162,0.254,933.28,688.0,6.59,23.0,40,0
CTRL_DRY_250,2021-02-15,Meghalaya,27.627646250086,91.61839557851181,3.67,13.58,37.41,24.0,0.235,0.245,831.19,1639.5,23.14,288.9,40,0
CTRL_DRY_251,2021-02-15,Assam,26.029259422427263,93.38167697697838,1.68,12.38,36.4,31.5,0.222,0.216,963.73,420.6,17.91,293.8,50,0
CTRL_DRY_252,2021-02-15,Manipur,25.42113358447933,92.97683971737123,5.17,13.56,45.5,23.2,0.272,0.284,903.94,952.5,12.36,266.7,30,0
CTRL_DRY_253,2021-02-15,Mizoram,25.88887872962433,90.77817521990768,3.52,10.48,14.6,22.6,0.129,0.242,915.59,846.6,25.28,133.8,10,0
CTRL_DRY_254,2021-02-15,Arunachal Pradesh,24.572896609198555,93.44957577334847,0.22,13.03,17.84,19.6,0.152,0.205,717.67,2815.7,17.6,107.4,60,0
CTRL_DRY_255,2021-02-15,Manipur,25.958308362520064,93.05427666842199,0.78,10.3,10.46,19.3,0.164,0.262,841.97,1534.7,12.73,227.2,20,0
CTRL_DRY_256,2021-02-15,Arunachal Pradesh,27.02739095190849,92.12413514228393,2.24,9.4,9.56,22.6,0.205,0.257,934.71,675.3,19.31,154.6,50,0
CTRL_DRY_257,2021-02-15,Assam,25.192809013976554,91.16331116723795,4.73,9.9,14.41,25.3,0.181,0.234,956.51,483.4,11.36,89.6,10,0
CTRL_DRY_258,2021-02-15,Nagaland,24.913673139343302,92.90867531254528,22.23,29.58,55.83,22.5,0.146,0.285,879.23,1180.6,22.17,48.2,10,0
CTRL_DRY_259,2021-02-15,Manipur,26.3756962714994,90.1918415028444,0.53,11.2,38.92,24.2,0.18,0.242,914.84,853.4,2.48,181.7,10,0
CTRL_DRY_260,2021-02-15,Arunachal Pradesh,25.20446581902717,92.64665830436289,2.16,7.86,27.01,20.6,0.196,0.165,775.86,2195.3,5.65,248.3,10,0
CTRL_DRY_261,2021-02-15,Mizoram,27.111835666388092,93.3259952820285,9.16,16.83,38.45,22.0,0.165,0.266,886.86,1109.6,20.82,150.8,30,0
CTRL_DRY_262,2021-02-15,Meghalaya,27.62752017707917,93.34092866105297,3.18,16.84,40.93,16.1,0.197,0.178,923.8,772.7,13.24,57.7,10,0
CTRL_DRY_263,2021-02-15,Tripura,24.20032078325179,93.25271365567153,5.14,6.66,15.62,25.4,0.157,0.298,1005.47,65.0,1.54,184.2,60,0
CTRL_DRY_264,2021-02-15,Assam,25.314643304274302,93.57811046951159,2.22,3.96,33.75,25.1,0.262,0.142,943.1,601.0,6.61,243.6,20,0
CTRL_DRY_265,2021-02-15,Mizoram,26.595385935489055,93.18763822814162,0.81,6.82,40.5,24.8,0.163,0.202,851.6,1442.0,6.23,293.4,50,0
CTRL_DRY_266,2021-02-15,Arunachal Pradesh,27.116657178360192,92.44543367710162,7.44,9.0,40.89,18.5,0.197,0.231,933.7,684.3,28.97,353.4,50,0
CTRL_DRY_267,2021-02-15,Manipur,27.911582230203194,92.67937743285727,2.32,3.27,26.19,22.2,0.122,0.279,879.33,1179.7,12.74,319.5,30,0
CTRL_DRY_268,2021-02-15,Nagaland,24.04657946954366,93.73748568168067,2.27,13.17,30.04,17.2,0.226,0.243,862.88,1334.4,22.21,222.6,10,0
CTRL_DRY_269,2021-02-15,Tripura,27.268413222879172,90.31532238301916,2.71,6.32,40.28,28.1,0.128,0.176,977.68,300.4,10.5,27.0,50,0
CTRL_DRY_270,2021-02-15,Tripura,27.303635033693777,93.16713314068923,2.37,4.15,21.56,26.3,0.225,0.156,979.66,283.4,5.65,308.4,10,0
CTRL_DRY_271,2021-02-15,Mizoram,26.866632272516703,91.45317818867902,2.44,7.55,36.44,20.7,0.251,0.275,850.02,1457.1,17.5,235.7,60,0
CTRL_DRY_272,2021-02-15,Tripura,27.587508474712234,91.96968856872466,1.67,14.12,47.88,28.6,0.167,0.224,1006.88,53.2,9.23,79.8,10,0
CTRL_DRY_273,2021-02-15,Sikkim,24.18600144763668,92.53296187035639,10.65,16.54,32.54,12.9,0.245,0.255,908.58,910.2,28.77,67.5,50,0
CTRL_DRY_274,2021-02-15,Arunachal Pradesh,27.697483495126153,93.12432598832733,12.51,14.53,31.99,22.5,0.205,0.148,743.15,2539.2,19.87,237.0,60,0
CTRL_DRY_275,2021-02-15,Manipur,25.094383519824444,93.85437415071901,0.44,10.3,31.52,21.3,0.171,0.281,852.83,1430.2,5.82,293.5,30,0
CTRL_DRY_276,2021-02-15,Mizoram,24.80355632930138,92.49667035682155,4.82,16.05,26.51,23.7,0.232,0.278,910.95,888.7,7.2,148.6,30,0
CTRL_DRY_277,2021-02-15,Mizoram,26.249120845805702,92.33122508438343,4.96,19.59,25.81,23.7,0.207,0.242,877.95,1192.6,26.11,47.8,50,0
CTRL_DRY_278,2021-02-15,Sikkim,24.799609669058867,93.00074007468021,8.4,14.74,15.19,12.4,0.137,0.201,741.65,2555.3,38.39,192.2,10,0
CTRL_DRY_279,2021-02-15,Manipur,26.96965094349144,92.24508221116324,0.26,12.03,19.17,21.6,0.207,0.197,816.89,1780.2,17.03,52.7,30,0
CTRL_DRY_280,2021-02-15,Meghalaya,24.051860950698554,91.00536451348923,4.72,5.42,18.78,21.5,0.187,0.266,896.84,1017.5,22.92,250.6,10,0
CTRL_DRY_281,2021-02-15,Tripura,25.795259689611967,93.93381329425152,4.17,15.5,34.63,30.7,0.217,0.264,978.54,293.0,10.98,253.7,40,0
CTRL_DRY_282,2021-02-15,Arunachal Pradesh,25.865325352838315,93.74997780188339,1.89,8.32,27.8,17.0,0.141,0.233,916.08,842.2,10.74,185.0,50,0
CTRL_DRY_283,2021-02-15,Assam,26.10158026873952,93.82795087051001,10.78,20.01,43.18,26.9,0.198,0.232,997.37,133.0,5.94,18.3,50,0
CTRL_DRY_284,2021-02-15,Arunachal Pradesh,27.986524330417353,93.29475360370081,2.07,7.31,38.23,17.3,0.226,0.193,739.34,2580.1,10.26,195.5,60,0
CTRL_DRY_285,2021-02-15,Assam,25.543503739136177,92.16094925177025,4.11,17.89,26.42,27.1,0.126,0.282,1000.47,106.9,6.36,86.5,10,0
CTRL_DRY_286,2021-02-15,Mizoram,27.792847278593673,90.66957923685398,2.89,10.52,27.56,20.6,0.167,0.244,973.99,332.1,16.4,277.4,10,0
CTRL_DRY_287,2021-02-15,Assam,26.58624463727338,93.75900444603326,0.96,11.24,40.49,31.0,0.153,0.273,960.35,450.0,3.95,226.6,50,0
CTRL_DRY_288,2021-02-15,Manipur,25.552130414579082,92.52086905850315,0.3,2.97,11.79,25.3,0.131,0.271,939.99,628.5,17.77,13.6,50,0
CTRL_DRY_289,2021-02-15,Sikkim,27.712191000665335,90.42454216747988,0.02,10.82,13.03,18.8,0.239,0.147,843.74,1517.6,21.24,42.6,50,0
CTRL_DRY_290,2021-02-15,Mizoram,27.840537060321736,90.57630214983394,1.92,14.25,15.33,24.0,0.145,0.175,889.14,1088.5,10.76,333.6,40,0
CTRL_DRY_291,2021-02-15,Nagaland,26.993186346931175,93.61418550389818,0.61,1.24,21.29,16.7,0.183,0.228,782.86,2123.3,5.28,314.9,30,0
CTRL_DRY_292,2021-02-15,Nagaland,27.405550889701896,93.7294794616126,0.61,3.37,24.96,21.4,0.16,0.158,922.87,781.1,27.64,306.5,10,0
CTRL_DRY_293,2021-02-15,Tripura,24.400180229101693,92.47806310861733,1.15,4.11,24.43,28.4,0.272,0.197,985.81,231.0,1.34,241.8,30,0
CTRL_DRY_294,2021-02-15,Meghalaya,25.252859122937178,93.14264044825809,1.46,10.22,30.01,19.4,0.178,0.191,930.98,708.5,14.27,221.9,10,0
CTRL_DRY_295,2021-02-15,Sikkim,27.367171981353042,93.4348546214832,1.61,8.81,24.4,12.9,0.244,0.218,855.74,1402.4,20.22,244.6,10,0
CTRL_DRY_296,2021-02-15,Manipur,27.076801019610055,90.85104274470518,3.94,14.85,46.07,24.5,0.256,0.241,828.11,1669.6,6.32,264.1,50,0
CTRL_DRY_297,2021-02-15,Assam,24.5355250377864,92.00449268550909,2.56,14.19,26.99,29.9,0.156,0.264,966.16,399.6,9.87,359.5,40,0
CTRL_DRY_298,2021-02-15,Arunachal Pradesh,26.265429018399473,92.26325013218562,7.54,19.64,41.13,18.6,0.147,0.222,850.69,1450.7,21.57,238.6,20,0
CTRL_DRY_299,2021-02-15,Manipur,25.552372439791984,93.67160777612457,0.99,8.3,10.5,19.7,0.179,0.147,847.31,1483.1,12.64,129.2,50,0
CTRL_DRY_300,2021-02-15,Assam,26.614701252535536,91.4611871119642,13.82,23.32,32.89,28.6,0.239,0.233,1006.46,56.7,11.74,37.2,50,0
CTRL_DRY_301,2021-02-15,Arunachal Pradesh,25.75959480302351,90.91996306410695,2.91,8.2,38.57,19.8,0.198,0.217,815.06,1798.3,17.42,326.6,20,0
CTRL_DRY_302,2021-02-15,Mizoram,25.916084653458118,92.36316359523673,5.05,6.82,14.88,21.9,0.25,0.255,946.05,575.0,8.49,130.4,60,0
CTRL_DRY_303,2021-02-15,Sikkim,26.066562770552586,91.62182526586525,0.7,10.14,11.51,14.1,0.212,0.149,935.86,665.1,9.47,206.5,20,0
CTRL_DRY_304,2021-02-15,Assam,26.4033548576448,93.17846428104181,11.77,15.02,36.25,25.8,0.195,0.217,941.11,618.6,13.16,295.7,50,0
CTRL_DRY_305,2021-02-15,Manipur,24.8093941963527,93.43836676804243,4.63,18.47,39.35,19.1,0.131,0.201,861.46,1347.9,13.24,60.4,10,0
CTRL_DRY_306,2021-02-15,Sikkim,27.607939022883016,92.15714394532209,9.28,18.28,49.0,12.7,0.205,0.26,701.36,2996.9,28.59,63.9,20,0
CTRL_DRY_307,2021-02-15,Assam,25.402071255119086,93.21848415557724,2.95,8.51,10.03,30.4,0.205,0.177,939.71,631.0,13.99,233.7,50,0
CTRL_DRY_308,2021-02-15,Arunachal Pradesh,26.311948583201783,90.47131441592461,9.64,10.9,31.84,15.0,0.207,0.181,842.05,1533.9,13.4,275.7,10,0
CTRL_DRY_309,2021-02-15,Assam,26.44752270804526,93.96719469668287,2.1,3.7,18.61,28.3,0.214,0.182,979.91,281.3,3.86,289.5,50,0
CTRL_DRY_310,2021-02-15,Sikkim,26.943129722418444,93.41999569129439,2.63,8.18,27.6,14.8,0.161,0.189,720.07,2789.4,22.05,282.2,50,0
CTRL_DRY_311,2021-02-15,Arunachal Pradesh,24.64295203653287,93.85828100549807,0.71,3.93,17.95,20.6,0.174,0.228,749.77,2468.7,19.74,251.8,10,0
CTRL_DRY_312,2021-02-15,Assam,26.455862362866856,92.08402217288224,3.67,4.99,14.2,29.8,0.179,0.237,946.75,568.9,14.85,169.8,50,0
CTRL_DRY_313,2021-02-15,Assam,26.4607599428142,92.69609752404872,2.31,5.34,28.33,24.3,0.249,0.186,936.03,663.6,14.8,230.5,30,0
CTRL_DRY_314,2021-02-15,Nagaland,27.676709684436496,92.19837061418575,23.0,34.7,47.06,20.1,0.183,0.234,917.36,830.7,5.01,56.7,10,0
CTRL_DRY_315,2021-02-15,Nagaland,26.012676665015572,91.35986357769416,13.19,20.01,34.15,20.0,0.121,0.168,895.97,1025.5,25.39,81.5,10,0
CTRL_DRY_316,2021-02-15,Arunachal Pradesh,27.844954901206457,91.8353937173365,6.71,15.33,39.63,21.2,0.275,0.23,734.85,2628.5,36.57,315.4,50,0
CTRL_DRY_317,2021-02-15,Tripura,27.82178274849344,92.06601686881935,1.19,6.93,34.53,29.4,0.155,0.252,975.94,315.3,10.41,173.5,50,0
CTRL_DRY_318,2021-02-15,Assam,27.577265011480826,91.0763031298752,2.04,13.27,25.24,26.5,0.209,0.169,954.67,499.5,4.89,103.4,30,0
CTRL_DRY_319,2021-02-15,Meghalaya,24.479513970619088,90.31395029055513,8.25,11.35,18.45,17.2,0.16,0.239,898.92,998.4,7.99,264.8,10,0
CTRL_DRY_320,2021-02-15,Tripura,25.963221406426186,93.93757873071021,0.17,7.4,29.12,30.2,0.199,0.298,987.03,220.6,9.29,194.9,40,0
CTRL_PLAIN_1,2021-07-20,Manipur,25.82878413726411,90.48147272164358,67.83,130.45,355.03,28.2,0.257,0.343,992.85,171.2,5.65,46.2,50,0
CTRL_PLAIN_2,2021-07-20,Meghalaya,25.885381458953823,92.45233617255379,51.74,82.82,163.16,24.6,0.422,0.314,996.56,139.9,0.16,242.7,50,0
CTRL_PLAIN_3,2021-07-20,Manipur,24.914266997998674,90.39947896363782,92.74,172.97,349.53,28.9,0.34,0.383,1002.5,89.9,3.24,150.9,30,0
CTRL_PLAIN_4,2021-07-20,Manipur,27.982247081198405,93.39755966158664,31.57,72.61,178.63,25.5,0.345,0.282,974.74,325.6,4.21,308.3,50,0
CTRL_PLAIN_5,2021-07-20,Manipur,24.385207547243084,92.97837288184931,72.46,137.56,329.83,25.9,0.262,0.426,975.58,318.4,2.32,202.4,30,0
CTRL_PLAIN_6,2021-07-20,Manipur,26.599461932454435,92.1537530176204,38.35,58.29,96.62,24.2,0.423,0.453,994.51,157.2,4.25,335.5,10,0
CTRL_PLAIN_7,2021-07-20,Manipur,26.56232261084667,93.71426666788425,91.02,217.5,434.0,23.9,0.307,0.394,994.78,154.9,5.08,175.5,50,0
CTRL_PLAIN_8,2021-07-20,Meghalaya,25.581821300722602,93.55076722636517,17.85,29.67,53.31,24.6,0.313,0.332,982.41,259.9,4.33,305.6,30,0
CTRL_PLAIN_9,2021-07-20,Manipur,24.32025895150219,90.66764186015861,28.4,66.86,111.16,27.5,0.297,0.325,977.24,304.2,3.95,162.1,30,0
CTRL_PLAIN_10,2021-07-20,Assam,26.6193307021734,93.5418852683856,15.92,36.15,78.85,26.7,0.449,0.299,1006.5,56.3,7.03,170.3,40,0
CTRL_PLAIN_11,2021-07-20,Manipur,25.86877390667741,93.48359309257818,23.91,48.46,83.44,28.5,0.257,0.344,1000.44,107.2,5.56,159.5,80,0
CTRL_PLAIN_12,2021-07-20,Manipur,26.55811299484325,91.23864531245599,69.32,144.94,303.43,25.6,0.4,0.438,986.11,228.4,1.1,341.5,30,0
CTRL_PLAIN_13,2021-07-20,Manipur,25.375539668999977,91.87679182097611,43.87,83.89,142.82,27.5,0.252,0.374,989.1,203.0,1.78,32.2,50,0
CTRL_PLAIN_14,2021-07-20,Assam,25.64694347626454,92.24221743455846,42.96,97.34,246.99,26.3,0.369,0.423,979.9,281.4,3.74,272.0,50,0
CTRL_PLAIN_15,2021-07-20,Meghalaya,27.230299761710302,92.73856116151407,101.13,174.0,278.92,27.8,0.375,0.373,999.51,115.0,5.39,232.6,10,0
CTRL_PLAIN_16,2021-07-20,Manipur,26.491015121102215,90.75115777017605,30.68,48.12,80.73,25.7,0.272,0.362,981.65,266.4,4.04,96.8,30,0
CTRL_PLAIN_17,2021-07-20,Assam,25.974318212782983,91.36765141547451,116.96,208.44,346.54,23.5,0.338,0.281,1003.94,77.8,7.28,8.0,40,0
CTRL_PLAIN_18,2021-07-20,Manipur,24.285538778996226,91.88058710639488,86.66,132.74,212.95,24.6,0.4,0.306,975.56,318.6,3.79,133.7,80,0
CTRL_PLAIN_19,2021-07-20,Tripura,24.796719505215723,92.94129111680377,11.39,28.19,68.48,24.5,0.327,0.455,970.7,360.4,1.95,137.4,40,0
CTRL_PLAIN_20,2021-07-20,Assam,24.488566048542044,91.92491837258697,84.96,153.96,295.6,28.6,0.376,0.288,987.33,218.0,7.37,170.2,10,0
CTRL_PLAIN_21,2021-07-20,Manipur,25.583233201180214,90.97235733297258,33.96,54.78,127.24,24.7,0.315,0.31,1001.83,95.5,6.67,310.9,40,0
CTRL_PLAIN_22,2021-07-20,Assam,24.24020934283063,91.42207070125863,27.05,61.43,112.01,25.0,0.35,0.403,984.65,240.8,5.21,247.8,30,0
CTRL_PLAIN_23,2021-07-20,Tripura,24.085411330737173,91.51107574576639,35.59,88.32,223.02,25.6,0.401,0.425,979.3,286.5,5.96,45.3,50,0
CTRL_PLAIN_24,2021-07-20,Tripura,25.101297851433213,93.32539837356448,71.49,146.04,312.1,24.9,0.363,0.378,999.48,115.3,0.39,254.4,80,0
CTRL_PLAIN_25,2021-07-20,Tripura,26.478938426280894,91.45630078840306,38.97,72.76,109.21,24.1,0.378,0.348,1007.71,46.2,1.25,106.4,40,0
CTRL_PLAIN_26,2021-07-20,Tripura,26.563615719140294,90.44185653615762,100.1,169.16,403.99,24.7,0.403,0.308,996.32,141.9,0.57,348.2,80,0
CTRL_PLAIN_27,2021-07-20,Assam,26.103285450457648,92.80525608629885,13.44,21.6,37.78,25.3,0.256,0.396,1008.86,36.6,7.04,64.3,80,0
CTRL_PLAIN_28,2021-07-20,Manipur,24.242800753144206,92.23207955788008,11.44,27.7,65.16,25.8,0.436,0.43,1008.61,38.7,1.73,258.4,30,0
CTRL_PLAIN_29,2021-07-20,Meghalaya,24.38847700063065,92.90068773123676,77.86,157.98,387.78,24.3,0.417,0.294,973.95,332.4,5.98,21.0,10,0
CTRL_PLAIN_30,2021-07-20,Meghalaya,26.69797025497915,92.81020166472322,78.79,132.28,327.25,26.8,0.333,0.299,1002.25,92.0,3.99,89.6,50,0
CTRL_PLAIN_31,2021-07-20,Meghalaya,26.200325369580476,93.98740125669998,54.17,99.54,169.78,25.1,0.45,0.36,971.27,355.5,1.33,64.9,50,0
CTRL_PLAIN_32,2021-07-20,Manipur,27.846607102525336,91.789999155993,45.58,79.34,175.29,27.5,0.325,0.379,992.2,176.7,4.79,297.4,50,0
CTRL_PLAIN_33,2021-07-20,Meghalaya,24.086805485830396,93.28775968978846,11.79,19.28,51.24,24.3,0.251,0.457,1010.84,20.1,0.36,102.4,50,0
CTRL_PLAIN_34,2021-07-20,Manipur,24.931976594216938,93.24429694713064,72.88,116.19,243.82,28.3,0.281,0.328,969.66,369.3,3.88,205.4,50,0
CTRL_PLAIN_35,2021-07-20,Assam,26.38092481023832,91.2015730153731,18.49,33.74,71.77,27.2,0.348,0.442,985.12,236.8,4.31,78.3,40,0
CTRL_PLAIN_36,2021-07-20,Meghalaya,27.397912669250417,93.71461266313298,48.27,111.85,228.34,24.4,0.424,0.437,1007.28,49.8,0.51,277.5,30,0
CTRL_PLAIN_37,2021-07-20,Meghalaya,27.011360812042124,92.3010194154003,72.14,131.79,317.23,29.0,0.281,0.401,1008.38,40.6,3.98,115.0,80,0
CTRL_PLAIN_38,2021-07-20,Assam,25.737964444572484,92.79148206503318,24.54,38.84,87.11,23.5,0.26,0.352,1000.77,104.4,2.24,142.0,10,0
CTRL_PLAIN_39,2021-07-20,Tripura,25.293646564624844,93.69655232358033,72.85,150.16,419.88,24.6,0.355,0.324,989.12,202.8,1.57,142.3,80,0
CTRL_PLAIN_40,2021-07-20,Assam,26.492728625113322,91.76185369625323,30.95,57.09,134.28,25.1,0.404,0.31,1005.73,62.8,3.16,131.5,80,0
CTRL_PLAIN_41,2021-07-20,Tripura,24.054933170773726,92.77518090022447,103.8,167.36,262.91,28.2,0.44,0.447,1001.78,95.9,2.87,272.8,50,0
CTRL_PLAIN_42,2021-07-20,Assam,26.78028457459078,92.67304232771363,91.4,156.47,345.85,26.7,0.4,0.379,997.03,135.9,3.59,119.5,50,0
CTRL_PLAIN_43,2021-07-20,Meghalaya,24.26639116968647,92.64149130199284,28.74,51.27,129.51,26.9,0.374,0.29,984.57,241.5,5.01,15.7,40,0
CTRL_PLAIN_44,2021-07-20,Manipur,26.126242580652853,90.74566954967008,81.44,140.99,281.26,24.9,0.445,0.298,972.09,348.4,0.24,312.3,10,0
CTRL_PLAIN_45,2021-07-20,Meghalaya,26.50092388100404,90.94481906282886,111.45,201.16,429.86,27.1,0.399,0.283,985.56,233.1,5.37,14.3,50,0
CTRL_PLAIN_46,2021-07-20,Manipur,26.62772703579845,90.35118006854921,107.94,249.87,384.38,23.9,0.361,0.33,974.4,328.5,4.73,316.3,80,0
CTRL_PLAIN_47,2021-07-20,Meghalaya,26.16893500482357,90.82702909864403,85.52,163.97,368.07,26.6,0.335,0.336,987.35,217.9,5.12,314.2,80,0
CTRL_PLAIN_48,2021-07-20,Tripura,26.624927012116608,92.25937714925743,25.19,55.13,147.1,28.5,0.432,0.357,984.65,240.8,5.16,72.8,50,0
CTRL_PLAIN_49,2021-07-20,Tripura,27.84478474888956,91.21339241990461,23.02,41.84,110.61,28.3,0.395,0.418,996.47,140.6,4.22,341.5,80,0
CTRL_PLAIN_50,2021-07-20,Manipur,26.749511540713442,91.4370453381382,12.88,32.02,73.71,26.6,0.371,0.39,1003.95,77.7,1.49,47.4,50,0
CTRL_PLAIN_51,2021-07-20,Meghalaya,27.05815541651294,90.06005704180703,81.45,137.16,274.83,24.4,0.345,0.309,1004.75,71.0,6.36,168.8,80,0
CTRL_PLAIN_52,2021-07-20,Manipur,25.299582507216183,91.83017971776685,32.31,55.07,95.28,26.7,0.441,0.359,968.3,381.1,1.75,241.7,30,0
CTRL_PLAIN_53,2021-07-20,Tripura,27.503131887439267,93.14767944927549,100.68,223.53,449.83,26.2,0.438,0.383,991.52,182.5,5.84,218.9,30,0
CTRL_PLAIN_54,2021-07-20,Assam,27.850369246283037,90.75940135989127,119.54,241.32,486.09,26.1,0.397,0.38,990.44,191.6,6.22,15.3,30,0
CTRL_PLAIN_55,2021-07-20,Meghalaya,25.80679235131862,92.89058716597133,60.75,116.79,268.28,23.9,0.261,0.373,992.84,171.3,2.35,297.9,30,0
CTRL_PLAIN_56,2021-07-20,Assam,27.530193789442873,90.36071864515789,70.1,132.7,254.85,28.4,0.255,0.362,1002.69,88.3,4.43,322.0,50,0
CTRL_PLAIN_57,2021-07-20,Manipur,26.907495343418915,93.9007657024761,89.02,144.53,238.25,26.1,0.34,0.345,979.72,282.9,6.81,286.7,80,0
CTRL_PLAIN_58,2021-07-20,Tripura,24.205241960870673,91.23224882213826,110.35,227.93,537.32,24.1,0.28,0.436,993.71,163.9,2.92,276.6,30,0
CTRL_PLAIN_59,2021-07-20,Meghalaya,26.43193572410056,91.97386718505258,115.65,173.88,433.83,26.0,0.252,0.37,997.77,129.7,1.44,323.5,40,0
CTRL_PLAIN_60,2021-07-20,Tripura,24.19567519977212,90.59302467271876,18.73,39.33,71.51,26.3,0.359,0.392,984.3,243.8,3.62,147.7,50,0
CTRL_PLAIN_61,2021-07-20,Manipur,25.13752217921882,92.64369844470959,102.18,183.76,495.51,24.1,0.26,0.355,1009.17,34.0,6.42,240.1,30,0
CTRL_PLAIN_62,2021-07-20,Tripura,24.259703466082595,91.88326737685638,13.94,31.62,60.7,27.6,0.43,0.428,967.59,387.2,5.65,129.7,10,0
CTRL_PLAIN_63,2021-07-20,Assam,25.934651932837788,92.75461711301737,67.71,148.68,341.32,26.8,0.272,0.411,979.59,284.0,2.13,189.7,40,0
CTRL_PLAIN_64,2021-07-20,Manipur,25.970017814874062,90.71962892662476,73.27,155.57,420.85,27.4,0.373,0.369,991.54,182.3,6.37,93.5,80,0
CTRL_PLAIN_65,2021-07-20,Tripura,24.18196875851727,91.39860017777727,12.64,26.87,44.42,29.0,0.42,0.424,978.98,289.3,7.35,0.6,80,0
CTRL_PLAIN_66,2021-07-20,Tripura,25.58419730437984,92.27568616318683,96.92,175.21,378.23,27.1,0.315,0.281,1010.33,24.3,1.59,101.4,50,0
CTRL_PLAIN_67,2021-07-20,Assam,27.568233307159673,92.14787017988945,111.45,220.57,466.91,23.9,0.257,0.304,973.51,336.2,1.54,300.2,80,0
CTRL_PLAIN_68,2021-07-20,Manipur,26.741973201385715,93.1981413339432,16.16,32.66,72.98,23.1,0.386,0.38,989.96,195.7,6.12,334.0,10,0
CTRL_PLAIN_69,2021-07-20,Manipur,27.4583747620089,93.00616083467845,47.31,88.72,194.7,24.1,0.283,0.389,1007.83,45.2,1.2,302.7,40,0
CTRL_PLAIN_70,2021-07-20,Manipur,27.139775932949632,93.11116156584318,106.48,199.29,513.83,24.1,0.311,0.375,978.93,289.7,2.11,31.2,50,0
CTRL_PLAIN_71,2021-07-20,Assam,27.077925588840216,90.39300625986273,65.01,109.88,296.76,27.7,0.396,0.374,990.8,188.6,0.28,173.8,50,0
CTRL_PLAIN_72,2021-07-20,Tripura,25.86750360993105,90.18455908009716,105.13,169.87,323.48,28.2,0.259,0.433,1001.53,98.0,0.37,139.5,50,0
CTRL_PLAIN_73,2021-07-20,Manipur,24.597282891198873,91.0945475433606,33.08,56.25,105.33,27.0,0.356,0.419,1009.83,28.5,5.71,230.0,50,0
CTRL_PLAIN_74,2021-07-20,Assam,24.28497148488097,92.4530515340639,69.68,142.8,264.52,26.4,0.439,0.425,967.94,384.2,4.24,36.9,50,0
CTRL_PLAIN_75,2021-07-20,Manipur,26.517882759457063,92.76049958763616,109.36,169.56,338.9,27.2,0.267,0.351,986.46,225.4,0.48,10.4,10,0
CTRL_PLAIN_76,2021-07-20,Meghalaya,24.371664697314827,93.20940199255017,88.42,191.95,421.05,25.8,0.445,0.416,983.08,254.2,2.41,294.3,50,0
CTRL_PLAIN_77,2021-07-20,Meghalaya,25.568307673435005,92.79845848432971,94.31,185.84,507.66,24.5,0.279,0.441,1006.42,57.0,2.4,232.0,50,0
CTRL_PLAIN_78,2021-07-20,Manipur,26.298713032227575,92.03179866382277,13.33,26.33,51.52,27.6,0.342,0.311,975.43,319.7,6.63,163.2,10,0
CTRL_PLAIN_79,2021-07-20,Meghalaya,24.63608115833675,91.92949862431932,81.44,186.7,409.35,26.7,0.33,0.354,974.15,330.7,6.0,117.3,10,0
CTRL_PLAIN_80,2021-07-20,Assam,26.95746817978809,92.84763528627718,96.27,186.32,470.18,27.0,0.359,0.323,995.42,149.5,6.12,212.7,40,0
CTRL_PLAIN_81,2021-07-20,Meghalaya,27.085373515482715,91.51564405344153,20.74,40.34,76.66,27.1,0.331,0.388,1005.66,63.4,4.51,117.1,10,0
CTRL_PLAIN_82,2021-07-20,Meghalaya,26.125023284301257,91.55993064092314,25.28,52.6,130.53,27.0,0.412,0.416,981.81,265.1,0.55,78.3,80,0
CTRL_PLAIN_83,2021-07-20,Meghalaya,27.96115702656768,92.33090791130421,72.73,175.51,332.75,28.9,0.439,0.358,1001.96,94.4,5.14,114.0,50,0
CTRL_PLAIN_84,2021-07-20,Meghalaya,27.46271854731991,90.9409646818553,109.12,269.3,404.25,23.7,0.362,0.456,972.82,342.1,6.41,22.5,50,0
CTRL_PLAIN_85,2021-07-20,Meghalaya,27.35985074690686,90.6170691635749,57.87,99.03,170.87,28.1,0.278,0.38,982.68,257.6,5.37,146.2,50,0
CTRL_PLAIN_86,2021-07-20,Tripura,27.440611048222443,93.57432987656976,89.35,177.51,367.05,26.9,0.448,0.295,1004.75,71.0,0.63,5.7,80,0
CTRL_PLAIN_87,2021-07-20,Meghalaya,24.946999869112073,92.00691521970184,100.21,188.87,338.73,26.0,0.335,0.281,982.78,256.8,3.46,152.7,30,0
CTRL_PLAIN_88,2021-07-20,Meghalaya,26.92517273206735,93.93431639252158,14.17,28.1,55.61,23.5,0.366,0.453,969.34,372.1,4.37,12.0,30,0
CTRL_PLAIN_89,2021-07-20,Manipur,25.24999888578174,90.21109708856301,19.73,38.92,95.91,26.8,0.442,0.294,989.84,196.7,0.68,320.4,10,0
CTRL_PLAIN_90,2021-07-20,Manipur,24.141304960699415,93.69145806424727,109.67,227.45,439.2,24.8,0.321,0.456,986.71,223.3,0.18,163.5,50,0
CTRL_PLAIN_91,2021-07-20,Manipur,25.939040752724114,90.50728534178722,62.05,103.57,162.31,26.7,0.448,0.426,978.17,296.2,4.27,22.1,50,0
CTRL_PLAIN_92,2021-07-20,Assam,26.636622561414633,91.47906731986525,40.91,96.46,146.47,26.6,0.272,0.311,972.66,343.5,2.16,47.7,50,0
CTRL_PLAIN_93,2021-07-20,Tripura,27.35045687842215,93.01104518752055,97.93,231.31,450.06,28.6,0.267,0.306,999.0,119.3,5.29,174.6,50,0
CTRL_PLAIN_94,2021-07-20,Meghalaya,24.210092787969124,91.85605971213414,80.13,137.09,336.51,27.5,0.319,0.396,976.24,312.7,1.86,158.5,40,0
CTRL_PLAIN_95,2021-07-20,Meghalaya,25.155168888784125,93.18923617746891,68.58,128.92,311.64,28.2,0.345,0.306,997.2,134.5,5.62,270.9,40,0
CTRL_PLAIN_96,2021-07-20,Meghalaya,25.33986962647218,91.06835126287687,14.51,35.08,81.69,28.5,0.441,0.358,980.32,277.8,7.22,245.8,50,0
CTRL_PLAIN_97,2021-07-20,Assam,25.253079311478512,90.04231195666796,84.28,146.8,348.42,27.1,0.404,0.374,999.27,117.0,4.42,166.0,50,0
CTRL_PLAIN_98,2021-07-20,Assam,24.227527646377844,92.37655432989018,21.43,41.7,74.44,23.1,0.307,0.315,973.53,336.0,0.19,35.2,40,0
CTRL_PLAIN_99,2021-07-20,Tripura,27.584006521428975,92.78261453462432,23.2,54.67,91.24,26.4,0.381,0.442,968.29,381.2,4.82,254.9,50,0
CTRL_PLAIN_100,2021-07-20,Manipur,24.647864126584867,90.29598824016117,59.88,149.42,373.57,27.6,0.388,0.4,997.5,131.9,4.99,27.3,50,0
CTRL_PLAIN_101,2021-07-20,Assam,26.581932708384315,90.43372187447169,115.12,203.15,421.08,26.7,0.348,0.447,993.53,165.5,2.56,21.6,50,0
CTRL_PLAIN_102,2021-07-20,Meghalaya,24.595417101766625,92.56134107711517,88.69,142.2,226.78,25.7,0.364,0.325,1000.94,103.0,4.86,328.5,80,0
CTRL_PLAIN_103,2021-07-20,Assam,27.123748147853483,93.14152682036459,109.51,227.19,493.0,25.6,0.438,0.368,980.93,272.6,2.07,252.0,30,0
CTRL_PLAIN_104,2021-07-20,Tripura,27.988063185179946,92.58829763801893,63.03,130.3,353.84,25.4,0.322,0.403,1010.69,21.3,7.16,294.5,30,0
CTRL_PLAIN_105,2021-07-20,Manipur,25.195481380697558,91.56041890074195,60.56,137.26,321.48,25.3,0.285,0.287,986.72,223.2,7.21,29.0,50,0
CTRL_PLAIN_106,2021-07-20,Assam,25.55507013389446,93.17095668734765,79.61,177.95,299.3,26.6,0.289,0.41,982.45,259.6,2.76,30.6,80,0
CTRL_PLAIN_107,2021-07-20,Manipur,27.22841482322961,92.66926567325352,116.32,176.39,342.39,25.4,0.318,0.41,988.29,209.9,7.24,292.2,50,0
CTRL_PLAIN_108,2021-07-20,Meghalaya,24.1832067740763,92.80518724467714,91.52,158.6,252.75,23.1,0.397,0.368,968.75,377.2,6.54,193.2,10,0
CTRL_PLAIN_109,2021-07-20,Tripura,25.9885739861422,93.19670088933792,100.28,160.18,367.55,27.9,0.417,0.292,1010.19,25.5,4.78,325.7,40,0
CTRL_PLAIN_110,2021-07-20,Tripura,27.34570836915649,93.1724066797862,101.95,228.16,461.48,26.3,0.274,0.403,1007.98,44.0,1.6,121.4,50,0
CTRL_PLAIN_111,2021-07-20,Assam,24.533483508228297,93.16420918248197,25.54,48.91,117.64,28.6,0.361,0.359,984.11,245.4,2.58,43.5,40,0
CTRL_PLAIN_112,2021-07-20,Meghalaya,26.769433323350324,90.82464087435865,10.7,17.97,29.04,25.5,0.38,0.44,975.92,315.5,0.22,175.3,80,0
CTRL_PLAIN_113,2021-07-20,Manipur,25.391414267384583,90.01828016512722,77.16,118.64,205.72,26.8,0.35,0.451,987.24,218.8,3.15,337.7,50,0
CTRL_PLAIN_114,2021-07-20,Tripura,25.105706335695654,90.77487597205278,78.08,184.48,513.37,26.8,0.352,0.364,1002.14,92.9,7.4,351.6,50,0
CTRL_PLAIN_115,2021-07-20,Tripura,26.467277401839304,93.56031837339425,29.4,63.8,99.28,25.6,0.379,0.331,980.02,280.4,7.27,170.8,50,0
CTRL_PLAIN_116,2021-07-20,Meghalaya,26.31904710310615,91.67626509662722,29.35,67.08,142.92,27.3,0.273,0.441,1008.87,36.5,5.58,333.0,10,0
CTRL_PLAIN_117,2021-07-20,Manipur,27.561955375548155,90.57976508784786,36.08,69.01,121.45,26.5,0.428,0.293,1000.41,107.4,0.91,82.0,40,0
CTRL_PLAIN_118,2021-07-20,Meghalaya,24.54600599739281,93.40660546617312,31.36,58.29,107.87,26.4,0.317,0.286,1002.76,87.7,2.86,164.8,50,0
CTRL_PLAIN_119,2021-07-20,Meghalaya,27.420016086986728,90.34589732920217,42.47,70.36,178.22,26.5,0.441,0.443,991.94,178.9,5.73,79.1,10,0
CTRL_PLAIN_120,2021-07-20,Meghalaya,27.56729051254629,92.36708652812995,60.9,92.23,189.68,25.6,0.425,0.325,972.18,347.6,1.7,170.5,50,0
CTRL_PLAIN_121,2021-07-20,Tripura,27.285165283024288,91.80976547286764,14.86,37.02,90.83,25.4,0.351,0.357,969.91,367.2,6.75,150.4,30,0
CTRL_PLAIN_122,2021-07-20,Tripura,25.21934640889772,92.81321795163402,54.73,94.03,184.86,23.1,0.298,0.46,1007.07,51.6,5.67,249.5,30,0
CTRL_PLAIN_123,2021-07-20,Assam,24.282794367816425,93.57373776110263,87.34,147.16,387.47,23.0,0.375,0.407,967.15,391.0,3.53,49.9,30,0
CTRL_PLAIN_124,2021-07-20,Manipur,26.943043140537835,90.21924670084526,86.79,183.34,412.11,26.7,0.291,0.403,986.9,221.7,2.29,271.0,50,0
CTRL_PLAIN_125,2021-07-20,Manipur,24.553623228706467,91.33971870656707,78.1,145.7,251.75,27.3,0.362,0.292,971.05,357.4,0.92,131.6,50,0
CTRL_PLAIN_126,2021-07-20,Assam,26.72090695568708,91.10858133597553,105.82,233.1,577.88,28.4,0.402,0.338,981.63,266.6,5.56,270.8,10,0
CTRL_PLAIN_127,2021-07-20,Assam,27.1996154687794,93.78146128932306,101.25,199.48,437.16,25.7,0.415,0.442,993.97,161.7,3.45,180.5,50,0
CTRL_PLAIN_128,2021-07-20,Assam,25.985314939930976,93.49997255814839,52.98,88.94,244.21,23.7,0.265,0.31,1002.29,91.6,6.64,31.4,50,0
CTRL_PLAIN_129,2021-07-20,Assam,27.33979007445123,92.07848193182564,24.52,45.28,94.05,23.4,0.379,0.332,997.56,131.4,7.27,194.9,50,0
CTRL_PLAIN_130,2021-07-20,Manipur,27.59312769142831,91.2259800187271,45.89,96.06,231.11,24.8,0.418,0.36,992.24,176.4,2.64,232.6,50,0
CTRL_PLAIN_131,2021-07-20,Manipur,25.140986328789012,93.89282435701368,103.01,169.8,317.47,24.0,0.441,0.391,1000.56,106.2,2.85,103.7,10,0
CTRL_PLAIN_132,2021-07-20,Tripura,24.591776858953086,91.79371638714869,73.2,142.07,281.38,27.0,0.291,0.407,1003.52,81.3,0.97,357.8,50,0
CTRL_PLAIN_133,2021-07-20,Tripura,27.902404144627123,91.32512258432043,112.42,255.03,696.77,28.8,0.436,0.308,986.77,222.8,1.0,9.0,10,0
CTRL_PLAIN_134,2021-07-20,Manipur,24.44926249181153,91.91592493355795,117.88,244.45,413.42,25.7,0.363,0.443,989.44,200.1,2.24,339.8,30,0
CTRL_PLAIN_135,2021-07-20,Assam,26.105735368196484,93.12513342308,54.18,126.83,263.78,26.8,0.268,0.29,1004.51,73.0,4.18,110.9,10,0
CTRL_PLAIN_136,2021-07-20,Manipur,27.77360865640782,93.63378780087132,84.48,207.62,574.81,26.6,0.329,0.368,1001.96,94.4,0.72,305.8,10,0
CTRL_PLAIN_137,2021-07-20,Manipur,26.911413427823927,91.77688144867204,52.47,79.34,154.59,26.4,0.312,0.36,992.86,171.1,5.4,154.0,50,0
CTRL_PLAIN_138,2021-07-20,Meghalaya,25.21292455418745,93.95352971159,116.74,224.59,598.61,23.5,0.278,0.386,974.76,325.4,2.24,290.0,50,0
CTRL_PLAIN_139,2021-07-20,Manipur,24.79703024584074,93.32913489287405,19.73,37.67,101.28,27.3,0.333,0.38,1007.84,45.1,7.2,272.2,50,0
CTRL_PLAIN_140,2021-07-20,Manipur,25.20067763197501,92.56222083670625,101.8,183.64,408.98,23.0,0.343,0.285,985.86,230.5,0.41,297.4,50,0
CTRL_PLAIN_141,2021-07-20,Meghalaya,26.395565293597148,91.44703804198103,29.73,71.55,167.3,26.0,0.256,0.418,1005.2,67.2,5.03,103.6,40,0
CTRL_PLAIN_142,2021-07-20,Meghalaya,26.326617987707568,90.5845484828854,62.36,136.83,226.52,28.1,0.353,0.384,985.35,234.9,6.53,226.1,50,0
CTRL_PLAIN_143,2021-07-20,Meghalaya,26.055465972239222,93.06576975071519,39.99,76.76,206.16,26.2,0.321,0.332,971.46,353.8,1.1,58.8,40,0
CTRL_PLAIN_144,2021-07-20,Tripura,24.383333639336236,92.32018656586496,45.49,82.62,214.69,27.2,0.41,0.329,976.49,310.6,4.53,60.2,50,0
CTRL_PLAIN_145,2021-07-20,Tripura,27.180426952155134,92.23462085763896,63.34,116.57,312.88,24.3,0.27,0.308,1010.26,24.9,3.93,134.3,50,0
CTRL_PLAIN_146,2021-07-20,Assam,26.092484437334225,93.88044581836597,24.44,37.08,72.41,25.7,0.388,0.305,991.98,178.6,6.88,42.0,10,0
CTRL_PLAIN_147,2021-07-20,Tripura,25.699220290506425,93.0520947511205,34.46,81.22,136.86,23.8,0.295,0.303,978.92,289.8,0.31,293.2,40,0
CTRL_PLAIN_148,2021-07-20,Assam,24.17312598425887,91.20658322178085,14.68,23.6,59.73,23.7,0.353,0.291,1007.32,49.5,5.83,272.6,50,0
CTRL_PLAIN_149,2021-07-20,Assam,27.79516642033313,91.39134616709362,32.59,78.25,136.17,28.1,0.32,0.296,976.94,306.7,5.89,331.2,50,0
CTRL_PLAIN_150,2021-07-20,Tripura,24.68709385101975,93.01607148459931,65.54,102.79,263.7,27.3,0.403,0.375,972.49,345.0,5.88,220.7,50,0
CTRL_PLAIN_151,2021-07-20,Assam,27.338968615377617,93.92520449696823,65.46,144.52,285.63,28.7,0.368,0.359,967.27,390.0,0.83,77.0,50,0
CTRL_PLAIN_152,2021-07-20,Meghalaya,26.888546289223687,90.32899178052293,118.31,192.09,315.68,27.2,0.277,0.417,1001.13,101.4,1.78,40.6,10,0
CTRL_PLAIN_153,2021-07-20,Meghalaya,27.42709499805001,93.57901858809764,44.32,109.74,227.95,28.1,0.361,0.332,1005.59,64.0,2.2,216.1,50,0
CTRL_PLAIN_154,2021-07-20,Meghalaya,25.60249715134612,92.36222892932805,84.16,182.8,368.39,23.7,0.355,0.402,968.78,376.9,2.82,4.6,80,0
CTRL_PLAIN_155,2021-07-20,Assam,26.900802001330558,91.11407332911543,50.01,84.97,149.58,24.4,0.419,0.353,977.53,301.7,6.7,60.7,80,0
CTRL_PLAIN_156,2021-07-20,Manipur,24.43214667207569,91.0027594414157,49.17,106.54,291.41,23.9,0.448,0.372,976.86,307.4,6.03,339.6,80,0
CTRL_PLAIN_157,2021-07-20,Meghalaya,24.610946604691524,92.48786704609492,91.16,212.43,456.21,26.6,0.255,0.312,1000.38,107.7,7.07,10.7,50,0
CTRL_PLAIN_158,2021-07-20,Assam,26.18648013525219,93.81032197964088,64.14,126.1,237.27,26.3,0.35,0.371,976.69,308.9,4.99,187.2,10,0
CTRL_PLAIN_159,2021-07-20,Assam,27.538800916256285,90.65657697592614,59.51,140.02,290.59,27.0,0.257,0.312,966.52,396.5,6.61,42.9,50,0
CTRL_PLAIN_160,2021-07-20,Meghalaya,26.0267401950281,91.56553927848908,22.03,47.92,113.0,25.9,0.387,0.383,1004.74,71.1,5.4,175.5,50,0
CTRL_URBAN_1,2021-06-10,Sikkim,24.756396127297492,92.73282018823738,35.66,71.32,124.81,16.5,0.243,0.229,878.12,1191.0,10.67,243.5,50,0
CTRL_URBAN_2,2021-06-10,Arunachal Pradesh,25.82248001164539,92.49522786192033,8.89,17.78,31.12,18.1,0.252,0.27,940.17,626.9,18.37,122.9,50,0
CTRL_URBAN_3,2021-06-10,Nagaland,25.421818772819158,93.7267370435964,17.2,34.4,60.2,19.0,0.251,0.223,877.96,1192.5,18.66,23.6,50,0
CTRL_URBAN_4,2021-06-10,Arunachal Pradesh,25.144842737503925,92.19545134616385,23.79,47.58,83.27,19.4,0.203,0.264,886.3,1114.8,11.32,7.3,50,0
CTRL_URBAN_5,2021-06-10,Sikkim,25.2266686107133,92.87198226454494,25.11,50.22,87.88,16.7,0.315,0.268,931.92,700.1,15.13,120.9,50,0
CTRL_URBAN_6,2021-06-10,Sikkim,25.6470413863961,93.60920603909919,39.01,78.02,136.53,14.8,0.232,0.257,873.38,1235.4,19.61,27.1,50,0
CTRL_URBAN_7,2021-06-10,Arunachal Pradesh,25.450536734269647,92.41947831731017,8.79,17.58,30.76,20.8,0.251,0.229,861.99,1342.9,6.38,303.9,50,0
CTRL_URBAN_8,2021-06-10,Meghalaya,25.74992775194897,92.90645721065343,22.32,44.64,78.12,19.4,0.281,0.248,871.66,1251.5,9.53,289.5,50,0
CTRL_URBAN_9,2021-06-10,Arunachal Pradesh,25.98441602197443,92.93459062677526,39.51,79.02,138.28,21.8,0.287,0.25,922.92,780.6,5.28,253.2,50,0
CTRL_URBAN_10,2021-06-10,Arunachal Pradesh,25.424973370846267,92.48074789569486,42.39,84.78,148.37,17.2,0.309,0.228,855.06,1408.9,17.79,326.5,50,0
CTRL_URBAN_11,2021-06-10,Nagaland,25.074089194030204,92.32116862023543,41.45,82.9,145.08,18.6,0.295,0.338,851.38,1444.1,11.15,309.7,50,0
CTRL_URBAN_12,2021-06-10,Arunachal Pradesh,26.482586211504533,92.84403825770202,6.11,12.22,21.39,18.9,0.32,0.263,916.76,836.1,8.58,54.0,50,0
CTRL_URBAN_13,2021-06-10,Meghalaya,24.584464743193788,93.44494799503448,36.59,73.18,128.06,20.9,0.242,0.297,920.54,802.0,9.09,10.5,50,0
CTRL_URBAN_14,2021-06-10,Meghalaya,25.843344146869043,93.77143870428661,16.92,33.84,59.22,22.4,0.21,0.354,936.96,655.3,18.45,113.0,50,0
CTRL_URBAN_15,2021-06-10,Sikkim,26.157963165349063,93.8993490006792,9.48,18.96,33.18,16.1,0.31,0.351,841.09,1543.2,15.86,50.6,50,0
CTRL_URBAN_16,2021-06-10,Arunachal Pradesh,25.279901337710644,93.49674845850407,9.89,19.78,34.62,19.5,0.321,0.266,915.02,851.8,18.27,85.7,50,0
CTRL_URBAN_17,2021-06-10,Mizoram,24.611850805436948,93.0669399406717,13.56,27.12,47.46,24.2,0.241,0.277,841.88,1535.5,8.27,38.5,50,0
CTRL_URBAN_18,2021-06-10,Meghalaya,25.931342458244252,93.6427307323839,43.53,87.06,152.36,19.2,0.332,0.351,907.89,916.5,11.36,245.8,50,0
CTRL_URBAN_19,2021-06-10,Meghalaya,25.843197185392317,92.50596579242837,34.58,69.16,121.03,22.5,0.32,0.228,872.31,1245.4,18.58,12.5,50,0
CTRL_URBAN_20,2021-06-10,Sikkim,25.27694202971259,93.81957819999379,37.49,74.98,131.22,18.1,0.218,0.341,908.68,909.3,19.38,130.6,50,0
CTRL_URBAN_21,2021-06-10,Sikkim,24.820454462109367,92.8776916955613,42.45,84.9,148.58,18.2,0.314,0.262,842.71,1527.5,18.77,108.3,50,0
CTRL_URBAN_22,2021-06-10,Nagaland,25.442182566776008,92.8259226370826,6.36,12.72,22.26,22.6,0.33,0.335,847.69,1479.5,16.5,146.3,50,0
CTRL_URBAN_23,2021-06-10,Nagaland,25.704231884021038,93.62685609680008,37.98,75.96,132.93,19.1,0.305,0.291,864.68,1317.4,18.15,295.3,50,0
CTRL_URBAN_24,2021-06-10,Nagaland,25.301323699952295,93.25659254648608,30.66,61.32,107.31,17.8,0.295,0.331,892.95,1053.3,5.41,18.8,50,0
CTRL_URBAN_25,2021-06-10,Nagaland,25.688032249894043,92.8206324099398,33.54,67.08,117.39,17.8,0.315,0.311,879.75,1175.8,6.66,89.9,50,0
CTRL_URBAN_26,2021-06-10,Nagaland,24.668797901488787,92.73519912633135,11.94,23.88,41.79,18.7,0.289,0.266,893.15,1051.5,18.1,48.1,50,0
CTRL_URBAN_27,2021-06-10,Sikkim,25.753254715035965,93.81368956102396,13.98,27.96,48.93,16.9,0.342,0.349,848.01,1476.4,19.17,318.4,50,0
CTRL_URBAN_28,2021-06-10,Sikkim,25.235840308221025,93.89448701690499,21.04,42.08,73.64,13.5,0.264,0.256,920.95,798.3,15.52,60.8,50,0
CTRL_URBAN_29,2021-06-10,Meghalaya,24.90629072771287,93.89210465344692,42.13,84.26,147.46,18.3,0.324,0.289,941.62,614.1,12.89,278.4,50,0
CTRL_URBAN_30,2021-06-10,Nagaland,25.854377302368928,92.83666198224381,39.25,78.5,137.38,18.7,0.29,0.359,911.02,888.0,12.41,46.9,50,0
CTRL_URBAN_31,2021-06-10,Sikkim,25.794471136602226,92.17147734776617,14.42,28.84,50.47,16.5,0.268,0.255,856.77,1392.5,5.43,351.4,50,0
CTRL_URBAN_32,2021-06-10,Sikkim,25.012451187864773,92.19055884416402,32.47,64.94,113.64,17.4,0.307,0.319,928.21,733.2,9.85,249.5,50,0
CTRL_URBAN_33,2021-06-10,Meghalaya,25.919131930891304,93.61970590122807,19.17,38.34,67.09,21.8,0.291,0.314,937.33,652.1,18.97,169.5,50,0
CTRL_URBAN_34,2021-06-10,Meghalaya,25.660973819782917,92.52058330431382,20.79,41.58,72.77,20.4,0.256,0.356,914.81,853.7,14.29,108.9,50,0
CTRL_URBAN_35,2021-06-10,Arunachal Pradesh,25.126539216103588,93.95703320395755,8.59,17.18,30.06,17.6,0.307,0.281,888.68,1092.8,10.09,168.5,50,0
CTRL_URBAN_36,2021-06-10,Sikkim,26.023127837877226,92.52751588101644,42.05,84.1,147.17,16.7,0.242,0.343,848.5,1471.7,17.52,269.2,50,0
CTRL_URBAN_37,2021-06-10,Nagaland,25.7733043849203,92.87997919400368,24.65,49.3,86.27,22.5,0.343,0.298,894.85,1035.8,7.47,265.3,50,0
CTRL_URBAN_38,2021-06-10,Mizoram,26.354412682278614,92.08158341708064,15.41,30.82,53.94,25.0,0.306,0.281,926.49,748.6,8.45,12.9,50,0
CTRL_URBAN_39,2021-06-10,Nagaland,24.907467422905164,92.56823289663575,9.5,19.0,33.25,19.1,0.308,0.241,836.39,1588.8,13.41,164.8,50,0
CTRL_URBAN_40,2021-06-10,Mizoram,26.03369525925499,92.36113769436507,31.53,63.06,110.36,19.0,0.232,0.36,861.25,1349.9,17.34,202.8,50,0
CTRL_URBAN_41,2021-06-10,Meghalaya,25.247116619204558,93.85829688535958,18.15,36.3,63.52,17.7,0.243,0.357,915.64,846.2,12.47,33.9,50,0
CTRL_URBAN_42,2021-06-10,Meghalaya,25.688408518701884,92.01161072149019,38.23,76.46,133.8,22.7,0.299,0.284,852.12,1437.0,7.31,29.2,50,0
CTRL_URBAN_43,2021-06-10,Meghalaya,24.922733722079975,92.09736449720796,34.26,68.52,119.91,20.4,0.31,0.354,871.17,1256.2,19.26,117.0,50,0
CTRL_URBAN_44,2021-06-10,Nagaland,26.430098619623145,93.73103102145966,43.08,86.16,150.78,18.1,0.257,0.276,907.15,923.2,5.83,25.5,50,0
CTRL_URBAN_45,2021-06-10,Meghalaya,25.097093321246582,93.60220084238587,21.1,42.2,73.85,17.9,0.297,0.354,940.9,620.5,8.12,139.9,50,0
CTRL_URBAN_46,2021-06-10,Nagaland,25.27617905253827,92.53695880715634,8.84,17.68,30.94,19.7,0.255,0.248,845.18,1503.7,14.05,129.3,50,0
CTRL_URBAN_47,2021-06-10,Arunachal Pradesh,25.183489694793103,92.9270497512287,29.55,59.1,103.42,16.2,0.265,0.28,896.23,1023.1,16.35,292.0,50,0
CTRL_URBAN_48,2021-06-10,Mizoram,24.658366261530038,93.60308938440102,26.09,52.18,91.31,21.8,0.297,0.232,872.08,1247.6,15.7,335.0,50,0
CTRL_URBAN_49,2021-06-10,Nagaland,24.653065039475294,92.09018980731688,38.66,77.32,135.31,17.3,0.278,0.261,926.49,748.6,6.92,325.0,50,0
CTRL_URBAN_50,2021-06-10,Meghalaya,26.037293545953105,92.03253738751911,33.81,67.62,118.34,20.5,0.322,0.27,886.74,1110.7,11.2,167.3,50,0
CTRL_URBAN_51,2021-06-10,Sikkim,25.409996297320042,93.34051973298115,8.33,16.66,29.16,16.5,0.332,0.262,923.03,779.6,7.73,141.5,50,0
CTRL_URBAN_52,2021-06-10,Arunachal Pradesh,25.01863534557247,93.3468175248255,37.4,74.8,130.9,21.9,0.232,0.231,855.17,1407.8,10.12,330.5,50,0
CTRL_URBAN_53,2021-06-10,Sikkim,26.431607615116935,93.2037748802589,11.87,23.74,41.54,18.2,0.272,0.317,884.19,1134.4,5.09,42.0,50,0
CTRL_URBAN_54,2021-06-10,Sikkim,24.675270261244318,92.27022789439374,32.63,65.26,114.21,17.8,0.344,0.315,909.39,902.8,17.2,222.0,50,0
CTRL_URBAN_55,2021-06-10,Mizoram,25.371576947600985,93.2521183022587,39.36,78.72,137.76,22.9,0.231,0.311,930.6,711.9,5.24,349.4,50,0
CTRL_URBAN_56,2021-06-10,Arunachal Pradesh,25.905196211416513,93.92773374147782,23.96,47.92,83.86,16.9,0.203,0.243,921.78,790.9,9.51,166.8,50,0
CTRL_URBAN_57,2021-06-10,Sikkim,24.705327043390422,93.69525906016071,16.79,33.58,58.77,15.0,0.324,0.275,941.0,619.6,11.74,87.3,50,0
CTRL_URBAN_58,2021-06-10,Sikkim,25.472201921244796,93.18207855112276,28.83,57.66,100.91,15.9,0.283,0.261,837.34,1579.5,17.73,265.3,50,0
CTRL_URBAN_59,2021-06-10,Arunachal Pradesh,25.606511370293955,92.53569774170037,14.28,28.56,49.98,19.5,0.209,0.223,841.9,1535.3,18.58,312.3,50,0
CTRL_URBAN_60,2021-06-10,Sikkim,25.952418270590922,92.93848087405931,30.85,61.7,107.98,14.0,0.267,0.281,846.69,1489.1,6.75,224.2,50,0
CTRL_URBAN_61,2021-06-10,Sikkim,24.76231713418921,92.58678808395557,18.57,37.14,65.0,16.9,0.29,0.338,917.2,832.1,8.3,327.3,50,0
CTRL_URBAN_62,2021-06-10,Sikkim,25.743684756863246,92.56491443053928,34.38,68.76,120.33,18.1,0.319,0.332,839.37,1559.8,17.5,242.3,50,0
CTRL_URBAN_63,2021-06-10,Meghalaya,25.10730378679512,92.4188658827071,29.23,58.46,102.31,23.0,0.215,0.278,870.01,1267.1,6.94,71.8,50,0
CTRL_URBAN_64,2021-06-10,Meghalaya,26.11363108551004,92.6754695092234,32.08,64.16,112.28,20.0,0.226,0.34,835.31,1599.3,10.38,93.9,50,0
CTRL_URBAN_65,2021-06-10,Meghalaya,26.25542729432914,92.53498247111317,15.31,30.62,53.59,17.3,0.251,0.27,875.28,1217.6,6.81,80.7,50,0
CTRL_URBAN_66,2021-06-10,Mizoram,26.425294218087153,93.5115286724408,9.17,18.34,32.09,23.8,0.208,0.352,850.41,1453.4,18.11,217.5,50,0
CTRL_URBAN_67,2021-06-10,Meghalaya,24.736118702156386,92.41077245639244,9.07,18.14,31.75,18.0,0.284,0.291,857.91,1381.7,14.14,309.0,50,0
CTRL_URBAN_68,2021-06-10,Nagaland,25.169215050625215,92.27554492835677,25.24,50.48,88.34,20.9,0.31,0.234,925.55,757.0,9.38,158.9,50,0
CTRL_URBAN_69,2021-06-10,Mizoram,24.670467723399632,92.7448727148056,14.81,29.62,51.84,22.0,0.321,0.268,894.49,1039.1,11.24,276.9,50,0
CTRL_URBAN_70,2021-06-10,Sikkim,25.326818837493956,92.81861863878467,35.14,70.28,122.99,17.8,0.263,0.252,903.05,960.6,14.97,54.6,50,0
CTRL_URBAN_71,2021-06-10,Sikkim,25.53469739770357,92.1391623777863,42.75,85.5,149.62,17.3,0.266,0.328,840.2,1551.8,12.74,245.6,50,0
CTRL_URBAN_72,2021-06-10,Nagaland,26.30502226314779,92.11561965909202,7.46,14.92,26.11,20.8,0.314,0.312,908.07,914.8,19.73,59.2,50,0
CTRL_URBAN_73,2021-06-10,Arunachal Pradesh,25.188314721106025,93.65400711118848,33.03,66.06,115.61,17.9,0.331,0.321,838.04,1572.7,11.29,318.9,50,0
CTRL_URBAN_74,2021-06-10,Arunachal Pradesh,25.38428763594435,92.69050122630112,30.76,61.52,107.66,19.7,0.333,0.307,876.04,1210.4,7.2,145.4,50,0
CTRL_URBAN_75,2021-06-10,Sikkim,25.540939405440152,93.08158044940126,26.5,53.0,92.75,18.3,0.258,0.321,858.57,1375.4,18.21,30.3,50,0
CTRL_URBAN_76,2021-06-10,Mizoram,25.685007203499826,92.48267955828054,35.28,70.56,123.48,23.8,0.224,0.224,932.74,692.8,13.28,187.7,50,0
CTRL_URBAN_77,2021-06-10,Nagaland,24.59546574587464,93.30192483874177,7.4,14.8,25.9,19.1,0.256,0.308,863.72,1326.5,19.8,39.8,50,0
CTRL_URBAN_78,2021-06-10,Meghalaya,25.92929424188046,93.875078851398,18.56,37.12,64.96,20.5,0.235,0.324,893.45,1048.7,13.59,1.9,50,0
CTRL_URBAN_79,2021-06-10,Arunachal Pradesh,25.2553314495037,93.47502464425017,31.68,63.36,110.88,16.8,0.322,0.3,851.33,1444.5,8.51,107.7,50,0
CTRL_URBAN_80,2021-06-10,Meghalaya,24.66389432686938,92.12438734508882,19.45,38.9,68.08,22.0,0.215,0.32,906.64,927.8,13.74,296.2,50,0
CTRL_URBAN_81,2021-06-10,Mizoram,25.027387419109104,92.99765461141558,26.05,52.1,91.17,21.4,0.288,0.293,890.46,1076.3,11.69,132.9,50,0
CTRL_URBAN_82,2021-06-10,Sikkim,25.469528804885606,92.91542560054936,34.27,68.54,119.95,16.0,0.263,0.243,835.59,1596.5,15.34,341.2,50,0
CTRL_URBAN_83,2021-06-10,Arunachal Pradesh,26.403643505554886,93.20320042747733,23.93,47.86,83.75,18.2,0.312,0.352,849.37,1463.3,6.77,76.6,50,0
CTRL_URBAN_84,2021-06-10,Sikkim,25.08796258994826,92.05595557080512,25.91,51.82,90.69,15.2,0.218,0.263,930.78,710.3,10.54,104.3,50,0
CTRL_URBAN_85,2021-06-10,Mizoram,25.477587312491025,92.24465581100489,40.77,81.54,142.7,23.9,0.333,0.25,927.22,742.1,13.84,17.5,50,0
CTRL_URBAN_86,2021-06-10,Nagaland,26.168919976354143,93.66736693092749,17.39,34.78,60.87,19.3,0.268,0.267,935.58,667.6,5.67,173.2,50,0
CTRL_URBAN_87,2021-06-10,Mizoram,26.099623242389715,93.32900462483748,23.0,46.0,80.5,21.0,0.267,0.341,859.98,1362.0,12.57,165.9,50,0
CTRL_URBAN_88,2021-06-10,Sikkim,24.677059782534144,92.33122956316484,6.83,13.66,23.91,14.7,0.301,0.282,900.14,987.2,18.5,122.0,50,0
CTRL_URBAN_89,2021-06-10,Meghalaya,25.737408109632646,93.1537111663463,27.44,54.88,96.04,18.2,0.219,0.298,880.15,1172.0,16.94,254.7,50,0
CTRL_URBAN_90,2021-06-10,Meghalaya,26.42475353209635,92.54992505590256,25.11,50.22,87.88,20.2,0.203,0.312,839.63,1557.3,12.83,270.2,50,0
CTRL_URBAN_91,2021-06-10,Mizoram,24.589967287949815,93.72394867142809,22.77,45.54,79.69,21.4,0.321,0.305,915.74,845.3,15.58,319.6,50,0
CTRL_URBAN_92,2021-06-10,Meghalaya,25.58355854702228,92.57070344901136,26.12,52.24,91.42,22.9,0.257,0.233,905.31,940.0,7.71,8.7,50,0
CTRL_URBAN_93,2021-06-10,Mizoram,24.554342384834598,92.11700356450713,21.29,42.58,74.52,21.0,0.225,0.306,914.6,855.6,6.34,110.4,50,0
CTRL_URBAN_94,2021-06-10,Sikkim,24.979245927216617,93.19400923827334,15.32,30.64,53.62,13.3,0.341,0.346,932.08,698.7,7.14,321.5,50,0
CTRL_URBAN_95,2021-06-10,Mizoram,25.46834301991621,92.81498757948788,9.6,19.2,33.6,21.4,0.209,0.285,888.65,1093.0,16.29,138.6,50,0
CTRL_URBAN_96,2021-06-10,Mizoram,24.751142685184075,93.1364912749342,28.45,56.9,99.58,22.9,0.215,0.327,844.14,1513.7,5.28,199.5,50,0
CTRL_URBAN_97,2021-06-10,Sikkim,25.575071259626935,92.84750491323102,43.72,87.44,153.02,17.7,0.256,0.358,933.74,683.9,14.54,73.2,50,0
CTRL_URBAN_98,2021-06-10,Arunachal Pradesh,26.367013632086078,92.96437251975094,38.17,76.34,133.59,16.0,0.243,0.356,893.12,1051.7,5.02,167.3,50,0
CTRL_URBAN_99,2021-06-10,Arunachal Pradesh,24.82283261029695,93.06817857270065,38.7,77.4,135.45,17.7,0.232,0.338,915.12,850.9,15.2,359.7,50,0
CTRL_URBAN_100,2021-06-10,Meghalaya,25.72089061893255,93.91483434739793,10.59,21.18,37.06,19.6,0.283,0.259,909.63,900.6,10.93,44.3,50,0
CTRL_URBAN_101,2021-06-10,Nagaland,25.143276502812352,92.42124778717458,44.19,88.38,154.66,21.0,0.306,0.258,847.23,1483.9,19.18,228.7,50,0
CTRL_URBAN_102,2021-06-10,Arunachal Pradesh,24.84707204123084,93.11158130906922,41.89,83.78,146.62,16.1,0.291,0.221,906.57,928.5,18.71,48.1,50,0
CTRL_URBAN_103,2021-06-10,Sikkim,25.843226156311882,93.34449182634675,30.96,61.92,108.36,18.0,0.212,0.224,859.92,1362.5,13.07,283.4,50,0
CTRL_URBAN_104,2021-06-10,Nagaland,24.749527729491778,92.74096128249538,20.47,40.94,71.64,22.9,0.326,0.334,838.12,1572.0,10.65,216.5,50,0
CTRL_URBAN_105,2021-06-10,Mizoram,25.72688541747982,92.60635706496856,16.25,32.5,56.88,19.5,0.338,0.27,893.89,1044.6,8.32,7.1,50,0
CTRL_URBAN_106,2021-06-10,Mizoram,24.892173588041416,93.64224694130475,16.23,32.46,56.8,20.3,0.336,0.319,916.96,834.3,12.41,130.7,50,0
CTRL_URBAN_107,2021-06-10,Sikkim,25.705945097880665,92.35105767943503,11.82,23.64,41.37,17.0,0.229,0.323,930.71,710.9,9.16,180.1,50,0
CTRL_URBAN_108,2021-06-10,Arunachal Pradesh,24.883703095431137,93.35595743392582,27.8,55.6,97.3,20.7,0.234,0.293,928.77,728.2,5.98,93.5,50,0
CTRL_URBAN_109,2021-06-10,Arunachal Pradesh,26.207719623129954,92.64599852908475,5.08,10.16,17.78,19.9,0.264,0.314,875.61,1214.5,15.21,317.9,50,0
CTRL_URBAN_110,2021-06-10,Sikkim,25.055866061425082,92.84012413818256,19.46,38.92,68.11,14.3,0.314,0.344,912.57,874.0,15.2,168.0,50,0
CTRL_URBAN_111,2021-06-10,Sikkim,25.87909792995185,93.91555136553109,40.2,80.4,140.7,14.4,0.321,0.359,907.92,916.2,10.88,120.5,50,0
CTRL_URBAN_112,2021-06-10,Mizoram,26.094441810642138,93.87012160322521,30.01,60.02,105.04,19.1,0.204,0.28,921.11,796.9,9.94,22.6,50,0
CTRL_URBAN_113,2021-06-10,Nagaland,24.645821672316632,93.19992941051076,38.3,76.6,134.05,18.4,0.323,0.293,915.53,847.2,12.1,345.2,50,0
CTRL_URBAN_114,2021-06-10,Sikkim,26.195384289225395,92.1300564375914,8.42,16.84,29.47,14.9,0.209,0.225,859.76,1364.1,14.38,208.4,50,0
CTRL_URBAN_115,2021-06-10,Mizoram,24.60440628670032,93.69985862644695,29.43,58.86,103.0,19.3,0.265,0.234,936.21,662.0,17.04,19.7,50,0
CTRL_URBAN_116,2021-06-10,Sikkim,26.09032935542026,93.75987633496837,28.98,57.96,101.43,15.3,0.299,0.221,932.41,695.8,16.28,83.9,50,0
CTRL_URBAN_117,2021-06-10,Arunachal Pradesh,24.524577164578066,93.42659878831424,6.04,12.08,21.14,16.6,0.278,0.302,931.79,701.3,14.76,243.3,50,0
CTRL_URBAN_118,2021-06-10,Arunachal Pradesh,25.38924862721448,92.48630495574582,30.49,60.98,106.71,20.3,0.238,0.279,857.1,1389.4,7.9,206.4,50,0
CTRL_URBAN_119,2021-06-10,Meghalaya,26.050991328740487,92.29481812521105,43.39,86.78,151.87,22.3,0.313,0.264,936.38,660.5,9.68,156.9,50,0
CTRL_URBAN_120,2021-06-10,Nagaland,26.138367575931177,93.11889983503077,25.71,51.42,89.98,18.4,0.299,0.24,876.8,1203.3,9.37,349.3,50,0
