event_id,event_date,event_title,location_description,ner_state,landslide_category,landslide_trigger,landslide_size,landslide_setting,fatality_count,injury_count,longitude,latitude,rainfall_24h_mm,rainfall_3d_mm,rainfall_7d_mm,temperature_c,soil_water_layer_1,soil_water_layer_2,surface_pressure_hpa,elevation_m,slope_degree,aspect_degree,landcover_code,landcover_class,landslide_occurred
78,2007-05-23 00:00:00,"Pangthang, on road b/t Gangtok and North Sikkim","Pangthang, on road b/t Gangtok and North Sikkim",Sikkim,landslide,rain,medium,unknown,,,88.6069,27.3383,161.4862084388733,453.4216821193695,1032.8895896673205,20.027520751953148,0.4261004030704498,0.4281488955020904,845.854609375,1469.758056640625,17.94398388888501,255.26301919686688,50,Built-up,1
126,2007-07-16 00:00:00,Bardang near Singtam,Bardang near Singtam,Sikkim,mudslide,rain,medium,unknown,,,88.38,27.1499,110.06052792072296,350.1109704375267,2540.276609361172,21.981835937500023,0.4205036163330078,0.4161230623722076,882.796484375,1178.104248046875,18.460045659504644,338.49080778614706,10,Tree cover,1
130,2007-07-19 00:00:00,Guwahati,Guwahati,Assam,landslide,rain,medium,unknown,6.0,,91.7986,26.1699,156.07595443725586,652.4329036474228,1926.15170776844,27.2180114746094,0.4770622253417969,0.4885082244873047,989.247109375,139.7529296875,1.150776366449367,273.2570413768472,10,Tree cover,1
141,2007-07-26 00:00:00,Singtam,Singtam,Meghalaya,landslide,rain,medium,unknown,,,91.88,25.38,1224.6181964874268,3381.230592727661,5833.229452371597,18.6882263183594,0.4831199645996094,0.5003795623779297,865.689921875,1183.9072265625,26.729171644206307,78.28908991352984,10,Tree cover,1
142,2007-07-27 00:00:00,Tura,Tura,Meghalaya,rock_fall,rain,large,unknown,8.0,,90.232,25.5212,788.2771492004395,2222.381293773651,3107.390414923429,23.7468200683594,0.4871457517147064,0.4984283447265625,970.563046875,556.3187866210938,18.161223331691836,296.6346602080793,10,Tree cover,1
148,2007-07-30 00:00:00,Saiha,Saiha,Mizoram,landslide,downpour,medium,unknown,,,92.967,22.479,21.59593254327774,89.92395922541618,675.3991432487965,22.741143798828148,0.3917592465877533,0.397641509771347,917.197734375,,,,10,Tree cover,1
147,2007-07-30 00:00:00,Lawngtlai,Lawngtlai,Mizoram,landslide,downpour,medium,unknown,,,92.899,22.533,30.84084764122963,111.772071570158,741.8844290077686,23.652856445312523,0.3955300748348236,0.3994897305965423,935.905234375,,,,30,Grassland,1
211,2007-08-26 00:00:00,Tamenglong,Tamenglong,Manipur,mudslide,continuous_rain,medium,unknown,1.0,,93.55,24.9667,837.2078537940979,1272.4179476499555,1611.5845181047916,20.445428466796898,0.4262428283691406,0.4268805086612701,899.217265625,593.2677001953125,9.033307194090469,272.87453137637533,10,Tree cover,1
213,2007-08-26 00:00:00,Shillong Road at Kuliang in the Jaintia Hills,Shillong Road at Kuliang in the Jaintia Hills,Assam,landslide,rain,medium,unknown,,,92.8339,25.2946,790.7280921936035,1416.895940899849,1826.3589665293691,21.405145263671898,0.495981216430664,0.4998607635498047,907.623515625,866.6158447265625,8.047162645630273,28.22589519606862,30,Grassland,1
212,2007-08-26 00:00:00,National Highway No 44 at Sonarpur in Meghalaya,National Highway No 44 at Sonarpur in Meghalaya,Meghalaya,complex,rain,medium,unknown,,,91.8506,25.5576,162.37355768680573,544.0937429666519,996.3797107338904,20.743463134765648,0.4899202883243561,0.499490737915039,875.617734375,1658.1741943359375,3.944564736044552,54.566847946680696,10,Tree cover,1
215,2007-08-28 00:00:00,Phesema area at National Highway 39,Phesema area at National Highway 39,Nagaland,landslide,rain,medium,unknown,1.0,,93.9136,25.7428,287.458211183548,1916.5537059307096,2402.56941318512,22.006005859375023,0.460315078496933,0.4894174039363861,885.740859375,483.72894287109375,5.545715255344877,217.545121264143,10,Tree cover,1
220,2007-08-31 00:00:00,"Velnal village, Tamei sub-division and Toribari village (3 kilometer toward Tamei from Kangpokpi)","Velnal village, Tamei sub-division and Toribari village (3 kilometer toward Tamei from Kangpokpi)",Manipur,landslide,rain,medium,unknown,,,93.9667,25.1333,82.45778828859329,315.32134115695953,1722.3937958478928,21.7358337402344,0.4828084409236908,0.4843553006649017,878.015625,1013.5531005859376,2.1161684327771955,229.28498003057123,40,Cropland,1
247,2007-09-08 00:00:00,"Lower Shajouba village near Tadubi along NH 39, Manipur ","Lower Shajouba village near Tadubi along NH 39, Manipur ",Manipur,landslide,rain,medium,unknown,,,93.9877,25.0604,338.31778168678284,1029.5172333717346,2366.5787279605865,19.920861816406276,0.4837182462215423,0.4855995178222656,878.498359375,1451.440185546875,5.5229440656559,98.99110219232244,30,Grassland,1
251,2007-09-09 00:00:00,Hingdam village in South Sikkim,Hingdam village in South Sikkim,Sikkim,landslide,rain,medium,unknown,1.0,,88.35,27.1667,731.5124273300171,2937.6699924468994,5667.840480804443,20.042413330078148,0.4240709841251373,0.4317677915096283,873.039609375,1056.92578125,24.816828260224955,309.410111185784,10,Tree cover,1
252,2007-09-09 00:00:00,"Mao in Manipur, Phipema and Chunikhudima in Nagaland","Mao in Manipur, Phipema and Chunikhudima in Nagaland",Nagaland,landslide,rain,medium,unknown,,,94.1192,25.4993,208.5884064435959,984.1732084751128,2317.495793104172,18.799737548828148,0.4952373504638672,0.4865684509277344,833.197890625,1997.084228515625,1.322223075465551,114.42213010415014,10,Tree cover,1
255,2007-09-10 00:00:00,Wamkhu village along the Tengnoupal-Joupi road in Chandel district,Wamkhu village along the Tengnoupal-Joupi road in Chandel district,Manipur,landslide,rain,medium,unknown,,,94.0691,24.2451,120.01198530197144,327.7340158820152,2266.463540494442,22.016442871093773,0.434781402349472,0.4333133697509765,895.1190625,1243.0540771484375,16.400017157937622,136.30742401944758,10,Tree cover,1
256,2007-09-10 00:00:00,Rhodong village near Rhey in East Sikkim,Rhodong village near Rhey in East Sikkim,Sikkim,landslide,rain,medium,unknown,,,88.6236,27.3425,330.8453559875488,1675.1279830932615,4700.295448303223,19.423913574218773,0.4328536987304687,0.4345283508300781,847.7640625,2014.58447265625,14.673609009819833,178.26255295287672,10,Tree cover,1
259,2007-09-11 00:00:00,"Assam-Agartala National Highway, Sonarpur in Jayantiya hills of Meghalaya","Assam-Agartala National Highway, Sonarpur in Jayantiya hills of Meghalaya",Meghalaya,landslide,rain,medium,unknown,,,91.27,25.52,140.54465293884277,613.3539527654648,5017.802402377129,20.644708251953148,0.4817695617675781,0.4863542020320892,865.386171875,1337.01953125,1.6176414347499748,337.76361696007945,10,Tree cover,1
258,2007-09-11 00:00:00,"NH-39 at Imphal-Moreh section, Lokchao largest event","NH-39 at Imphal-Moreh section, Lokchao largest event",Manipur,landslide,rain,medium,unknown,3.0,,94.0564,24.4279,99.04000163078308,195.0954981148243,2264.5296938717365,21.475518798828148,0.4322770535945892,0.4372685849666595,889.359140625,855.2040405273438,4.749735885853616,16.25409127576404,30,Grassland,1
264,2007-09-13 00:00:00,Guwahati,Guwahati,Assam,landslide,rain,medium,unknown,,,91.8,26.1833,142.21443235874176,209.73787270486355,2395.546531304717,27.5749450683594,0.481412261724472,0.4935353696346283,993.555859375,72.29508972167969,0.8982887354826263,184.72537245283925,50,Built-up,1
269,2007-09-18 00:00:00,Geyzing-Jorethang road and Naya Bazar-Legship road,Geyzing-Jorethang road and Naya Bazar-Legship road,Sikkim,landslide,rain,medium,unknown,,,88.2816,27.2872,77.49350368976593,503.2969117164612,1534.789189696312,18.880883789062523,0.4092095792293548,0.4158363342285156,826.1909375,753.7874755859375,21.113069666591883,288.1881731233456,10,Tree cover,1
285,2007-09-29 00:00:00,"National Highway, 45 Aizwal (Mizoram)","National Highway, 45 Aizwal (Mizoram)",Mizoram,landslide,rain,medium,unknown,,,92.6921,24.1293,167.26520657539368,358.1980094313621,511.1427288502455,24.193383789062523,0.4217700958251953,0.4204006195068359,968.806015625,769.6942138671875,2.63315212487179,43.93546991991616,10,Tree cover,1
313,2007-10-16 00:00:00,"NH-39 at Piphema,  6 km towards Dimapur from Kohima in Nagaland","NH-39 at Piphema,  6 km towards Dimapur from Kohima in Nagaland",Nagaland,landslide,rain,large,unknown,,,94.0132,25.7055,349.3392765522003,824.5458602905273,1745.123740285635,17.177911376953148,0.4748077392578125,0.4717935025691986,858.124921875,1421.5885009765625,15.4376377177618,126.54285061130884,10,Tree cover,1
319,2007-10-19 00:00:00,"Maram-Purul Road, Karong Assembly Constituency of Senapati district, Manipur","Maram-Purul Road, Karong Assembly Constituency of Senapati district, Manipur",Nagaland,landslide,rain,medium,unknown,,,94.1162,25.4379,237.8521263599396,516.5746510028839,1409.0586155653,17.483575439453148,0.4850667417049408,0.4972235262393951,866.381953125,1478.8232421875,13.167278824071412,221.08207849733128,10,Tree cover,1
322,2007-10-21 00:00:00,National Highway 53 at Nungba in Tamenglong district of Manipur,National Highway 53 at Nungba in Tamenglong district of Manipur,Assam,landslide,rain,medium,unknown,,,93.4333,24.75,11.721886694431303,202.96452939510343,703.94666492939,19.4936462402344,0.4019292294979095,0.4071553647518158,940.169140625,362.1705322265625,15.483210744660209,108.05906285383467,10,Tree cover,1
545,2008-05-20 00:00:00,"A Cachar District village, near village of Srinager, Assam","A Cachar District village, near village of Srinager, Assam",Assam,mudslide,mining,medium,unknown,5.0,,92.8411,24.9849,217.48779714107516,696.2474584579468,888.0921378731728,25.337426757812523,0.4491570889949798,0.4730968475341797,985.461953125,218.9383087158203,1.7799777815955864,208.3200022113483,10,Tree cover,1
580,2008-06-09 00:00:00,"near Kuloor church, in Manipur along National Highway","near Kuloor church, in Manipur along National Highway",Manipur,landslide,monsoon,medium,unknown,,,93.9784,24.6596,106.24446719884872,441.3506761193276,764.4854560494423,23.139001464843773,0.4844010770320892,0.4872347414493561,917.301484375,777.9933471679688,0.1786267287414252,324.2351926800735,10,Tree cover,1
585,2008-06-14 00:00:00,"Itanagar-Naharlagun, Arunachal Pradesh","Itanagar-Naharlagun, Arunachal Pradesh",Arunachal Pradesh,landslide,rain,large,unknown,21.0,,93.6287,27.0998,338.0379676818848,534.149520099163,1044.982474297285,23.2228942871094,0.4733600616455078,0.4923222959041595,939.834765625,397.61767578125,3.2188206602496563,278.252701592709,50,Built-up,1
587,2008-06-15 00:00:00,"Lakhimpur district, Bihpuria, Assam","Lakhimpur district, Bihpuria, Assam",Assam,landslide,downpour,medium,unknown,17.0,,94.0989,27.2298,33.23225677013397,793.796107172966,1369.256652891636,27.445703125000023,0.3906269073486328,0.3925743103027344,978.021484375,95.56906127929688,0.0492543101912447,124.23375481267384,10,Tree cover,1
594,2008-06-19 00:00:00,"Namkaoluang village, Tamenglong-Sangrung (Khongsang) road, NH-53, Manipur","Namkaoluang village, Tamenglong-Sangrung (Khongsang) road, NH-53, Manipur",Manipur,mudslide,monsoon,medium,unknown,,,93.8275,24.9336,109.66378450393675,552.5323450565338,849.8273082077503,20.836633300781276,0.470621109008789,0.4823964536190033,882.165859375,959.5870361328124,9.0753535596754,102.77334528370255,30,Grassland,1
692,2008-08-07 00:00:00,"National Highway-39, Dimapur-Imphal road and another under Kiphire district of Nagaland","National Highway-39, Dimapur-Imphal road and another under Kiphire district of Nagaland",Nagaland,landslide,downpour,medium,unknown,,,94.04,25.705,154.03982996940613,556.3499629497528,1664.1865074634552,20.8217712402344,0.4989179074764251,0.500189483165741,847.3853125,1069.9625244140625,11.876354697613882,28.45708761427977,10,Tree cover,1
714,2008-08-14 00:00:00,"Kimin-Ziro road in Papum Pare district, road between Doimukh and Sagalee, Doimukh-Hoj road; Arunachal Pradesh","Kimin-Ziro road in Papum Pare district, road between Doimukh and Sagalee, Doimukh-Hoj road; Arunachal Pradesh",Assam,landslide,rain,medium,unknown,,,94.0,27.163,109.5736026763916,298.51390048861504,1421.689576935023,26.312371826171898,0.4178098142147064,0.4125022888183594,982.358828125,95.22576141357422,0.0500654165669437,148.8234333629058,60,Bare / sparse vegetation,1
731,2008-08-19 00:00:00,"Akuk village, Wokha District, Nagaland","Akuk village, Wokha District, Nagaland",Nagaland,mudslide,downpour,medium,unknown,4.0,,94.25,26.138,268.5140371322632,691.4511919021606,1316.1402642726898,23.7319274902344,0.4771550595760345,0.4936472475528717,928.1215625,1015.8339233398438,13.059349424407154,147.45620535742762,10,Tree cover,1
755,2008-08-28 00:00:00,"Ranka, Sikkim and Louing road","Ranka, Sikkim and Louing road",Sikkim,landslide,downpour,medium,unknown,,,88.609,27.337,1212.7799987792969,2771.0379362106323,5004.718393087387,18.864923095703148,0.4295463562011719,0.4331398010253906,845.74015625,1469.758056640625,17.94398388888501,255.26301919686688,50,Built-up,1
760,2008-08-29 00:00:00,"Kohima, Nagaland","Kohima, Nagaland",Nagaland,complex,downpour,medium,unknown,,,94.1066,25.67,493.2119250297546,886.4931166172028,2526.2875705957413,20.839654541015648,0.4659105837345123,0.4929542541503906,865.757734375,1437.6785888671875,3.90062880412572,233.3668276450973,50,Built-up,1
868,2008-10-29 00:00:00,"Kamrup, and Sonitpur, Assam","Kamrup, and Sonitpur, Assam",Assam,landslide,downpour,medium,unknown,7.0,,91.25,26.3333,0.4923120141029358,991.404127329588,1079.3353906810808,23.365167236328148,0.4530296325683594,0.4699853360652923,1004.298359375,42.0692138671875,0.0571429361684122,304.9716275100889,40,Cropland,1
870,2008-10-29 00:00:00,"West Kameng, Arunachal Pradesh","West Kameng, Arunachal Pradesh",Arunachal Pradesh,mudslide,downpour,medium,unknown,12.0,,92.35,27.4,21.77216485142708,1601.2958772480488,1974.093098193407,12.751000976562525,0.4111080169677734,0.4150244295597076,807.764609375,2711.107421875,9.934314086862548,258.6990462524358,10,Tree cover,1
869,2008-10-29 00:00:00,North Lakhimpur ,North Lakhimpur ,Assam,landslide,downpour,medium,unknown,,,94.1167,27.2333,2.0086970180273056,481.6381707787514,564.5066599026904,21.949395751953148,0.3517907559871673,0.3581485748291015,990.694609375,94.54557800292967,0.2061738896292667,185.32837544987603,10,Tree cover,1
1084,2009-08-12 00:00:00,"Upper Subansiri District, Arunanchal Pradesh","Upper Subansiri District, Arunanchal Pradesh",Arunachal Pradesh,landslide,downpour,medium,unknown,0.0,,92.8,27.7,2195.739507675171,3538.988769054413,4406.317077577114,16.510736083984398,0.4289296567440033,0.4289601743221283,767.686484375,2535.724853515625,15.343229888509324,198.73457215944092,10,Tree cover,1
1108,2009-08-20 00:00:00,"Tamei, Tamenglong district on Imphal-Tamenglong (IT) road","Tamei, Tamenglong district on Imphal-Tamenglong (IT) road",Assam,landslide,downpour,medium,unknown,0.0,,93.5,24.9925,158.07755291461945,403.8296863436699,1519.8308154940603,22.2893005371094,0.4263165891170501,0.4254379272460937,932.474453125,1207.78369140625,4.92708736299653,332.5417647835508,50,Built-up,1
1112,2009-08-20 00:00:00,"NH31A, Mile 27 near Rambi","NH31A, Mile 27 near Rambi",Sikkim,mudslide,downpour,medium,unknown,0.0,,88.5287,27.1761,604.5536398887634,1470.5904126167295,8081.006348133087,20.789849853515648,0.4252986907958984,0.4322706758975982,884.4565625,332.864501953125,9.077404859231882,214.5632951813357,50,Built-up,1
1109,2009-08-20 00:00:00,Lumding-Badarpur section in North Cachar Hills district,Lumding-Badarpur section in North Cachar Hills district,Assam,landslide,downpour,medium,unknown,0.0,,93.1645,25.5215,42.98590123653412,154.02479097247124,1460.7890462502835,25.505181884765648,0.4653536379337311,0.4516519010066986,963.428203125,266.9810791015625,0.4611351127389449,216.132334832398,10,Tree cover,1
1125,2009-08-26 00:00:00,"17th Mile towards Tsomgo Lake, near Kyongsala, Sikkim ","17th Mile towards Tsomgo Lake, near Kyongsala, Sikkim ",Sikkim,landslide,rain,medium,unknown,,,88.7648,27.3746,204.94532585144043,1048.6215949058533,2605.779767036438,7.899774169921898,0.4238554537296295,0.4248650968074798,638.30015625,3757.88720703125,8.163739033151451,195.52331757178783,80,Permanent water bodies,1
1127,2009-08-27 00:00:00,between Mahur and Phaiding railway stations on Barail hills (Mahur and Barail hills located),between Mahur and Phaiding railway stations on Barail hills (Mahur and Barail hills located),Assam,landslide,downpour,medium,unknown,,,93.123,25.1718,116.86863750219344,352.33423486351967,1489.1291223466396,23.1308532714844,0.4922657012939453,0.4908790588378906,923.221484375,698.047607421875,6.842775166761434,342.1226314557396,30,Grassland,1
1129,2009-08-30 00:00:00,"Road stretch from Gammom to Chamu village, under Kamjong block, Ukhrul district, Manipur","Road stretch from Gammom to Chamu village, under Kamjong block, Ukhrul district, Manipur",Manipur,landslide,downpour,medium,unknown,,,94.4182,24.8628,230.6683510541916,422.0235049724579,711.7157354950905,21.817254638671898,0.4205080568790436,0.4234199523925781,890.838125,968.0101318359376,12.739920429100884,268.0123768530062,10,Tree cover,1
1168,2009-09-17 00:00:00,"4th Mile on road between Rongli, Rhenock and Rangpo in East Sikkim.","4th Mile on road between Rongli, Rhenock and Rangpo in East Sikkim.",Sikkim,landslide,rain,medium,unknown,,,88.6115,27.1954,163.16300630569458,335.7463553547859,1717.0692682266235,20.704614257812523,0.4167429506778717,0.4066976010799408,867.265,477.65380859375,8.361250314905117,359.2000025081556,10,Tree cover,1
1222,2009-10-05 00:00:00,"Chhinga Veng, Aizawl","Chhinga Veng, Aizawl",Mizoram,landslide,downpour,medium,urban,3.0,,92.72124394,23.73478778,265.26227593421936,1091.901808977127,1244.5868626236916,23.186944580078148,0.4251047670841217,0.4269091188907623,943.832734375,1026.9345703125,1.775183193388253,112.64513598070482,30,Grassland,1
1596,2010-03-27 20:00:00,"LangthAbal Khoupum, Imphal, Manipur","LangthAbal Khoupum, Imphal, Manipur",Manipur,mudslide,downpour,medium,unknown,0.0,,93.9161,24.7339,29.70515750348568,29.73447634940385,31.425834168373967,23.688165283203148,0.180220291018486,0.1886558532714843,920.075,850.3824462890625,2.4993882102596463,180.6057527247282,30,Grassland,1
1611,2010-04-01 00:00:00,"Paglanala village, Dholai Block, near Dwarbandh locality of the district, Cachar district (could only find district) 45 km from Silchar, Assam","Paglanala village, Dholai Block, near Dwarbandh locality of the district, Cachar district (could only find district) 45 km from Silchar, Assam",Assam,landslide,downpour,medium,unknown,3.0,,93.028,25.1553,123.501718044281,1186.548352241516,1700.331540661864,20.8002868652344,0.4878832399845123,0.4932244718074798,934.843125,417.6344604492188,9.099453667848575,43.28617455961637,10,Tree cover,1
1613,2010-04-02 23:00:00,"Koloriang, Kuring Kumey district, Arunachal Pradesh","Koloriang, Kuring Kumey district, Arunachal Pradesh",Arunachal Pradesh,mudslide,downpour,large,unknown,12.0,,93.3497,27.8997,324.0787386894226,841.7584300041199,1750.065103173256,10.994256591796898,0.426370620727539,0.4261366426944732,777.00046875,878.1353149414062,9.075601212793392,195.769662184692,50,Built-up,1
1756,2010-04-17 00:00:00,"Nam Nang, Gangtok","Nam Nang, Gangtok",Sikkim,landslide,downpour,small,unknown,0.0,,88.6087,27.322,80.5806815624237,172.12090641260147,437.2959602624178,17.621728515625023,0.3911495208740234,0.3795293271541595,850.088203125,1457.893310546875,4.399761790553298,158.53534533192453,10,Tree cover,1
1755,2010-04-17 15:00:00,"Natl. Highway 31-A at Pani House(?), Gangtok","Natl. Highway 31-A at Pani House(?), Gangtok",Sikkim,landslide,downpour,small,unknown,0.0,,88.6083,27.3341,80.5806815624237,172.12090641260147,437.2959602624178,17.621728515625023,0.3911495208740234,0.3795293271541595,850.088203125,1469.758056640625,17.94398388888501,255.26301919686688,10,Tree cover,1
1770,2010-04-20 00:00:00,"Kharghuli, Guwahati, Assam","Kharghuli, Guwahati, Assam",Assam,landslide,downpour,medium,unknown,0.0,,91.763,26.1965,553.8814663887024,1109.286189079285,1920.2378541231155,22.373803710937523,0.4737860262393951,0.4962978363037109,991.53375,78.13805389404297,2.2424489623539365,304.9651630303252,50,Built-up,1
1771,2010-04-20 00:00:00,"Raj Bhavan Guwahati, Assam","Raj Bhavan Guwahati, Assam",Assam,landslide,downpour,medium,unknown,0.0,,91.7665,26.1978,553.8814663887024,1109.286189079285,1920.2378541231155,22.373803710937523,0.4737860262393951,0.4962978363037109,991.53375,88.93688201904297,5.015605123771912,302.62294224263184,50,Built-up,1
1775,2010-04-21 00:00:00,Arunachal Pradesh ,Arunachal Pradesh ,Arunachal Pradesh,landslide,downpour,medium,unknown,12.0,,96.1779,27.8965,838.0076885223389,1683.3951771259308,1888.4222470223904,21.382958984375023,0.483257919549942,0.491436630487442,967.199296875,,,,10,Tree cover,1
1776,2010-04-21 00:00:00,Shillong-Jowai(Jwai)-Badarpur National Highway(NH 44) at Sunapur village in Jaintia Hills District,Shillong-Jowai(Jwai)-Badarpur National Highway(NH 44) at Sunapur village in Jaintia Hills District,Meghalaya,landslide,downpour,medium,unknown,0.0,,92.2845,25.3612,411.6314053535461,2615.717589855194,3665.428183972836,19.299859619140648,0.4813709259033203,0.4760595858097076,868.581328125,1221.856689453125,2.0745837762530543,185.9089590754381,30,Grassland,1
1857,2010-05-11 09:00:00,"National highway 44 at Sunapur and Tongseng in Jaintia Hills district, eastern Meghalaya","National highway 44 at Sunapur and Tongseng in Jaintia Hills district, eastern Meghalaya",Meghalaya,landslide,downpour,medium,unknown,0.0,,92.2897,25.3433,344.5813357830048,1671.6758906841278,1952.2890727967024,21.7114196777344,0.4843679964542389,0.4805208742618561,901.757578125,1215.112548828125,1.8833264183814304,146.74559054599376,30,Grassland,1
1930,2010-05-31 00:00:00,"Anini-Roing road,  Dibang Valley,  Arunachal Pradesh ","Anini-Roing road,  Dibang Valley,  Arunachal Pradesh ",Arunachal Pradesh,landslide,downpour,medium,unknown,0.0,,95.8776,28.4298,412.4434292316437,736.8936240673065,1524.530217051506,18.250543212890648,0.426633208990097,0.4274705350399017,836.603828125,,,,10,Tree cover,1
1929,2010-05-31 23:00:00,"North Sikkiim Highway, periphery of Gangtok, Sikkim East district","North Sikkiim Highway, periphery of Gangtok, Sikkim East district",Sikkim,landslide,downpour,medium,unknown,0.0,,88.6428,27.3543,120.186448097229,291.2397161126137,829.2987495660782,17.972711181640648,0.404630035161972,0.4001197814941406,800.490078125,2061.16845703125,22.227177683462877,102.60050030511354,10,Tree cover,1
1935,2010-06-03 00:00:00,"atharamura hills, Highway 44, Tripura","atharamura hills, Highway 44, Tripura",Tripura,landslide,downpour,medium,unknown,0.0,,91.7599,23.8986,56.78007751703262,170.45922204852104,1326.485376805067,28.343377685546898,0.407489150762558,0.4072863161563873,992.080390625,211.34381103515625,4.4465495025554524,290.9649887810725,10,Tree cover,1
1934,2010-06-03 05:00:00,Rongpur village under Bhairabhnagar panchayat in Karimganj district,Rongpur village under Bhairabhnagar panchayat in Karimganj district,Assam,landslide,downpour,medium,unknown,2.0,,92.3814,24.6005,68.62956285476685,337.24765479564667,1441.1212354898453,27.655206298828148,0.4493204653263092,0.449963241815567,1000.579609375,83.98977661132812,1.8149536381496505,102.10013822547842,10,Tree cover,1
1954,2010-06-07 00:00:00,"Irang(?) and Barak(?) and Makru(?) on highway 53 between Imphal and Jiribam, Manipur","Irang(?) and Barak(?) and Makru(?) on highway 53 between Imphal and Jiribam, Manipur",Manipur,landslide,rain,medium,unknown,0.0,,93.5039,24.7543,130.56910037994385,331.39992505311966,799.7011095285416,24.138360595703148,0.4193560183048248,0.4166196286678314,934.751875,484.81536865234375,25.20938550839688,356.6770109998239,10,Tree cover,1
1961,2010-06-09 14:15:00,"Ishok Chingphu(?), Bishnupur, Assam","Ishok Chingphu(?), Bishnupur, Assam",Meghalaya,landslide,downpour,medium,unknown,0.0,,91.2,25.8833,273.94282817840576,558.9171424508095,2261.506408452988,24.6061950683594,0.4897905886173248,0.4988174438476562,978.800390625,210.4703521728516,9.928684630065232,140.29806404302911,10,Tree cover,1
1987,2010-06-15 00:00:00,"rails between Mahur and Wadringdisa(?), Assam","rails between Mahur and Wadringdisa(?), Assam",Assam,landslide,downpour,medium,unknown,0.0,,93.1658,25.2269,89.81151878833771,394.67523992061615,854.3520346283913,22.704309082031276,0.5025361180305481,0.5025151371955872,907.604296875,420.1214294433594,3.810700113748364,311.0575285641565,40,Cropland,1
1986,2010-06-15 00:00:00,"Fazl Ali College, Mokokchung, Nagaland","Fazl Ali College, Mokokchung, Nagaland",Nagaland,landslide,downpour,medium,unknown,0.0,,94.5512,26.3335,215.8115804195404,587.7396166324615,1101.7821319401264,22.627160644531276,0.4858468472957611,0.4951852262020111,889.0984375,1322.29638671875,8.122136598444111,166.218914817047,50,Built-up,1
1994,2010-06-16 00:00:00,"rails between Jatinga and Longrangjao(?), Assam","rails between Jatinga and Longrangjao(?), Assam",Assam,landslide,downpour,medium,unknown,0.0,,92.8025,25.0633,131.3951462507248,566.4468854665756,1263.8492733240128,22.654901123046898,0.4640636444091797,0.4692554473876953,930.14,114.3108901977539,4.903294759349135,85.55926438941185,10,Tree cover,1
1996,2010-06-17 19:30:00,"Shayoung Ward(?), Longleng, Nagaland","Shayoung Ward(?), Longleng, Nagaland",Nagaland,landslide,downpour,medium,unknown,0.0,,94.8833,26.4333,210.00249683856964,496.9129338860512,1318.442843854427,22.756768798828148,0.4525095522403717,0.4590231478214264,881.296640625,486.9370727539063,3.786713557008382,153.8599633681633,10,Tree cover,1
2026,2010-06-28 00:00:00,"Borsorsa(?), West Khasi Hills, Meghalaya","Borsorsa(?), West Khasi Hills, Meghalaya",Meghalaya,landslide,downpour,medium,unknown,0.0,,91.2698,25.4916,1417.6218509674072,3779.7738313674927,5833.89438688755,20.550103759765648,0.4850877225399017,0.5016244053840637,862.78875,1511.6146240234375,2.419590035009426,314.24230619384934,10,Tree cover,1
2025,2010-06-28 00:00:00,"Police CID complex(?), Shillong, Meghalaya","Police CID complex(?), Shillong, Meghalaya",Meghalaya,landslide,downpour,medium,unknown,1.0,,91.885,25.5728,977.6756763458252,2272.6629972457886,4899.800419807434,21.367486572265648,0.4791851043701172,0.5005893707275391,871.840390625,1486.363037109375,2.451517730705459,354.96514344249783,50,Built-up,1
2045,2010-07-06 00:00:00,"Tuensang, Nagaland","Tuensang, Nagaland",Nagaland,mudslide,monsoon,medium,unknown,0.0,,94.8133,26.2363,68.67000460624695,288.69880735874176,1262.2705101966858,19.955133056640648,0.5002772212028503,0.4972699582576751,835.545703125,1537.0203857421875,6.137338458769166,48.53419663211503,50,Built-up,1
2043,2010-07-06 00:00:00,"Mon, Nagaland","Mon, Nagaland",Nagaland,mudslide,monsoon,medium,unknown,0.0,,95.0281,26.7225,126.08635425567628,436.5493059158325,1472.6831316947937,25.214501953125023,0.4619840085506439,0.4863363802433014,932.467421875,706.0902099609375,3.9986915018952103,73.37759309432857,10,Tree cover,1
2042,2010-07-06 00:00:00,"Zunheboto, Nagaland","Zunheboto, Nagaland",Nagaland,mudslide,monsoon,medium,unknown,0.0,,94.5238,26.0093,50.62918365001679,233.46418142318728,1127.7505159378052,22.127832031250023,0.4935550689697265,0.4850489199161529,874.7565625,1794.303955078125,3.178720065314649,251.7233410011473,50,Built-up,1
2044,2010-07-06 00:00:00,"Kiphire,  Nagaland","Kiphire,  Nagaland",Nagaland,mudslide,monsoon,medium,unknown,0.0,,94.7861,25.8877,110.69531738758089,413.5757237672806,1243.1840151548386,22.7578063964844,0.5044898986816406,0.4927546083927154,888.9328125,1103.6253662109375,6.996343948925652,50.70496722541248,50,Built-up,1
2098,2010-07-19 06:00:00,"Jahjon ward(?), Mon town, Nagaland","Jahjon ward(?), Mon town, Nagaland",Nagaland,landslide,downpour,medium,unknown,0.0,,95.0283,26.7215,517.723798751831,1196.9130635261536,2589.723721146584,24.018731689453148,0.4891242980957031,0.4967390596866607,929.603359375,706.0902099609375,3.9986915018952103,73.37759309432857,50,Built-up,1
2106,2010-07-20 00:00:00,"road to Oting near Longlam village, 13 km from Tizit subdivision, Mon district, Nagaland","road to Oting near Longlam village, 13 km from Tizit subdivision, Mon district, Nagaland",Nagaland,landslide,downpour,medium,unknown,0.0,,94.9921,26.8716,1280.6217670440674,2546.844005584717,3220.11561691761,25.216638183593773,0.4807332456111908,0.50164794921875,971.388984375,260.1624755859375,8.275951929068427,124.19640302192768,10,Tree cover,1
2113,2010-07-21 08:00:00,"Singtam-Mangan rd, Sikkim","Singtam-Mangan rd, Sikkim",Sikkim,landslide,downpour,medium,unknown,0.0,,88.559,27.3773,707.0372700691223,1743.9072132110596,4584.782242774963,17.473168945312523,0.4231758117675781,0.4276313781738281,800.867109375,1502.5146484375,20.125924937091817,321.7145989182192,10,Tree cover,1
2140,2010-07-25 00:00:00,"road between Halfong and Redzol(?) or Silchar, Assam","road between Halfong and Redzol(?) or Silchar, Assam",Assam,landslide,downpour,medium,unknown,0.0,,92.801,25.0477,152.95694768428802,448.437862098217,935.8031824231148,27.636834716796898,0.4708029329776764,0.4633769989013672,980.876484375,161.9722137451172,15.028150665417904,316.6358493044459,10,Tree cover,1
2163,2010-07-29 00:00:00,"Maram area in Senapati district, National Highway 39","Maram area in Senapati district, National Highway 39",Nagaland,landslide,downpour,medium,unknown,0.0,,94.1054,25.4196,332.51824975013733,516.7101621627808,1288.1719022989273,19.917535400390648,0.4938119351863861,0.4974905550479889,859.762734375,1374.46826171875,7.726656908830892,133.3179578845239,50,Built-up,1
2166,2010-07-29 00:00:00,"Highway 53 at Tupul, Tamenglong district","Highway 53 at Tupul, Tamenglong district",Assam,landslide,downpour,medium,unknown,0.0,,93.5027,24.9786,423.845499753952,540.8272221684456,1028.0165895819664,22.591271972656276,0.422747939825058,0.4253908693790436,929.546484375,1241.24658203125,10.5113307526458,284.3647455839251,10,Tree cover,1
2164,2010-07-29 23:00:00,"Chingai-Kuingai(Quingai) route (16 kms), Chingai subdivision, Ukhrul district, Manipur","Chingai-Kuingai(Quingai) route (16 kms), Chingai subdivision, Ukhrul district, Manipur",Manipur,landslide,downpour,medium,unknown,0.0,,94.48214677,25.3098633,318.8941478729248,524.9949842691422,1411.2136363983154,20.455865478515648,0.4559599459171295,0.4765872955322265,855.136484375,1510.476806640625,12.312153725564654,134.2816068609706,30,Grassland,1
2182,2010-07-31 09:00:00,Dimapur-Imphal highway (NH 39) near Manipur,Dimapur-Imphal highway (NH 39) near Manipur,Manipur,landslide,rain,medium,unknown,0.0,,93.8443,24.9356,98.992258310318,931.9100752472878,1321.2395906448364,20.8281188964844,0.4711271822452545,0.4759362637996673,883.697109375,859.7355346679688,3.4232864050470195,113.59743318473228,10,Tree cover,1
2205,2010-08-06 00:00:00,"Dawrpui Vengthar cemetary, Aizwal, Mizoram","Dawrpui Vengthar cemetary, Aizwal, Mizoram",Mizoram,landslide,downpour,medium,unknown,0.0,,92.7146,23.7365,285.47778725624084,928.9559125900269,1699.7179202735424,23.728448486328148,0.4235166013240814,0.4247169494628906,943.9175,937.8997192382812,5.579914920776682,339.16788080646165,50,Built-up,1
2243,2010-08-13 00:00:00,"NH-39 near Kohima Municipality Council(KMC) dumping ground, between Zubza(Sechu) and Kohima, Nagaland","NH-39 near Kohima Municipality Council(KMC) dumping ground, between Zubza(Sechu) and Kohima, Nagaland",Nagaland,landslide,downpour,medium,mine,0.0,,94.04619681,25.70223725,152.7588665485382,653.3136963844299,1082.8282088041306,21.133477783203148,0.481851577758789,0.4972139894962311,853.373515625,1062.59765625,14.65956716204104,80.16608335311304,40,Cropland,1
2247,2010-08-14 00:00:00,"Tuensang-Shamatore(Sampurre) rd, Nagaland","Tuensang-Shamatore(Sampurre) rd, Nagaland",Nagaland,landslide,downpour,medium,unknown,0.0,,94.8422,26.148,277.1713733673096,622.1922934055328,1182.670719921589,20.626733398437523,0.4742342531681061,0.4770971834659576,850.658828125,1469.3292236328125,14.268605368791729,294.5537774707529,10,Tree cover,1
2248,2010-08-14 00:00:00,"Noklak-Tuensang road, Nagaland","Noklak-Tuensang road, Nagaland",Nagaland,landslide,downpour,medium,unknown,0.0,,94.9152,26.222,334.31732654571533,789.0857458114624,1634.1775953769684,20.265069580078148,0.4413382112979889,0.4447809755802154,845.181796875,1659.618408203125,10.66597384900546,38.86834569496693,10,Tree cover,1
2249,2010-08-14 00:00:00,"Kiphire-Tuensang rd, Nagaland","Kiphire-Tuensang rd, Nagaland",Nagaland,landslide,downpour,medium,unknown,0.0,,94.803,26.0814,277.1713733673096,622.1922934055328,1182.670719921589,20.626733398437523,0.4742342531681061,0.4770971834659576,850.658828125,929.2401123046876,18.42967737499728,42.75434125443911,10,Tree cover,1
2253,2010-08-15 23:00:00,"Chingai-Kuingai(Quingai) route (16 kms), Chingai subdivision, Ukhrul district, Manipur","Chingai-Kuingai(Quingai) route (16 kms), Chingai subdivision, Ukhrul district, Manipur",Manipur,landslide,downpour,medium,unknown,0.0,,94.48265093,25.31006064,202.3056447505951,600.4434823989868,1507.8123211860657,21.185845947265648,0.4642340242862701,0.4791336059570312,857.933671875,1510.476806640625,12.312153725564654,134.2816068609706,30,Grassland,1
2263,2010-08-17 00:00:00,"Dikhu bridge(?), Mokokchung-Tuensang road, Nagaland","Dikhu bridge(?), Mokokchung-Tuensang road, Nagaland",Nagaland,landslide,downpour,medium,unknown,0.0,,94.6654,26.2753,107.16242343187332,951.0718360543252,1499.6920377016068,21.750024414062523,0.4853102266788482,0.4749597012996673,870.55390625,1204.891357421875,13.979159301466195,267.5318360794814,10,Tree cover,1
2283,2010-08-19 00:00:00,"2 km from Khongsang village(?), road between Tamenglong and Imphal or Nungba, Manipur","2 km from Khongsang village(?), road between Tamenglong and Imphal or Nungba, Manipur",Manipur,mudslide,downpour,medium,unknown,0.0,,93.4957,24.8961,52.91160196065903,212.7598002552986,2699.5676904916763,23.285546875000023,0.4179592132568359,0.418853759765625,943.437890625,1007.4149169921876,33.536162126907584,138.3447324595499,10,Tree cover,1
2282,2010-08-19 06:30:00,"Tuensang-Kohima rd, 3 km outside Tuensang, Nagaland","Tuensang-Kohima rd, 3 km outside Tuensang, Nagaland",Nagaland,landslide,downpour,medium,unknown,0.0,,94.8158,26.1984,406.2915742397308,809.2395588755608,2193.1598857045174,19.755426025390648,0.4784456789493561,0.4901898801326751,836.572109375,2008.77587890625,17.65266119388488,313.1173456421536,10,Tree cover,1
2281,2010-08-19 18:00:00,"Kisima, Nagaland","Kisima, Nagaland",Nagaland,landslide,downpour,medium,above_road,,,94.11603493,25.61560252,194.50625777244568,415.4205024242401,1051.9657358527184,19.405908203125023,0.4891071319580078,0.4846172332763672,829.820859375,1658.54150390625,23.521187717740894,91.96549316646376,30,Grassland,1
2296,2010-08-20 00:00:00,"many locations around Namchi, Sikkim","many locations around Namchi, Sikkim",Sikkim,complex,downpour,medium,unknown,0.0,,88.3652,27.167,1062.5221729278564,2475.0951528549194,5882.76481628418,21.126977539062523,0.4292488098144531,0.4289131164550781,876.310859375,1434.60986328125,11.769474237070067,150.69215203557656,50,Built-up,1
2304,2010-08-21 18:00:00,"NH 39 at Kigwema(?), between Mao Gate and Kohima, Nagaland","NH 39 at Kigwema(?), between Mao Gate and Kohima, Nagaland",Nagaland,landslide,downpour,medium,unknown,0.0,,94.1211,25.5718,88.58682215213776,497.3926842212677,1047.2596883773804,18.976129150390648,0.4986438751220703,0.5015265345573425,828.124296875,1858.2998046875,19.403284705844637,93.461036408256,50,Built-up,1
2344,2010-08-27 16:30:00,"NH-53 at Nungba police station, Kambirong(?), Manipur","NH-53 at Nungba police station, Kambirong(?), Manipur",Assam,landslide,downpour,medium,unknown,0.0,,93.4221,24.7505,85.6088176369667,282.8220948576927,692.5737261772156,23.705590820312523,0.4198799133300781,0.4187793731689453,935.0559375,781.2679443359375,3.9305728314588895,139.1345926720437,10,Tree cover,1
2343,2010-08-27 16:30:00,"NH-39 at Ekai village(?), 2 km for Tadubi, Manipur","NH-39 at Ekai village(?), 2 km for Tadubi, Manipur",Nagaland,landslide,downpour,medium,unknown,0.0,,94.1327,25.4786,230.32474517822263,468.8564017415047,1083.9973613619804,19.442559814453148,0.4878533780574798,0.4920539855957031,833.793046875,1651.714111328125,10.091643665887894,93.11038961433404,10,Tree cover,1
2345,2010-08-27 18:00:00,"Daragaon(?), Gangtok city, Sikkim","Daragaon(?), Gangtok city, Sikkim",Sikkim,landslide,downpour,medium,unknown,0.0,,88.6188,27.3392,329.60546016693115,1015.5464708805084,4586.261540651321,19.565606689453148,0.4260215759277344,0.4313163757324219,848.372578125,1766.377197265625,17.701259124286906,186.42484990620545,10,Tree cover,1
2392,2010-09-04 00:00:00,"17th mile(?), Jawaharlal Nehru Marg hwy, between Gangtok and Nathu La, Sikkim","17th mile(?), Jawaharlal Nehru Marg hwy, between Gangtok and Nathu La, Sikkim",Sikkim,landslide,downpour,medium,unknown,0.0,,88.7334,27.3702,266.08186960220337,810.2043867111206,2348.0137437582016,12.232446289062525,0.4248638153076172,0.4277712404727936,709.304609375,3456.36328125,8.03982183192138,323.6899158560446,30,Grassland,1
2405,2010-09-09 23:00:00,"Mossing(Mosing) village(?), Upper Siang district, Arunachal Pradesh","Mossing(Mosing) village(?), Upper Siang district, Arunachal Pradesh",Arunachal Pradesh,landslide,downpour,medium,unknown,10.0,,95.4112,28.3036,313.16643953323364,1444.17542219162,5791.004419326782,19.203302001953148,0.4270668029785156,0.4270458221435547,852.42203125,1738.7901611328125,,,10,Tree cover,1
2411,2010-09-10 00:00:00,"districts Lakhimpur, Dhemaji, Golaghat, and Sonitpur, Assam province","districts Lakhimpur, Dhemaji, Golaghat, and Sonitpur, Assam province",Arunachal Pradesh,landslide,downpour,medium,unknown,0.0,,93.7273,27.0011,141.60752296447754,379.89914417266846,851.3910546898842,25.307275390625023,0.4160995483398437,0.4267215728759765,976.752265625,108.49119567871094,0.388945187169281,162.95276372569924,40,Cropland,1
2415,2010-09-12 00:00:00,power lines 5 km from Kohima,power lines 5 km from Kohima,Nagaland,landslide,downpour,medium,unknown,,,94.11112157,25.63961883,261.3414525985718,734.478086233139,1492.8491711616516,19.045800781250023,0.4753017425537109,0.4790376126766205,828.176875,1582.8553466796875,19.263838734435744,97.63878694970902,50,Built-up,1
2420,2010-09-13 00:00:00,"Tuikual 'C', Aizawl, Mizoram","Tuikual 'C', Aizawl, Mizoram",Mizoram,landslide,downpour,medium,urban,1.0,,92.71495623,23.72988966,215.9719318151474,388.7166455388069,801.5995100140572,23.159234619140648,0.4212214052677154,0.4217770993709564,941.587734375,942.2216186523438,6.869430679208021,280.9851410254787,10,Tree cover,1
2425,2010-09-13 00:00:00,"near Tuichang(?) on Tuichang river, Aizawl-Champhai rd, Mizoram","near Tuichang(?) on Tuichang river, Aizawl-Champhai rd, Mizoram",Mizoram,landslide,downpour,medium,unknown,0.0,,93.0748,23.3439,278.023898601532,624.0936517715454,1063.1251484155655,21.081353759765648,0.4240048825740814,0.4255123138427734,905.259765625,1356.802978515625,8.742836595853413,111.23500955890404,10,Tree cover,1
2423,2010-09-13 00:00:00,"road to Kanan Veng from Hunthar Veng, Mizoram","road to Kanan Veng from Hunthar Veng, Mizoram",Mizoram,landslide,downpour,medium,above_road,,,92.71060943,23.73504471,215.9719318151474,388.7166455388069,801.5995100140572,23.159234619140648,0.4212214052677154,0.4217770993709564,941.587734375,937.8997192382812,5.579914920776682,339.16788080646165,50,Built-up,1
2424,2010-09-13 00:00:00,"near Tuivawl(?), Aizawl-Champhai rd, Aizawl district, Mizoram","near Tuivawl(?), Aizawl-Champhai rd, Aizawl district, Mizoram",Mizoram,landslide,downpour,medium,unknown,0.0,,92.9296,23.591,248.0173110961914,506.1962902545929,1054.005727171898,22.2722106933594,0.4225927889347076,0.4239521026611328,924.932734375,732.086181640625,15.639423132145646,312.4121840045681,10,Tree cover,1
2426,2010-09-13 00:00:00,"Hual(Hu) village(?), Lunglei-Lawngtlai rd, Mizoram","Hual(Hu) village(?), Lunglei-Lawngtlai rd, Mizoram",Mizoram,landslide,downpour,medium,unknown,0.0,,92.8416,22.7176,278.8195013999939,685.7384741306305,1224.2569327354431,22.9020935058594,0.4260629117488861,0.4268182218074798,947.068125,,,,10,Tree cover,1
2422,2010-09-13 00:00:00,"Hunthar Veng, Mizoram","Hunthar Veng, Mizoram",Mizoram,landslide,downpour,medium,urban,,,92.7141905,23.74182634,215.9719318151474,388.7166455388069,801.5995100140572,23.159234619140648,0.4212214052677154,0.4217770993709564,941.587734375,826.2678833007812,14.851121839020712,316.6881156159236,50,Built-up,1
2421,2010-09-13 09:00:00,"road to Muanna Godown, Zuangtui, Mizoram","road to Muanna Godown, Zuangtui, Mizoram",Mizoram,landslide,downpour,medium,above_road,,,92.74128531,23.75406693,199.8007446527481,359.8055690526962,811.8980154395103,23.4516540527344,0.4204947054386139,0.4206307828426361,944.868125,1107.014892578125,10.579986530269029,115.67980989815692,50,Built-up,1
2437,2010-09-16 00:00:00,"Aizawl-Lengpui rd 3km from Aizawl, Mizoram, Manipur","Aizawl-Lengpui rd 3km from Aizawl, Mizoram, Manipur",Mizoram,landslide,downpour,medium,unknown,0.0,,92.694,23.7527,173.14566671848297,540.3902530670166,1017.996959388256,23.520288085937523,0.4243100583553314,0.4258295595645904,945.640625,697.3428344726562,9.08352546438656,32.53391701382009,10,Tree cover,1
2436,2010-09-16 03:00:00,"Taithu village, Churanchandpur district, Mizoram, Manipur","Taithu village, Churanchandpur district, Mizoram, Manipur",Mizoram,landslide,downpour,medium,unknown,0.0,,93.125,24.3069,101.54958069324492,443.84804368019104,1070.936307311058,23.226098632812523,0.4218196868896484,0.423673003911972,949.195625,645.5643310546875,12.273128316174358,267.0782399853148,10,Tree cover,1
2539,2010-10-03 00:00:00,"Mosing village, Upper Siang district, Arunachal Pradesh","Mosing village, Upper Siang district, Arunachal Pradesh",Arunachal Pradesh,landslide,downpour,medium,unknown,10.0,,95.4149,28.3092,35.89945286512375,143.61178502440453,923.7092714756728,19.1359802246094,0.3895174562931061,0.3923568725585937,855.0909375,,,,10,Tree cover,1
2569,2010-10-08 00:00:00,"Bungte Chiru village(?), Senapati district, Manipur","Bungte Chiru village(?), Senapati district, Manipur",Nagaland,landslide,downpour,medium,unknown,0.0,,94.0212,25.2745,304.9425482749939,857.192873954773,1115.9185152500868,16.973748779296898,0.4333521425724029,0.4351113736629486,857.685859375,1087.3592529296875,4.53594513639666,130.50762671786322,50,Built-up,1
2570,2010-10-08 00:00:00,"Tharon(?) and Langol Tarung villages, Thangmeiband constituency, Imphal, Manipur","Tharon(?) and Langol Tarung villages, Thangmeiband constituency, Imphal, Manipur",Manipur,landslide,downpour,medium,unknown,0.0,,93.9128,24.837,322.2329020500183,848.986804485321,981.7748488858342,19.290216064453148,0.4741617739200592,0.4977156221866607,913.2825,805.848876953125,9.562918466600156,173.8023997224725,50,Built-up,1
2566,2010-10-08 00:00:00,"Sahong, Tabu and Pani village under Tadubi police station of Senapati district, NH-39","Sahong, Tabu and Pani village under Tadubi police station of Senapati district, NH-39",Nagaland,mudslide,downpour,medium,unknown,0.0,,94.1351,25.4769,297.0374524593353,931.4437210559844,1321.5074315667152,16.091973876953148,0.482694000005722,0.4888483583927154,832.000390625,1651.714111328125,10.091643665887894,93.11038961433404,50,Built-up,1
2567,2010-10-08 00:00:00,"Phek, Manipur","Phek, Manipur",Manipur,complex,downpour,medium,unknown,0.0,,94.4703,25.6633,292.2067642211914,834.707722067833,1117.123011499643,17.983575439453148,0.4888725280761719,0.5015036463737488,865.413359375,1398.986328125,8.323988828971817,19.363188377003723,60,Bare / sparse vegetation,1
2568,2010-10-08 00:00:00,"Nungba, Tamenglong, Manipur","Nungba, Tamenglong, Manipur",Assam,landslide,downpour,medium,unknown,0.0,,93.4108,24.7679,312.97892332077026,684.1634809970856,841.4631085470319,20.525323486328148,0.4285545349121094,0.4281425476074219,933.26375,475.3904418945313,7.316687058680845,306.16785747965133,10,Tree cover,1
2574,2010-10-09 00:00:00,"between Mahur and Maigrandisa(?) or Lumding, Assam","between Mahur and Maigrandisa(?) or Lumding, Assam",Assam,landslide,downpour,medium,unknown,0.0,,93.1477,25.4749,263.22710514068604,1090.5728936195374,1503.1133238226175,23.162896728515648,0.4833424985408783,0.4861539304256439,964.999140625,155.5647430419922,1.757093803546841,287.2034217391585,10,Tree cover,1
2577,2010-10-09 00:00:00,"NH-39 near Khongnem(?) village, between Imphal and Dimapur, Manipur","NH-39 near Khongnem(?) village, between Imphal and Dimapur, Manipur",Nagaland,landslide,downpour,medium,unknown,0.0,,93.8673,25.5265,347.99468517303467,922.8957891464232,1460.2447971701622,17.557824707031273,0.4258448183536529,0.426907867193222,839.966640625,1479.7823486328125,20.898158766472424,248.1360810879479,10,Tree cover,1
2578,2010-10-09 00:00:00,"NH-39 in Karong area, Manipur","NH-39 in Karong area, Manipur",Nagaland,landslide,downpour,medium,unknown,0.0,,94.0462,25.3179,286.063015460968,852.3816764354706,1311.9641300290823,17.818414306640648,0.4259179532527923,0.4266230165958404,856.115,1008.3526000976562,4.383441676125514,298.2507432183308,10,Tree cover,1
2573,2010-10-09 00:00:00,"Haflong, Assam","Haflong, Assam",Assam,mudslide,downpour,medium,unknown,1.0,,93.0083,25.1796,491.9173121452332,1322.0482468605042,1578.9903495460749,21.310174560546898,0.482372909784317,0.4722512662410736,932.455859375,637.9863891601562,9.809667786371577,66.20583676297156,50,Built-up,1
2575,2010-10-09 00:00:00,"road between Haflong and Lanka, Assam","road between Haflong and Lanka, Assam",Assam,landslide,downpour,medium,unknown,0.0,,92.9914,25.5242,245.88489532470703,1176.0385036468506,1570.5935377627611,23.211389160156276,0.47796630859375,0.472241073846817,965.62,163.5721893310547,2.384390783774867,70.89340843423895,10,Tree cover,1
2576,2010-10-09 00:00:00,"NH-39 at Tobio village(?), 7 km form Tadubi, Manipur","NH-39 at Tobio village(?), 7 km form Tadubi, Manipur",Nagaland,landslide,downpour,medium,unknown,0.0,,94.1399,25.4788,296.03999853134155,895.6168591976166,1490.2336075901983,16.859674072265648,0.4418245851993561,0.4631875455379486,830.608359375,1537.544921875,9.357506143261372,160.28715399601128,10,Tree cover,1
2579,2010-10-09 00:00:00,"Lower Pezielietsie(Tinpati), Kohima, Manipur","Lower Pezielietsie(Tinpati), Kohima, Manipur",Nagaland,landslide,downpour,medium,unknown,0.0,,94.1076,25.682,292.5436496734619,940.7232403755188,1442.4881748855114,18.231896972656276,0.4713649749755859,0.4635645449161529,864.002109375,1445.212158203125,5.11525036011378,265.7193285919662,50,Built-up,1
2587,2010-10-10 06:00:00,"Lower Chandmari area, PWD department, Kohima, Manipur","Lower Chandmari area, PWD department, Kohima, Manipur",Nagaland,landslide,downpour,medium,unknown,0.0,,94.1072,25.6623,59.315938502550125,674.7288592159748,1438.087373971939,18.3293395996094,0.4747759401798248,0.4589424133300781,866.381875,1385.9927978515625,9.2713979346876,68.53085993658738,10,Tree cover,1
2743,2010-11-22 00:00:00,"Tawang Monastery, Arunachal Pradesh","Tawang Monastery, Arunachal Pradesh",Arunachal Pradesh,landslide,unknown,medium,natural_slope,,,91.85672387,27.5798729,4.979660734534264,134.5986369997263,368.3127760887146,2.5893493652343977,0.3973064422607422,0.3950214385986328,684.154609375,2737.44287109375,13.09900991924018,234.6482958909109,10,Tree cover,1
3269,2011-03-22 00:00:00,"road from other districts to Hawai(Tawai?) which is  on Lojit river, near Hayuliang,  Anjaw district, Arunachal Pradesh","road from other districts to Hawai(Tawai?) which is  on Lojit river, near Hayuliang,  Anjaw district, Arunachal Pradesh",Arunachal Pradesh,landslide,downpour,medium,unknown,0.0,,96.5242,28.0791,413.953423500061,2718.237042427063,3524.121177266352,10.138421630859398,0.4236806333065033,0.4252026975154876,823.5459375,,,,50,Built-up,1
3525,2011-05-22 00:00:00,"Kaiphundai(?)-Tousem(in Assam) road, Tamenglong district, Manipur","Kaiphundai(?)-Tousem(in Assam) road, Tamenglong district, Manipur",Assam,landslide,downpour,medium,unknown,0.0,,93.4093,25.0672,730.532705783844,1056.7634850740433,1585.578564554453,21.4323669433594,0.4593658447265625,0.4621257781982422,924.7175,468.8785400390625,14.872191257220807,280.0595129603625,10,Tree cover,1
3532,2011-05-24 00:00:00,"Silchar-Haflong rd., at Reko(Rekha )(?), near Harangajao, Barail Hills, Assam","Silchar-Haflong rd., at Reko(Rekha )(?), near Harangajao, Barail Hills, Assam",Assam,complex,downpour,medium,unknown,0.0,,92.8551,25.0888,266.64167642593384,1177.2222518920898,2191.422700881958,22.674096679687523,0.4516735076904297,0.4591916501522064,938.8703125,253.538818359375,6.766201874660065,325.4648058774109,10,Tree cover,1
3556,2011-05-31 14:00:00,"Roads between Tamei(Tamma?), Kangpokpi and Chalwa, Manipur","Roads between Tamei(Tamma?), Kangpokpi and Chalwa, Manipur",Manipur,landslide,continuous_rain,small,unknown,0.0,,93.8474,25.1555,1150.1449346542358,1900.439739227295,2227.1822057664394,19.318017578125023,0.4273211061954498,0.4280204772949219,860.316015625,1504.5924072265625,24.82938195318013,265.00689466763765,10,Tree cover,1
3560,2011-05-31 14:30:00,"Gaoilung(Gadailong) village(?), Ward 4(?), Tamenglong, Manipur","Gaoilung(Gadailong) village(?), Ward 4(?), Tamenglong, Manipur",Manipur,landslide,downpour,medium,unknown,2.0,,93.5935,24.8286,342.8697884082794,797.9775816202164,1101.2388318777084,21.6816345214844,0.4456144869327545,0.4467627108097076,919.679765625,721.0525512695312,15.428031040694917,267.7115880363436,10,Tree cover,1
3633,2011-06-20 00:00:00,Mokokchung,Mokokchung,Nagaland,landslide,downpour,medium,unknown,0.0,,94.5121,26.3186,160.12367606163025,802.1107167005539,1893.990978598595,24.405633544921898,0.4848060607910156,0.4837055206298828,905.725546875,1328.8421630859375,4.757598743007457,189.51998878852612,10,Tree cover,1
3637,2011-06-21 00:00:00,"Lasumi village in Phek district, Kohima","Lasumi village in Phek district, Kohima",Nagaland,landslide,rain,medium,deforested_slope,,,94.2341227,25.51614662,284.93571281433105,845.106303691864,1846.799224615097,20.092401123046898,0.4613513946533203,0.4787979125976562,826.046015625,1676.479736328125,18.916462034180764,258.20750837007483,30,Grassland,1
3662,2011-06-28 00:00:00,"Ikou-Gangpijang road, near: Ikou, Saikul, and Gangpijang; Imphal India","Ikou-Gangpijang road, near: Ikou, Saikul, and Gangpijang; Imphal India",Manipur,landslide,rain,medium,below_road,,,94.0144205,25.03561729,120.98436802625656,369.9292466044426,754.5263357460499,21.879327392578148,0.4648450314998626,0.4912776947021484,893.087265625,806.7512817382812,0.5049251544687423,76.49299736759241,10,Tree cover,1
3663,2011-06-28 00:00:00,"Ruzapfu valley, Kikruma Village, Phek District, Nagaland","Ruzapfu valley, Kikruma Village, Phek District, Nagaland",Nagaland,landslide,downpour,medium,unknown,0.0,,94.1099,25.6682,394.9482142925263,1256.4740478992462,1797.8039905428886,20.952325439453148,0.479339599609375,0.4747270047664642,863.703984375,1437.6785888671875,3.90062880412572,233.3668276450973,10,Tree cover,1
3672,2011-06-29 00:00:00,"Portions of NH 39, Connectin Manipur with Assam via Nagaland","Portions of NH 39, Connectin Manipur with Assam via Nagaland",Assam,landslide,downpour,medium,unknown,0.0,,93.3613,25.5125,45.64142227172852,297.1070557832718,717.4939066171646,25.004266357421898,0.453326553106308,0.4708900451660156,944.634375,329.7398986816406,1.956921057597104,180.3409211254721,10,Tree cover,1
3683,2011-07-01 00:00:00,NH-61 between Botsa and Chiechama,NH-61 between Botsa and Chiechama,Nagaland,landslide,downpour,medium,unknown,0.0,,94.1739,25.8782,155.88058531284332,879.7564953565598,1817.660704255104,23.212030029296898,0.489938735961914,0.4868087768554687,896.524375,1384.907470703125,13.6678762421164,295.19649785621783,10,Tree cover,1
3738,2011-07-06 00:00:00,"National Highway 53, Sinam Khul (near Kotlen; ~25 km from Imphal)","National Highway 53, Sinam Khul (near Kotlen; ~25 km from Imphal)",Manipur,landslide,downpour,medium,unknown,6.0,,93.9482,24.8063,31.54422715306282,158.01337733864784,591.6255377233028,23.2033630371094,0.4848047792911529,0.489664077758789,913.849921875,780.5044555664062,0.0689653263340483,112.45615169784952,50,Built-up,1
3741,2011-07-07 00:00:00,Maram (80 km north of Imphal),Maram (80 km north of Imphal),Nagaland,landslide,rain,medium,unknown,0.0,,94.1079,25.4191,93.30670535564424,399.4007557630539,972.5529700517654,20.2883239746094,0.4963938295841217,0.496347427368164,861.993828125,1384.4271240234375,4.757557104755323,94.41850459131604,40,Cropland,1
3760,2011-07-11 09:00:00,"NH-61, 1 km before reaching Botsa","NH-61, 1 km before reaching Botsa",Nagaland,landslide,downpour,medium,unknown,0.0,,94.1095,25.6703,151.77880227565765,385.6931701302528,981.357291340828,22.095513916015648,0.4876371920108795,0.4923477172851562,863.196953125,1437.6785888671875,3.90062880412572,233.3668276450973,50,Built-up,1
3776,2011-07-15 18:00:00,Itanagar/Naharlagur/Nirjuli,Itanagar/Naharlagur/Nirjuli,Arunachal Pradesh,landslide,downpour,small,unknown,0.0,,93.7145,27.125,442.08016991615295,1023.4803557395936,1276.5744850039482,24.132684326171898,0.4267355501651764,0.4316240847110748,966.734140625,132.2533721923828,0.2597239875720345,355.12881191306167,60,Bare / sparse vegetation,1
3789,2011-07-16 00:00:00,Mebua (8 km from Seppa),Mebua (8 km from Seppa),Arunachal Pradesh,landslide,downpour,medium,unknown,0.0,,92.9064,27.2743,127.49142944812776,2096.1865931749344,3885.5979591608047,20.640588378906276,0.4238929748535156,0.4253762662410736,886.76,619.49560546875,18.293491867925315,137.40480061286024,10,Tree cover,1
3794,2011-07-17 00:00:00,West Bengal-Sikkim at highway Rambi,West Bengal-Sikkim at highway Rambi,Sikkim,landslide,rain,medium,above_road,,,88.42280921,26.99195749,397.8900611400604,2304.912894964218,3271.2304294109344,21.591516113281276,0.4225851595401764,0.4253667294979095,885.754765625,368.9798278808594,15.92769788296538,105.5497579156226,10,Tree cover,1
3806,2011-07-19 00:00:00,"Itanagar (one near Pachali power house, one near Heema Hospital, and one nearRomik Colony at P Sector)","Itanagar (one near Pachali power house, one near Heema Hospital, and one nearRomik Colony at P Sector)",Arunachal Pradesh,landslide,downpour,medium,unknown,3.0,,93.6884,27.1032,188.6029839515686,573.5676437616348,1998.3761459589005,24.886346435546898,0.4196859896183014,0.4234510958194732,963.891875,155.5460968017578,1.2825013168660084,304.6172431861145,50,Built-up,1
3805,2011-07-19 00:00:00,200 meters from Teesta Bridge towards Siliguri,200 meters from Teesta Bridge towards Siliguri,Sikkim,landslide,rain,medium,above_road,0.0,,88.42572376,27.05374234,1051.1386394500732,1562.181919813156,4232.270926237106,21.512994384765648,0.4302520751953125,0.4317105710506439,879.065625,315.9908752441406,13.654978430035202,60.87036444794006,10,Tree cover,1
3830,2011-07-22 00:00:00,Manipur,Manipur,Manipur,landslide,downpour,small,unknown,0.0,,94.3429,24.3527,386.5431845188141,919.5516407489775,2159.443140029907,24.046929931640648,0.4474601745605469,0.4544270932674408,949.084140625,,,,10,Tree cover,1
3831,2011-07-22 00:00:00,Heibok Hills,Heibok Hills,Manipur,landslide,downpour,medium,unknown,0.0,,93.948,24.7992,168.10551285743713,518.6403095722198,1244.0974861383438,23.375543212890648,0.4732061922550201,0.4883378446102142,910.787109375,780.3362426757812,0.0933354394915923,114.42534806471934,60,Bare / sparse vegetation,1
3837,2011-07-24 12:30:00,NH 37,NH 37,Assam,landslide,downpour,medium,unknown,0.0,,93.0038,26.5836,99.13258254528046,540.9818440675735,2089.8211374878883,27.926354980468773,0.4935328066349029,0.4909197390079498,990.4115625,68.0242691040039,0.4272795045325537,335.6483081781262,40,Cropland,1
3840,2011-07-25 00:00:00,Manipur,Manipur,Manipur,landslide,downpour,medium,unknown,0.0,,93.9157,24.6869,41.0650447010994,143.75221356749535,1045.8287261426449,24.475213623046898,0.4265969693660736,0.4245758056640625,918.042578125,771.821533203125,0.0649232122296196,63.62862409347474,40,Cropland,1
3860,2011-07-29 00:00:00,"Maram, Manipur","Maram, Manipur",Nagaland,landslide,rain,medium,unknown,0.0,,94.108,25.4192,231.63357377052307,519.2241072654724,1383.735053241253,21.040307617187523,0.4643325805664062,0.494363784790039,859.032578125,1384.4271240234375,4.757557104755323,94.41850459131604,30,Grassland,1
3881,2011-08-05 00:00:00,Itanagar,Itanagar,Arunachal Pradesh,landslide,downpour,medium,unknown,0.0,,93.6885,27.1034,308.6547255516052,559.0705275535583,667.2757901251316,25.076531982421898,0.4192047119140625,0.4267965853214264,965.496953125,155.5460968017578,1.2825013168660084,304.6172431861145,50,Built-up,1
3912,2011-08-12 00:00:00,East Kameng district in Arunachal Pradesh bordering China,East Kameng district in Arunachal Pradesh bordering China,Arunachal Pradesh,landslide,rain,medium,unknown,0.0,,92.2833,27.44,49.6119037270546,185.61961874365807,752.9940865933895,19.690332031250023,0.4050928652286529,0.4079055786132812,797.078203125,2554.63134765625,18.012239633830582,244.90803738125996,10,Tree cover,1
3916,2011-08-13 08:00:00,"Chumukedima, Dimapur","Chumukedima, Dimapur",Assam,mudslide,downpour,medium,unknown,0.0,,93.8067,25.7713,396.0871994495392,890.2433514595032,2234.82146859169,25.0309997558594,0.4819265902042389,0.493939071893692,964.060546875,268.5067749023437,5.715667617272849,149.09501445049003,10,Tree cover,1
3925,2011-08-15 00:00:00,"East Kameng, Arunachal Pradesh","East Kameng, Arunachal Pradesh",Arunachal Pradesh,landslide,downpour,medium,unknown,0.0,,93.0153,27.4888,1089.5687341690063,1757.7282786369324,2535.368964076042,19.756890869140648,0.4290784299373626,0.4290390014648437,882.014375,460.8761901855469,8.545663515376845,22.312277393139368,10,Tree cover,1
3927,2011-08-16 08:00:00,"Garo Hills, Tura","Garo Hills, Tura",Meghalaya,landslide,downpour,medium,unknown,6.0,,90.2167,25.5144,903.8665890693665,1194.9250847101212,2907.798880711198,23.8281188964844,0.4865932464599609,0.4908714294433594,970.839765625,340.00689697265625,3.906063737419891,249.94238361653936,10,Tree cover,1
3932,2011-08-18 00:00:00, Botsa  and Chiechama, Botsa  and Chiechama,Nagaland,landslide,monsoon,medium,unknown,0.0,,94.13,25.83,64.55399096012115,315.7404065132141,1141.966976225376,21.689508056640648,0.4884160459041595,0.4775390625,906.854453125,1003.880859375,7.745322713433802,322.2420793424199,40,Cropland,1
3965,2011-09-06 08:00:00,NH 37 at Awang Khul ,NH 37 at Awang Khul ,Assam,landslide,rain,medium,unknown,3.0,,93.117,24.808,105.34216463565826,380.6640952825546,655.5647924542427,25.682733154296898,0.422253280878067,0.4176222383975982,985.993359375,33.11048889160156,0.477172774139083,11.63993945497134,50,Built-up,1
3983,2011-09-23 00:00:00,"Maighuli, Guwahati, Meghalaya","Maighuli, Guwahati, Meghalaya",Assam,landslide,downpour,large,unknown,4.0,,91.7351,26.1548,180.5523633956909,798.0223894119263,1594.110131263733,26.673211669921898,0.4937769472599029,0.4994468688964844,995.338125,54.70600509643555,2.6630794621528007,104.31657079654804,50,Built-up,1
4241,2012-03-04 00:00:00,Tamei constituency in Tamenlong district,Tamei constituency in Tamenlong district,Manipur,landslide,unknown,medium,unknown,0.0,,93.6795,25.1604,23.863574489951134,125.4865862429142,342.37841115918854,15.253778076171898,0.2947019040584564,0.2241185456514358,905.807421875,1063.9306640625,8.679148070855804,172.85446837203017,10,Tree cover,1
4313,2012-04-08 00:00:00,"Endulin Nallah, Mayodia, 17-camp, 83-camp","Endulin Nallah, Mayodia, 17-camp, 83-camp",Arunachal Pradesh,landslide,downpour,medium,unknown,0.0,,95.86,28.4659,134.17866826057434,1004.3822824954988,1389.9854634810254,9.798272705078148,0.4220314025878906,0.4236742556095123,811.727734375,,,,10,Tree cover,1
4378,2012-06-02 00:00:00,"Arunachal Pradesh, Dibang,","Arunachal Pradesh, Dibang,",Arunachal Pradesh,landslide,downpour,medium,unknown,,,96.1517,28.8254,333.412766456604,550.8383810520172,622.4377420730889,4.858209228515648,0.4279867708683014,0.4283332824707031,681.528984375,,,,10,Tree cover,1
4377,2012-06-02 00:00:00,"Guwahati, Assam","Guwahati, Assam",Assam,landslide,downpour,large,unknown,,,91.7356,26.1475,161.60820424556732,745.8223700523376,1115.4268849641085,26.304010009765648,0.4939874112606048,0.4827486574649811,974.669375,51.78913116455078,0.4662752950636524,105.18457362830516,50,Built-up,1
4382,2012-06-03 00:00:00," between Harangajao and Mailongdisa, Assa,"," between Harangajao and Mailongdisa, Assa,",Assam,landslide,downpour,medium,unknown,,,92.8573,25.1175,2727.407932281494,4349.215626716614,5116.73441156745,23.681665039062523,0.460705429315567,0.4625148773193359,931.838515625,169.94003295898438,5.287925185900964,154.92157843644782,10,Tree cover,1
4383,2012-06-03 00:00:00,"between Maibang and Daotohaja, Assam","between Maibang and Daotohaja, Assam",Assam,landslide,downpour,medium,unknown,,,93.1265,25.3056,2372.1847534179688,3442.202746868133,4351.266769692302,24.428735351562523,0.4742094576358795,0.4819857180118561,953.707265625,322.4370422363281,8.070359727665092,87.58743653135366,10,Tree cover,1
4384,2012-06-03 00:00:00,"between Haflong and  Bagetar, Assam","between Haflong and  Bagetar, Assam",Assam,landslide,downpour,medium,unknown,,,93.0123,25.1775,2813.694477081299,4107.146590948105,5029.941534623504,23.259790039062523,0.4747587740421295,0.487384170293808,927.808984375,719.3320922851562,5.109549463494042,61.90016545284584,10,Tree cover,1
4394,2012-06-07 04:30:00,"Rolep, South Sikkim( Mapping to Rhenock 12 miles from Rolep)","Rolep, South Sikkim( Mapping to Rhenock 12 miles from Rolep)",Sikkim,landslide,rain,large,unknown,7.0,,88.6458,27.1748,45.45610398054123,90.18535166978836,715.613130480051,21.164361572265648,0.3813114166259765,0.3739897310733795,860.942265625,931.6356201171876,17.881811278484562,238.76957820535995,10,Tree cover,1
4403,2012-06-10 00:00:00,"Imphal-Jiribam section of NH-37 , Manipur","Imphal-Jiribam section of NH-37 , Manipur",Manipur,landslide,downpour,very_large,unknown,,,93.5444,24.8142,196.38878107070923,273.9284560084343,570.5758668482304,23.942803955078148,0.4141438901424408,0.4063027799129486,931.359140625,556.4702758789062,16.40804950259465,186.20129575002997,10,Tree cover,1
4407,2012-06-13 00:00:00,"NH44, Malidhor area,  Baleswar","NH44, Malidhor area,  Baleswar",Assam,landslide,downpour,medium,unknown,,,92.3567,25.0951,145.2055722475052,694.0357983112335,2613.2997274398804,26.129449462890648,0.4730180203914642,0.4708156585693359,970.984296875,297.963623046875,13.400488207678569,291.03940637039443,10,Tree cover,1
4408,2012-06-13 00:00:00,"NH44, Kuliang","NH44, Kuliang",Meghalaya,landslide,downpour,medium,unknown,,,92.0757,25.5498,128.77130508422852,414.7731363773346,1085.054233670235,21.801721191406276,0.4872373044490814,0.4642785489559173,870.210546875,1229.9385986328125,3.666134470122556,59.41298618573347,10,Tree cover,1
4411,2012-06-14 04:00:00,"Tathangchen, Gangtok, Sikkim ","Tathangchen, Gangtok, Sikkim ",Sikkim,landslide,downpour,medium,unknown,,,88.6065,27.339,255.7017207145691,478.5924255847931,967.621311545372,20.582055664062523,0.4206180572509765,0.424578994512558,844.6971875,1469.758056640625,17.94398388888501,255.26301919686688,50,Built-up,1
4424,2012-06-20 00:00:00,"Lalunggaon, Guwahati,  Assam","Lalunggaon, Guwahati,  Assam",Assam,landslide,downpour,medium,unknown,,,91.7351,26.149,461.71802282333374,914.9793684482574,1680.2995279431343,26.809350585937523,0.4870408475399017,0.4868081510066986,972.3578125,51.78913116455078,0.4662752950636524,105.18457362830516,50,Built-up,1
4426,2012-06-22 00:00:00,Lalunggaon near Gorchuk area,Lalunggaon near Gorchuk area,Assam,landslide,downpour,medium,unknown,3.0,,91.7162,26.1226,627.0764470100403,2250.912666320801,3175.567202270031,25.582818603515648,0.4800643920898437,0.4854628145694732,976.343671875,61.986793518066406,2.7733788381789446,103.78881343798572,50,Built-up,1
4435,2012-06-25 00:00:00,"Tirap , Arunachal Pradesh","Tirap , Arunachal Pradesh",Arunachal Pradesh,landslide,downpour,large,unknown,,,95.8011,27.174,630.9899687767029,1363.9459311962128,3378.654316067696,23.265557861328148,0.4798431396484375,0.4928232729434967,928.101953125,,,,40,Cropland,1
4436,2012-06-25 00:00:00,"Khonsa, Arunachal Pradesh","Khonsa, Arunachal Pradesh",Arunachal Pradesh,landslide,downpour,medium,unknown,,,95.4993,26.9986,575.9314894676208,1320.7319378852844,3314.1236305236816,22.211358642578148,0.4803861081600189,0.4909915924072265,903.6128125,634.2667236328125,3.5073970442754114,303.1471363330824,10,Tree cover,1
4434,2012-06-25 18:00:00,"Sonaighuli area near Kahilipara, Guwahati City, Assam","Sonaighuli area near Kahilipara, Guwahati City, Assam",Assam,landslide,downpour,large,unknown,1.0,,91.7369,26.1049,647.2974419593811,2124.239504337311,4690.452545881271,25.337091064453148,0.4939359128475189,0.480804443359375,971.8778125,118.1657485961914,5.000302138287267,309.954898113724,10,Tree cover,1
4446,2012-07-05 00:00:00,"Tuting, Upper Siang , Arunachal Pradesh","Tuting, Upper Siang , Arunachal Pradesh",Arunachal Pradesh,landslide,downpour,large,unknown,,,94.8885,28.9986,823.5083818435669,1918.8580811023712,2652.0782113075256,18.297052001953148,0.428698867559433,0.429178237915039,828.024921875,,,,10,Tree cover,1
4552,2012-09-14 00:00:00,"Takdah, West Bengal","Takdah, West Bengal",Sikkim,landslide,downpour,medium,unknown,,,88.3603,27.0377,1044.918656349182,2140.494167804718,2483.298882842064,20.262017822265648,0.4255892336368561,0.4258003234863281,888.5103125,1495.0576171875,15.1203979993667,147.47484597811797,10,Tree cover,1
4556,2012-09-16 00:00:00,"Namchi to Phongla, Namchi to Melli ,Namchi to Sumbuk","Namchi to Phongla, Namchi to Melli ,Namchi to Sumbuk",Sikkim,landslide,downpour,medium,unknown,,,88.3651,27.1675,745.7249760627747,2619.356572628021,4086.588025093079,19.659295654296898,0.4343598783016205,0.4340629577636719,874.558359375,1434.60986328125,11.769474237070067,150.69215203557656,50,Built-up,1
4570,2012-09-19 00:00:00, Arunachal Pradesh , Arunachal Pradesh ,Arunachal Pradesh,landslide,downpour,medium,unknown,,,95.2253,27.8458,736.375629901886,1551.587462425232,2567.633330821991,24.409234619140648,0.4704659879207611,0.4982312619686126,985.943125,134.50047302246094,0.1839233120027931,147.7953075486904,40,Cropland,1
4610,2012-11-11 00:00:00,"Dapchhuah, Mamit, Mizoram","Dapchhuah, Mamit, Mizoram",Mizoram,landslide,downpour,medium,unknown,4.0,,92.5217,23.7705,2.317926147952676,5.502913842065027,542.6518365238735,19.653192138671898,0.362866073846817,0.3692900240421295,961.513125,74.835205078125,4.898545278699525,264.85824031246943,10,Tree cover,1
4757,2013-02-18 00:00:00,"East Siang, Arunachal Pradesh","East Siang, Arunachal Pradesh",Arunachal Pradesh,landslide,rain,medium,unknown,3.0,2.0,95.1645,28.1193,238.33969235420227,414.4720863550901,428.0509015188727,12.950646972656273,0.393411636352539,0.2913176119327545,926.635703125,696.5213623046875,17.542014670303704,249.12720299143,10,Tree cover,1
4798,2013-04-07 00:00:00,"Dibang Valley, Arunachal Pradesh","Dibang Valley, Arunachal Pradesh",Arunachal Pradesh,landslide,rain,medium,unknown,,,96.1509,28.8254,31.201383098959923,545.4546865075827,1245.2860716730356,0.0498596191406477,0.4183311462402344,0.4189395904541015,682.16109375,,,,10,Tree cover,1
4845,2013-05-07 00:00:00,"Kolasib, Saiha, Mizoram,","Kolasib, Saiha, Mizoram,",Mizoram,mudslide,rain,medium,unknown,,,92.6755,24.2315,664.5793318748474,1007.4714124202728,1319.7744265198708,22.853570556640648,0.4244143068790436,0.4140408933162689,973.421328125,686.005126953125,6.667447063238638,254.96080305649667,50,Built-up,1
4848,2013-05-08 00:00:00,"Purba Simna, Tripura","Purba Simna, Tripura",Tripura,landslide,rain,medium,unknown,1.0,,91.4663,24.0896,843.4969782829285,2612.0495796203613,4900.163682177663,23.266046142578148,0.4288806915283203,0.4293498992919922,1000.4565625,108.52161407470705,1.4272561552983816,308.4795637045271,10,Tree cover,1
4860,2013-05-11 00:00:00,"Boragaon, North Guwahati, Guwahati, Assam,","Boragaon, North Guwahati, Guwahati, Assam,",Assam,landslide,rain,medium,unknown,,,91.6906,26.1016,115.43354392051695,403.9637893438339,718.962486833334,24.176324462890648,0.483929306268692,0.4923623502254486,980.188359375,123.84352111816406,12.244453475034453,7.4749115910407795,10,Tree cover,1
4859,2013-05-11 00:00:00,"Sarania Hills, North Guwahati, Guwahati, Assam,","Sarania Hills, North Guwahati, Guwahati, Assam,",Assam,landslide,rain,medium,unknown,,1.0,91.7599,26.1771,120.2905923128128,451.6031891107559,764.0434131026268,24.620721435546898,0.4814999997615814,0.4944909512996673,993.983359375,60.27781677246094,2.501297270532758,268.0854799655661,50,Built-up,1
4858,2013-05-11 09:00:00,"Nursery, North Guwahati, Guwahati, Assam,","Nursery, North Guwahati, Guwahati, Assam,",Assam,landslide,rain,medium,unknown,,,91.7138,26.1662,137.78656721115112,431.40909075737,737.573379650712,24.665826416015648,0.4887580871582031,0.4981587827205658,995.380859375,86.33514404296875,7.174728149056435,73.27050336143128,50,Built-up,1
4857,2013-05-11 09:00:00,"Laipuitland , Aizawl, Mizoram","Laipuitland , Aizawl, Mizoram",Mizoram,landslide,rain,large,unknown,15.0,,92.7175,23.7281,107.33494162559508,340.7026678323746,1110.40860414505,24.139215087890648,0.3956629335880279,0.3850574493408203,941.19625,1055.707763671875,2.608922055512835,76.53905291156252,50,Built-up,1
4861,2013-05-12 00:00:00,"Khongsang, Tamenglong, Manipur,","Khongsang, Tamenglong, Manipur,",Assam,mudslide,rain,medium,unknown,,,93.4946,24.9926,151.8993377685547,2777.7931690216064,6962.318897247314,22.390283203125023,0.4211463928222656,0.4233621060848236,931.622265625,1132.327880859375,9.5369468422031,257.9150821856824,50,Built-up,1
4892,2013-06-01 00:00:00,Upper Subansiri,Upper Subansiri,Arunachal Pradesh,landslide,downpour,large,unknown,,,94.25,27.8776,197.6781040430069,868.2567328214645,1630.5454894900322,21.820672607421898,0.4231815338134765,0.4246807098388672,920.772265625,1014.2068481445312,16.907746661576752,178.03776024650074,10,Tree cover,1
4906,2013-06-07 00:00:00,"Helipong-Chessore Road, Nagaland","Helipong-Chessore Road, Nagaland",Nagaland,landslide,unknown,medium,unknown,,,94.7499,26.0977,198.32581281661987,561.6632103919983,869.7045557200909,19.144952392578148,0.4713706970214844,0.4813543856143951,824.371640625,1509.18896484375,9.154564458759038,333.9183338108448,10,Tree cover,1
4905,2013-06-07 00:00:00,"Kuthur – Huker Road Via Y Anner, Chessore, Nagaland","Kuthur – Huker Road Via Y Anner, Chessore, Nagaland",Nagaland,landslide,unknown,medium,unknown,,,94.7031,26.0977,198.32581281661987,561.6632103919983,869.7045557200909,19.144952392578148,0.4713706970214844,0.4813543856143951,824.371640625,1710.3524169921875,21.020312755639026,354.49277428874007,10,Tree cover,1
4908,2013-06-08 17:00:00,"15 Km From Gangtok, Himalayans","15 Km From Gangtok, Himalayans",Sikkim,landslide,downpour,medium,unknown,0.0,,88.708,27.3721,351.49750113487244,964.991807937622,1728.9095520973206,13.134149169921898,0.4283383786678314,0.4299653470516205,707.452578125,3125.61279296875,27.93812527245577,249.03590489883655,50,Built-up,1
4990,2013-06-27 23:00:00,"Near Changu Lake, 15Km Away From Nathu La, On India-China Border In Eastern Sikkim","Near Changu Lake, 15Km Away From Nathu La, On India-China Border In Eastern Sikkim",Sikkim,landslide,downpour,medium,unknown,0.0,,88.7628,27.3765,477.18101739883423,1652.5574922561646,3160.079598426819,9.249688720703148,0.4258041381835937,0.4265804290771484,635.929375,3757.88720703125,8.163739033151451,195.52331757178783,30,Grassland,1
5005,2013-07-01 00:00:00,"Walo Ward, Mon Town, Wokha District, Nagaland","Walo Ward, Mon Town, Wokha District, Nagaland",Nagaland,landslide,downpour,medium,unknown,0.0,,95.029,26.72,227.22698748111725,841.2496149539948,1934.4086349010468,24.913385009765648,0.4775930941104889,0.4824085235595703,926.422265625,706.0902099609375,3.9986915018952103,73.37759309432857,50,Built-up,1
5006,2013-07-01 00:00:00,"Thillong Village, Doyang Along State Highway 1, Wokha To Merapani Road","Thillong Village, Doyang Along State Highway 1, Wokha To Merapani Road",Nagaland,landslide,downpour,medium,unknown,0.0,,94.3864,26.1147,189.83612954616547,689.4566267728806,1604.63048517704,24.4992614746094,0.4945761263370514,0.4682604372501373,917.882265625,401.3453369140625,2.8334776693523853,165.58401288489745,10,Tree cover,1
5087,2013-07-12 00:00:00,"National Highway 29 Near Phesama Village, Nagaland","National Highway 29 Near Phesama Village, Nagaland",Nagaland,landslide,downpour,medium,unknown,0.0,,94.1139,25.6269,415.74203968048096,687.9843175411224,1356.5676137804985,18.572930908203148,0.4922758638858795,0.4984512329101562,827.043203125,1568.7457275390625,8.753599146393153,54.76682196821287,50,Built-up,1
5084,2013-07-12 23:00:00,"National Highway 2 Near Phesama Village Close To Kisama Naha Heritage Site, Kohima District, Nagaland","National Highway 2 Near Phesama Village Close To Kisama Naha Heritage Site, Kohima District, Nagaland",Nagaland,landslide,downpour,medium,unknown,0.0,,94.1167,25.616,415.74203968048096,687.9843175411224,1356.5676137804985,18.572930908203148,0.4922758638858795,0.4984512329101562,827.043203125,1658.54150390625,23.521187717740894,91.96549316646376,10,Tree cover,1
5107,2013-07-15 00:00:00,"National Highway 29 Near Phesama Village, Nagaland","National Highway 29 Near Phesama Village, Nagaland",Nagaland,landslide,rain,medium,unknown,0.0,,94.1139,25.6269,180.2268028259277,528.7278890609741,1305.2209466695786,20.0895935058594,0.474194198846817,0.4919567108154297,825.1415625,1568.7457275390625,8.753599146393153,54.76682196821287,50,Built-up,1
5122,2013-07-17 00:00:00,"National Highway 29 Between Patkai Bridge And Kukidolong, Nagaland","National Highway 29 Between Patkai Bridge And Kukidolong, Nagaland",Nagaland,mudslide,rain,medium,unknown,0.0,,93.9413,25.7658,62.7538412809372,1112.5758737325668,1709.546186029911,25.305810546875023,0.4802513122558594,0.4634030759334564,934.485,1044.7733154296875,18.136584345812256,243.29601166819572,50,Built-up,1
5123,2013-07-17 00:00:00,"National Highway 2 Near Meriema Village, 10 Km Away From Kohima","National Highway 2 Near Meriema Village, 10 Km Away From Kohima",Nagaland,mudslide,rain,medium,unknown,0.0,,94.0885,25.7131,119.85684931278227,1253.5623461008072,2202.3276537656784,21.833398437500023,0.4990571439266205,0.4989961087703705,863.927890625,1439.761962890625,4.142140102743619,270.531531012945,10,Tree cover,1
5250,2013-08-01 00:00:00,"Polo River At Polosang, Arunachal Pradesh","Polo River At Polosang, Arunachal Pradesh",Arunachal Pradesh,mudslide,rain,medium,unknown,,,93.0515,27.8837,186.9220733642578,405.4790958762169,1346.1774811148643,16.111444091796898,0.420346587896347,0.419482558965683,754.658203125,1756.45751953125,17.220926524785423,136.88373876667254,10,Tree cover,1
5269,2013-08-04 00:00:00,"Tizu, Nagaland","Tizu, Nagaland",Nagaland,landslide,continuous_rain,medium,unknown,,,94.5234,25.8376,91.9957160949707,270.63434943556786,463.700263760984,21.438165283203148,0.4884789884090423,0.48138427734375,842.1278125,806.0603637695312,3.620994023286006,128.09780222254585,40,Cropland,1
5275,2013-08-04 00:00:00,"Suruhuto Town, Nagaland","Suruhuto Town, Nagaland",Nagaland,landslide,monsoon,medium,unknown,,,94.6055,26.1498,134.9819153547287,486.68836802244186,973.1276631355286,20.867120361328148,0.4969698488712311,0.4943714141845703,838.951953125,1665.1173095703125,19.86843901390913,147.48477902621926,10,Tree cover,1
5272,2013-08-04 00:00:00,"Longsa, Nagaland","Longsa, Nagaland",Nagaland,landslide,monsoon,medium,unknown,,,94.5438,26.2083,115.29041826725006,414.0557646751404,965.441770851612,23.673913574218773,0.4935804903507232,0.4936186373233795,894.896015625,1495.33251953125,1.864008246326144,301.6516703480293,10,Tree cover,1
5271,2013-08-04 00:00:00,"Nanga, Nagaland","Nanga, Nagaland",Nagaland,landslide,continuous_rain,medium,unknown,,,94.5808,26.284,153.02446484565735,484.14330184459686,1221.0216522216797,23.416345214843773,0.4856986999511719,0.4973583221435547,889.926015625,771.00439453125,1.6296631783466915,358.2270245219688,10,Tree cover,1
5268,2013-08-04 00:00:00,"Zunheboto, Nagaland","Zunheboto, Nagaland",Nagaland,landslide,continuous_rain,medium,unknown,,,94.5163,26.0137,88.24130892753601,346.70449793338776,643.5313746333122,22.506036376953148,0.4861526489257812,0.4751459658145904,871.3403125,1628.5465087890625,13.144068081370838,286.79501747747133,30,Grassland,1
5270,2013-08-04 00:00:00,"Phizo, Nagaland","Phizo, Nagaland",Nagaland,landslide,continuous_rain,medium,unknown,,,94.4619,26.0481,88.24130892753601,346.70449793338776,643.5313746333122,22.506036376953148,0.4861526489257812,0.4751459658145904,871.3403125,988.5084838867188,19.333181089154444,290.76900448453694,10,Tree cover,1
5274,2013-08-04 00:00:00,"Suruhuto Town, Nagaland","Suruhuto Town, Nagaland",Nagaland,landslide,rain,medium,unknown,,,94.564,26.0838,134.9819153547287,486.68836802244186,973.1276631355286,20.867120361328148,0.4969698488712311,0.4943714141845703,838.951953125,1783.351806640625,13.854613021483038,101.35206067795788,10,Tree cover,1
5273,2013-08-04 00:00:00,"Zhekuto, Nagaland","Zhekuto, Nagaland",Nagaland,landslide,monsoon,medium,unknown,,,94.5497,26.1807,115.29041826725006,414.0557646751404,965.441770851612,23.673913574218773,0.4935804903507232,0.4936186373233795,894.896015625,1596.9862060546875,12.839354693833652,258.62613224037057,30,Grassland,1
5300,2013-08-09 00:00:00,"Senapati, Manipur","Senapati, Manipur",Nagaland,landslide,downpour,large,unknown,,,94.0441,25.318,96.4016243815422,465.6166806817055,1969.826452434063,19.952905273437523,0.4221369326114654,0.420663833618164,858.248125,1008.3526000976562,4.383441676125514,298.2507432183308,40,Cropland,1
5312,2013-08-11 23:00:00,Kangtsung Village,Kangtsung Village,Assam,landslide,downpour,very_large,unknown,0.0,,94.693,26.7103,246.78218364715576,540.1633381843567,1481.3680797815323,24.6015563964844,0.4756380617618561,0.4875265657901764,953.45625,652.4923706054688,4.481911638814571,248.24238451689604,10,Tree cover,1
5427,2013-08-15 00:00:00,"Koide Government High School, Senapati, Manipur","Koide Government High School, Senapati, Manipur",Nagaland,landslide,downpour,medium,unknown,,,94.1884,25.3833,136.58034801483154,660.5852693319321,2003.7923008203504,19.997094726562523,0.4489688873291015,0.4885298311710357,845.728828125,1649.761474609375,1.1322035255287777,275.24039010337617,10,Tree cover,1
5337,2013-08-16 00:00:00,"Yakshu, Nagaland","Yakshu, Nagaland",Nagaland,landslide,rain,medium,unknown,,,94.9731,26.4205,207.10325241088867,492.2391176223755,1384.9354088306427,20.454217529296898,0.4259357452392578,0.4270095825195312,855.449296875,692.2982177734375,3.009792004546396,301.4854691815915,30,Grassland,1
5338,2013-08-16 00:00:00,"Longlem, Nagaland","Longlem, Nagaland",Assam,landslide,rain,medium,unknown,,,94.9275,26.8727,87.23828196525574,350.7704697549343,1063.408773392439,26.899285888671898,0.4463068544864654,0.4562136232852936,975.802890625,132.86862182617188,0.3643552414628594,75.84431116196617,60,Bare / sparse vegetation,1
5336,2013-08-16 00:00:00,"Tobu, Nagaland","Tobu, Nagaland",Nagaland,landslide,rain,medium,unknown,,,94.9439,26.3897,172.3884791135788,582.1204334497452,1690.2138590812683,21.732934570312523,0.4446252286434173,0.461160659790039,881.07625,627.07861328125,13.090548270636058,207.77029875351613,10,Tree cover,1
5343,2013-08-17 23:00:00,The Imphal-Jiribam Section Of Nh-37 In Tamenglong District,The Imphal-Jiribam Section Of Nh-37 In Tamenglong District,Assam,landslide,continuous_rain,medium,unknown,,,93.4341,24.7625,161.73920035362244,434.8837360739708,953.4618705511092,23.257897949218773,0.4229017794132232,0.4218177795410156,932.318359375,530.8098754882812,13.157546274382067,132.86828488883577,10,Tree cover,1
5421,2013-08-30 00:00:00,"Yakshu, Nagaland","Yakshu, Nagaland",Nagaland,mudslide,unknown,medium,unknown,,,94.9731,26.4205,126.10259652137756,403.777077794075,1246.3263720273972,20.736993408203148,0.4193318784236908,0.4197807312011719,857.067578125,692.2982177734375,3.009792004546396,301.4854691815915,30,Grassland,1
5430,2013-09-01 00:00:00,"Tamenglong- Khongsang Road, Manipur","Tamenglong- Khongsang Road, Manipur",Manipur,mudslide,continuous_rain,medium,unknown,0.0,,93.487,24.9037,55.51023781299591,124.94473159313202,1168.9484044909475,24.5043884277344,0.4012921750545501,0.3996690213680267,941.201484375,1306.1046142578125,13.125685326680651,253.8286471239379,50,Built-up,1
5431,2013-09-01 00:00:00,"Tamenglong, Manipur","Tamenglong, Manipur",Assam,mudslide,continuous_rain,medium,unknown,0.0,,93.5063,24.9829,58.15989151597023,135.49942895770073,1145.854726433754,24.049615478515648,0.4005877077579498,0.3986466825008392,931.296484375,1317.85009765625,6.377900310336232,324.7675866268781,10,Tree cover,1
5429,2013-09-01 18:00:00,Tamabong Village In Sikkim State,Tamabong Village In Sikkim State,Sikkim,landslide,downpour,medium,unknown,5.0,,88.2426,27.3425,573.3753442764282,843.0556803941727,1768.9556926488876,17.728570556640648,0.4277922213077545,0.4261722564697265,809.348515625,1447.2020263671875,27.906036521936876,207.82629545405464,10,Tree cover,1
5441,2013-09-02 00:00:00,"Gosang Village Under Jengging Circle, Arunachal Pradesh","Gosang Village Under Jengging Circle, Arunachal Pradesh",Arunachal Pradesh,landslide,downpour,large,unknown,,,94.9829,28.611,671.7022061347961,1265.8893316984177,2350.4844307899475,19.9016052246094,0.4285545349121094,0.4284712374210357,864.347109375,1664.8720703125,29.887614813119487,50.82827803927125,10,Tree cover,1
5442,2013-09-02 00:00:00,Arunachal Pradesh,Arunachal Pradesh,Arunachal Pradesh,landslide,downpour,large,unknown,,,93.7525,27.1614,189.55065310001373,562.207967042923,1023.1568291783332,24.420465087890648,0.4252916872501373,0.428997665643692,953.426640625,144.6433868408203,3.5835863908958805,254.06032380667887,50,Built-up,1
5476,2013-09-07 15:00:00,14 Milestone Of J N Marg Near Kyangnosola (East Sikkim),14 Milestone Of J N Marg Near Kyangnosola (East Sikkim),Sikkim,landslide,rain,medium,unknown,0.0,,88.7323,27.3736,43.26741769909859,646.969635039568,2484.637040644884,11.561517333984398,0.403958648443222,0.4096794128417969,710.990078125,3543.986083984375,17.010421812892037,265.5025113599347,30,Grassland,1
5552,2013-09-24 00:00:00,"Ukhrul, Manipur","Ukhrul, Manipur",Manipur,landslide,unknown,medium,unknown,,,94.3619,25.0985,106.64628446102142,159.92115065455437,400.5824532359839,20.271112060546898,0.4023342132568359,0.3940881192684173,841.742890625,1867.73095703125,1.645058229616398,317.3026211856342,60,Bare / sparse vegetation,1
5575,2013-10-05 23:00:00,"Chiechama, Nagaland","Chiechama, Nagaland",Nagaland,mudslide,continuous_rain,medium,unknown,0.0,,94.1497,25.8266,448.7433433532715,786.0217094421387,1019.0721764229238,20.591455078125023,0.4847221374511719,0.4788405001163482,908.708125,1409.963134765625,5.0377802536534775,327.48549035838386,10,Tree cover,1
5584,2013-10-06 00:00:00,"Nilachal Hill, Guwahati, Assam","Nilachal Hill, Guwahati, Assam",Assam,landslide,downpour,medium,unknown,0.0,,91.7049,26.1665,370.4261779785156,701.598048210144,884.6769161173142,23.762322998046898,0.4701773226261139,0.4960772097110748,1000.43125,215.478759765625,4.158509854880299,332.921806805467,10,Tree cover,1
5582,2013-10-06 12:45:00,"Batahguli, Guwahati, Assam","Batahguli, Guwahati, Assam",Assam,landslide,downpour,medium,unknown,1.0,,91.8383,26.1309,440.7777786254883,868.4998750686646,1099.6414326364174,23.194696044921898,0.4977741241455078,0.4956773221492767,987.4475,88.89730072021484,4.439598199059165,0.4344198059403652,10,Tree cover,1
5603,2013-10-13 19:30:00,"Tusom, Manipur","Tusom, Manipur",Manipur,mudslide,downpour,medium,unknown,0.0,,94.6024,25.426,9.08009707927704,14.062063395613222,472.50764983436966,19.6074157714844,0.3699887692928314,0.3777287900447845,862.713515625,1284.336181640625,8.351646903875247,353.30145479038634,10,Tree cover,1
6015,2014-05-08 00:00:00,Lohit District of Arunachal Pradesh,Lohit District of Arunachal Pradesh,Arunachal Pradesh,mudslide,rain,medium,above_road,0.0,0.0,96.174,27.9032,798.6445426940918,1183.2582168281078,1378.8493303582072,20.237420654296898,0.486218124628067,0.4901765286922455,967.189609375,,,,60,Bare / sparse vegetation,1
6016,2014-05-09 23:00:00,"Satgarakul Village, Karimganj, Assam State","Satgarakul Village, Karimganj, Assam State",Assam,landslide,rain,small,unknown,7.0,0.0,92.3576,24.8669,711.5383744239807,1898.2565999031067,2289.240583777428,23.782739257812523,0.4785925447940826,0.4983297884464264,995.875859375,18.604825973510746,0.0439214086749219,86.4305619541883,50,Built-up,1
6106,2014-06-26 23:00:00,Narakasur,Narakasur,Assam,landslide,continuous_rain,small,unknown,3.0,0.0,91.7645,26.1407,254.66859340667725,378.7127882242203,2909.393325448036,27.4243103027344,0.4860795438289642,0.4851118624210357,981.235625,57.87407684326172,0.8275035357571373,178.61265810360646,50,Built-up,1
6107,2014-06-26 23:00:00,Bamunimaidam,Bamunimaidam,Assam,landslide,continuous_rain,small,unknown,1.0,0.0,91.7896,26.1844,274.38196539878845,402.9702991247177,2679.137244820595,28.029595947265648,0.4793745577335357,0.491485595703125,992.547265625,70.5068359375,0.7860537271315179,211.92404682831048,50,Built-up,1
6105,2014-06-26 23:00:00,Arunachal Pradesh,Arunachal Pradesh,Arunachal Pradesh,landslide,continuous_rain,medium,above_road,0.0,0.0,95.3429,28.9205,177.19927430152893,724.9113917350769,2365.865409374237,13.878961181640648,0.4240811765193939,0.425140380859375,706.238515625,,,,30,Grassland,1
6110,2014-06-27 00:00:00,"Bhangagarh, Assam","Bhangagarh, Assam",Assam,landslide,rain,small,unknown,3.0,0.0,91.7697,26.1619,118.2226985692978,456.3787952065468,2390.470564365387,27.334008789062523,0.4755032956600189,0.4841531217098236,994.197890625,54.29384994506836,2.946413402631005,359.1212128757807,50,Built-up,1
6112,2014-06-28 09:00:00,"Kharghuli Hills, Assam","Kharghuli Hills, Assam",Assam,landslide,rain,medium,unknown,0.0,0.0,91.7652,26.1964,83.16893875598907,475.7736027240753,1716.8496996164322,26.997613525390648,0.4648641049861908,0.4509830474853515,992.110625,88.93688201904297,5.015605123771912,302.62294224263184,10,Tree cover,1
6143,2014-07-14 18:00:00,"Zembabawk, Aizawl","Zembabawk, Aizawl",Mizoram,landslide,downpour,medium,unknown,1.0,2.0,92.7463,23.7327,219.5325791835785,918.5638427734376,1317.0425724238155,24.658868408203148,0.4238491058349609,0.4249826967716217,938.395859375,769.8861083984375,10.671182579001156,225.48952966580956,50,Built-up,1
6513,2014-08-14 23:00:00,Sabroom,Sabroom,Tripura,mudslide,downpour,medium,unknown,3.0,0.0,91.7174,23.0137,149.6262550354004,548.7353205680847,1263.5818123817444,25.772515869140648,0.4681129455566406,0.4748426973819732,999.938203125,,,,50,Built-up,1
6200,2014-08-17 00:00:00,Arunachal Pradesh/Itanagar,Arunachal Pradesh/Itanagar,Arunachal Pradesh,landslide,downpour,large,unknown,0.0,0.0,93.6086,27.0869,100.47413408756256,862.4704629182816,5068.872947245836,24.420831298828148,0.4889577329158783,0.4934794008731842,945.330234375,313.25152587890625,6.729128044662146,220.65494815502612,50,Built-up,1
6331,2014-09-08 00:00:00,Kiphire-Seyochung road near Yangzitong village,Kiphire-Seyochung road near Yangzitong village,Nagaland,mudslide,unknown,medium,unknown,0.0,0.0,94.6279,25.9466,67.9258406162262,231.07942193746567,455.78790828585625,18.756463623046898,0.4981314241886139,0.4928321838378906,820.609921875,1383.3017578125,12.16392932261721,258.9394564950802,10,Tree cover,1
6291,2014-09-21 00:00:00,National Highway 51,National Highway 51,Meghalaya,landslide,continuous_rain,large,unknown,0.0,0.0,90.3852,25.7354,165.78899323940277,685.271754860878,1269.7817496955397,23.8681579589844,0.4676621854305267,0.4881699979305267,965.715,332.07452392578125,1.6790712211505168,31.172248882709027,10,Tree cover,1
6285,2014-09-22 00:00:00,VIP Road,VIP Road,Assam,landslide,rain,small,above_road,0.0,0.0,91.8178,26.159,574.0694403648376,1648.0973958969116,2100.0069305300717,24.4362731933594,0.4781551361083984,0.4964491426944732,994.862578125,116.36119079589844,7.118671337300538,137.09388440786142,50,Built-up,1
6284,2014-09-22 00:00:00,Batahghuli,Batahghuli,Assam,landslide,rain,small,unknown,0.0,1.0,91.8342,26.1324,527.1859765052795,1686.4770650863647,2113.4400218725204,24.112359619140648,0.4771448671817779,0.4949054718017578,983.325078125,88.89730072021484,4.439598199059165,0.4344198059403652,50,Built-up,1
6288,2014-09-22 00:00:00,Noonmati,Noonmati,Assam,landslide,rain,small,unknown,0.0,0.0,91.7998,26.1985,574.0694403648376,1648.0973958969116,2100.0069305300717,24.4362731933594,0.4781551361083984,0.4964491426944732,994.862578125,85.3450698852539,1.3789912984809214,274.2269234670863,50,Built-up,1
6283,2014-09-22 00:00:00,Dakhingaon,Dakhingaon,Assam,landslide,rain,small,unknown,0.0,0.0,91.7548,26.1314,527.1859765052795,1686.4770650863647,2113.4400218725204,24.112359619140648,0.4771448671817779,0.4949054718017578,983.325078125,78.39965057373047,1.8204737413153456,69.10865075226673,40,Cropland,1
6287,2014-09-22 00:00:00,Dhirenpara,Dhirenpara,Assam,landslide,rain,small,unknown,0.0,0.0,91.7056,26.1295,534.6599817276001,1593.7570929527285,1964.279230684042,24.027642822265648,0.4754022061824798,0.491229385137558,981.0796875,142.085693359375,3.028031397886876,206.62385286320367,10,Tree cover,1
6282,2014-09-22 00:00:00,Lalmati,Lalmati,Assam,landslide,rain,small,urban,1.0,0.0,91.7747,26.1097,527.1859765052795,1686.4770650863647,2113.4400218725204,24.112359619140648,0.4771448671817779,0.4949054718017578,983.325078125,61.38019561767578,1.700150432625599,347.91161586019507,10,Tree cover,1
6286,2014-09-22 00:00:00,Garchuk,Garchuk,Assam,landslide,rain,small,unknown,0.0,0.0,91.7082,26.1044,534.6599817276001,1593.7570929527285,1964.279230684042,24.027642822265648,0.4754022061824798,0.491229385137558,981.0796875,50.43853759765625,0.5838235718017531,30.099706009273007,10,Tree cover,1
6289,2014-09-22 00:00:00,Pamohi,Pamohi,Assam,landslide,rain,small,unknown,0.0,0.0,91.6849,26.1001,534.6599817276001,1593.7570929527285,1964.279230684042,24.027642822265648,0.4754022061824798,0.491229385137558,981.0796875,141.17234802246094,10.515644215923333,20.99309602548999,30,Grassland,1
6292,2014-09-23 00:00:00,Hatsingimari,Hatsingimari,Assam,landslide,continuous_rain,small,unknown,1.0,0.0,89.9032,25.7238,63.33695352077484,655.1556438207626,1181.1736561357975,24.961297607421898,0.4063243865966797,0.4139442443847656,998.076640625,26.56070709228516,1.3107214771057183,216.5520510767439,50,Built-up,1
6290,2014-09-23 03:00:00,Mawbah under Mawprem area,Mawbah under Mawprem area,Meghalaya,landslide,continuous_rain,small,urban,8.0,1.0,91.8666,25.5772,1417.6970720291138,2675.6389439105988,3687.0806366205215,19.841729736328148,0.4827957153320312,0.501366913318634,875.34125,1471.2242431640625,4.095517749233523,345.92285797829373,10,Tree cover,1
6213,2014-09-24 00:00:00,Meghalaya,Meghalaya,Meghalaya,landslide,continuous_rain,large,unknown,0.0,0.0,90.5763,25.8143,57.17790126800537,1081.689327955246,1892.8937390446663,24.389428710937523,0.4693934023380279,0.4841810762882232,980.556953125,64.95821380615234,4.270435998700215,268.22634526083505,10,Tree cover,1
6222,2014-10-01 11:00:00,Karsingsa block point,Karsingsa block point,Arunachal Pradesh,landslide,unknown,small,above_road,5.0,0.0,93.7706,27.1249,0.1807355583878234,22.73130558023695,656.9220959354425,26.120019531250023,0.3458010256290436,0.3721847534179687,994.4496875,142.41452026367188,4.354630393956385,0.1951933286614462,10,Tree cover,1
6214,2014-10-05 17:45:00,Jorabat-Umiam route,Jorabat-Umiam route,Meghalaya,landslide,rain,medium,above_road,1.0,0.0,91.8587,25.9702,0.1897456968436017,36.094200928346254,141.73780581040774,25.237725830078148,0.4351278841495514,0.4457333981990814,965.863515625,343.8716125488281,3.5430934319129843,137.11105438447817,10,Tree cover,1
6293,2014-10-20 00:00:00,South West Garo Hills,South West Garo Hills,Meghalaya,landslide,rain,medium,unknown,6.0,0.0,90.0896,25.5006,8.760960772633553,28.810661751776934,185.4796739644371,24.512719726562523,0.432666152715683,0.4428259432315826,1002.504296875,46.47753143310547,1.7182990619373226,216.50496073710377,40,Cropland,1
6775,2015-02-14 00:00:00,Kailashpur hill,Kailashpur hill,Assam,landslide,mining,small,mine,1.0,2.0,91.6469,26.1468,4.458107985556126,11.943715158849956,14.248937433876565,17.934777832031273,0.24968783557415,0.2842623293399811,992.160234375,108.400634765625,2.9385488205872656,255.0368905579026,10,Tree cover,1
6786,2015-02-19 23:00:00,"Hailākāndi : Two labourers died while another was injured in a landslide in Assam's Hailakandi district, the police said today.",,Assam,landslide,mining,medium,mine,2.0,1.0,92.562,24.6108,15.62570407986641,16.23166773788398,46.25304946239339,20.298608398437523,0.1327826231718063,0.1538619995117187,1009.115,29.48447799682617,0.1782372294397168,113.84574725898358,30,Grassland,1
7591,2015-03-19 00:00:00,Ratacherra,Ratacherra,Assam,landslide,rain,small,unknown,0.0,0.0,92.4584,25.0318,0.1197621168103069,2.527294825995341,4.899323758763785,25.129937744140648,0.2555147707462311,0.2792199552059173,997.045625,88.8576431274414,9.962664635159802,194.28754275136535,10,Tree cover,1
7031,2015-05-24 00:00:00,"Bop, Sikkim","Bop, Sikkim",Sikkim,landslide,unknown,medium,above_road,0.0,0.0,88.6586,27.6163,100.62253475189208,487.9343956708908,972.6604111492634,4.908624267578148,0.4246813356876373,0.4258988797664642,663.844140625,1829.734375,27.50848613652804,137.3335121657729,10,Tree cover,1
6971,2015-06-09 00:00:00,"Itanagar, Arunachal Pradesh","Itanagar, Arunachal Pradesh",Arunachal Pradesh,landslide,continuous_rain,medium,above_road,2.0,2.0,93.816,27.0987,873.6685514450073,1790.3392314910889,2520.253911614418,24.245202636718773,0.4317595064640045,0.4330838620662689,986.578515625,182.1369781494141,4.8079576464873535,98.32944122559564,10,Tree cover,1
6968,2015-06-13 00:00:00,"Ratacherra village along the NH-44 connecting to Barak Valley in Assam and Tripura, Meghalaya, Mizoramon","Ratacherra village along the NH-44 connecting to Barak Valley in Assam and Tripura, Meghalaya, Mizoramon",Meghalaya,landslide,continuous_rain,medium,unknown,4.0,2.0,92.2121,25.463,640.3999328613281,4873.943567276001,6236.256152391434,20.083917236328148,0.4672609865665436,0.4895515441894531,871.1671875,1362.5028076171875,3.766795770467888,312.53436359893567,60,Bare / sparse vegetation,1
6970,2015-06-16 00:00:00,Akonggre,Akonggre,Meghalaya,rock_fall,downpour,small,above_road,1.0,0.0,90.2191,25.5084,339.4484221935272,751.4449208974838,3824.406310915947,24.607232666015648,0.4622764587402344,0.4937788546085357,969.665390625,342.3671264648437,10.235705379013082,272.2982188246608,10,Tree cover,1
6969,2015-06-16 06:15:00,"Nakham Bazaar, Tura, Meghalaya","Nakham Bazaar, Tura, Meghalaya",Meghalaya,landslide,downpour,medium,urban,4.0,0.0,90.215,25.5114,339.4484221935272,751.4449208974838,3824.406310915947,24.607232666015648,0.4622764587402344,0.4937788546085357,969.665390625,295.5668334960937,3.817092570345536,218.2879096682988,10,Tree cover,1
6945,2015-06-19 00:00:00,"amei to Kangpokpi via Imphal road, 0.5 km from Tamei, Tamenglang District","amei to Kangpokpi via Imphal road, 0.5 km from Tamei, Tamenglang District",Manipur,landslide,monsoon,medium,above_road,0.0,0.0,93.686,25.16,29.301021248102188,175.71242526173592,653.6363251507282,23.769586181640648,0.3997109830379486,0.403064101934433,901.94125,1039.8975830078125,18.550263384675024,157.79166262551053,10,Tree cover,1
6963,2015-06-19 00:00:00,"Muanna locality, Mizoram","Muanna locality, Mizoram",Mizoram,landslide,rain,medium,natural_slope,0.0,0.0,92.7362,23.7131,145.29770612716675,245.6623800098896,732.5879968702793,25.0898376464844,0.4006989896297455,0.3774356842041015,939.278359375,765.9761962890625,11.050015235695566,90.53403124571338,10,Tree cover,1
6990,2015-06-24 00:00:00,"New Land (""""New Colony"""")","New Land (""""New Colony"""")",Nagaland,landslide,continuous_rain,medium,above_road,0.0,0.0,94.5466,26.0319,250.77372789382932,1066.0425126552582,1480.2729338407516,21.964868164062523,0.4435189664363861,0.4667707979679107,868.651640625,1394.6749267578125,18.170552033452267,146.3587845096265,10,Tree cover,1
7138,2015-07-07 00:00:00,"NH-10, Sepi Jhora, Kalimpong","NH-10, Sepi Jhora, Kalimpong",Sikkim,landslide,continuous_rain,small,above_road,0.0,0.0,88.4397,27.0816,66.32230430841446,829.3205574154854,2526.265911757946,23.036248779296898,0.4059028625488281,0.4156900942325592,882.3809375,417.0215148925781,12.996049259004463,327.26082401341773,10,Tree cover,1
7214,2015-07-15 08:00:00,Type-IV Colony of Seppa in East Kameng,Type-IV Colony of Seppa in East Kameng,Arunachal Pradesh,landslide,monsoon,medium,urban,3.0,0.0,93.0385,27.36,1157.9715013504028,2155.4669737815857,2925.72795599699,21.6616149902344,0.4255434572696686,0.4269956052303314,889.528671875,399.9796447753906,8.911732926006986,87.63909690615611,50,Built-up,1
7265,2015-07-22 00:00:00,Willong-Yangkhullen stretch,Willong-Yangkhullen stretch,Manipur,landslide,continuous_rain,medium,above_road,0.0,0.0,93.9854,25.5007,312.35605478286743,1201.6023993492126,2410.9554290771484,18.3547302246094,0.439725250005722,0.4412600100040436,828.108046875,1395.7078857421875,16.866495952895704,198.70921253232825,30,Grassland,1
7253,2015-07-22 00:00:00,Lakhipur,Lakhipur,Assam,landslide,continuous_rain,medium,urban,5.0,0.0,92.9974,24.7979,489.036500453949,1520.4152464866638,4184.454575181007,25.642724609375023,0.4569390714168548,0.4876664578914642,993.656796875,24.35943603515625,0.0584320873833049,316.8654098683827,40,Cropland,1
7267,2015-07-22 00:00:00,NH-2 between Senapati and Mao,NH-2 between Senapati and Mao,Manipur,landslide,continuous_rain,small,above_road,0.0,0.0,94.0926,25.3908,321.48855924606323,1031.2617123126984,2382.4956715106964,19.7741638183594,0.4825769960880279,0.493927001953125,861.641328125,1278.12744140625,4.999112929615911,261.1024690596528,10,Tree cover,1
7264,2015-07-22 00:00:00,22 kms to 30 kms between Sangkungmai and Willong,22 kms to 30 kms between Sangkungmai and Willong,Manipur,landslide,continuous_rain,medium,above_road,0.0,0.0,93.9827,25.4538,312.35605478286743,1201.6023993492126,2410.9554290771484,18.3547302246094,0.439725250005722,0.4412600100040436,828.108046875,1707.815185546875,22.615815443886795,288.28161706397606,30,Grassland,1
7263,2015-07-22 00:00:00,"15 kms from Maram, National Highway-102/A (Maram Peren road)","15 kms from Maram, National Highway-102/A (Maram Peren road)",Manipur,landslide,continuous_rain,medium,above_road,0.0,0.0,94.0489,25.4477,291.67962074279785,995.9665536880492,2249.9406784772877,19.4465270996094,0.4291712343692779,0.4292850494384765,854.713046875,1457.503662109375,23.240366774817613,307.2555800428323,10,Tree cover,1
7266,2015-07-22 00:00:00,Yangkhullen-Tamphung road till Nagaland border,Yangkhullen-Tamphung road till Nagaland border,Manipur,landslide,continuous_rain,medium,above_road,0.0,0.0,93.8794,25.5098,275.08530020713806,1204.4092416763306,2323.25941324234,18.9824157714844,0.430957168340683,0.4316247403621673,843.4884375,1694.1363525390625,10.721322079901263,257.4454159439083,10,Tree cover,1
7279,2015-07-24 00:00:00,Tamenglong Ward No-IV,Tamenglong Ward No-IV,Manipur,mudslide,monsoon,medium,other,0.0,0.0,93.5142,24.9818,258.6061358451843,1532.4783325195312,2597.654029726982,21.822045898437523,0.4262383878231048,0.4273300170898437,931.2615625,1323.1640625,13.967650042796238,10.070465604139711,10,Tree cover,1
7276,2015-07-25 09:00:00,"Dispur : According to report, a huge hillock slipped into the house after heavy rain where Dinesh Bodo along with his wife and daughter lived in. Thi*",,Assam,landslide,continuous_rain,medium,natural_slope,2.0,0.0,91.8717,26.1062,38.41160610318184,1276.9908495247364,3442.622099071741,27.813928222656276,0.4773966372013092,0.4835077822208404,981.124609375,214.65968322753903,8.467378946715453,197.4920015917096,10,Tree cover,1
7364,2015-07-31 09:00:00,Phungyar road,Phungyar road,Manipur,landslide,continuous_rain,medium,below_road,0.0,0.0,94.3551,24.819,774.4362354278564,2323.706150054932,3690.909214317799,19.545373535156276,0.4289188385009765,0.4288870394229889,903.672890625,1720.0596923828125,0.9095423676321208,240.5790264915217,10,Tree cover,1
7372,2015-07-31 23:00:00,Naga Gate along the Ukhrul-Imphal route,Naga Gate along the Ukhrul-Imphal route,Manipur,mudslide,continuous_rain,medium,above_road,0.0,0.0,94.3415,25.0634,585.2512121200562,1503.7210881710052,2071.4677907526493,17.758111572265648,0.4524854123592376,0.4609216153621673,849.2459375,1812.20166015625,7.014487221753697,253.4700516299402,10,Tree cover,1
7387,2015-08-01 00:00:00,Imphal-Ukhrul road,Imphal-Ukhrul road,Manipur,landslide,continuous_rain,small,below_road,0.0,0.0,94.2156,24.954,129.09141182899475,1429.5381605625153,2271.5227231383324,20.289422607421898,0.4694207608699798,0.4680277407169342,880.630234375,1040.440673828125,12.28646153740797,309.7713032074417,50,Built-up,1
7388,2015-08-01 00:00:00,Senam,Senam,Manipur,landslide,continuous_rain,medium,unknown,0.0,0.0,94.0984,24.416,178.79518866539,3362.113803625107,5493.03275346756,20.578546142578148,0.4365196228027344,0.4416135251522064,890.806015625,1269.47314453125,13.425619528812456,280.3720633090438,10,Tree cover,1
7383,2015-08-01 00:00:00,"Tuitung village, Khengjoi","Tuitung village, Khengjoi",Manipur,landslide,rain,medium,unknown,0.0,0.0,94.1434,23.899,282.59071707725525,5691.99213385582,8835.239857435226,23.137231445312523,0.4868539273738861,0.4983577728271484,953.135234375,,,,10,Tree cover,1
7910,2015-08-01 00:00:00,Chandel,Chandel,Manipur,landslide,unknown,medium,above_road,0.0,0.0,94.1146,24.3481,196.6175436973572,3922.843277454376,6208.627820014954,20.594903564453148,0.4359938204288482,0.4370098114013672,889.436484375,1007.4844970703124,4.236409974488785,343.4091480090842,10,Tree cover,1
7370,2015-08-01 00:00:00,between Moltuk to New Songjang village,between Moltuk to New Songjang village,Manipur,landslide,continuous_rain,medium,above_road,0.0,0.0,94.1078,24.1419,272.9464173316956,5325.461447238922,8048.068672418594,21.620294189453148,0.4792690277099609,0.4782218933105469,912.421875,1175.66650390625,4.765223121013977,84.62592895998381,10,Tree cover,1
7384,2015-08-01 00:00:00,"Wayang, Khengjoi","Wayang, Khengjoi",Manipur,landslide,rain,medium,unknown,0.0,0.0,94.0906,23.9278,282.59071707725525,5691.99213385582,8835.239857435226,23.137231445312523,0.4868539273738861,0.4983577728271484,953.135234375,,,,10,Tree cover,1
7375,2015-08-01 00:00:00,Ukhrul NH 201-Jessami road,Ukhrul NH 201-Jessami road,Manipur,landslide,continuous_rain,medium,above_road,0.0,0.0,94.4481,25.1941,106.3063219189644,1180.459447205067,1971.1809903383253,18.820428466796898,0.435577392578125,0.4664058685302734,840.684765625,1607.228515625,11.6878242318148,252.41453360718808,10,Tree cover,1
7373,2015-08-01 00:00:00,between Maku village and Kamjong sub division,between Maku village and Kamjong sub division,Manipur,landslide,continuous_rain,medium,above_road,,,94.4759,24.9111,133.8518261909485,1822.702527046204,3434.4629272818565,20.869805908203148,0.4197292327880859,0.4229946136474609,897.826484375,1748.2857666015625,16.26553042077008,8.121164852501579,10,Tree cover,1
7390,2015-08-01 00:00:00,between Tengnoupal-Sita junction and Tengnoupal Power Sub-Station,between Tengnoupal-Sita junction and Tengnoupal Power Sub-Station,Manipur,landslide,continuous_rain,medium,above_road,0.0,0.0,94.1913,24.4265,178.37345600128174,3517.4577236175537,6102.3128926754,21.208032226562523,0.4231039583683014,0.42449951171875,910.521484375,1288.5555419921875,8.570662484967764,98.3891459707828,10,Tree cover,1
7369,2015-08-01 00:00:00,between Chalong and Paraolon,between Chalong and Paraolon,Manipur,landslide,continuous_rain,medium,above_road,0.0,0.0,94.1016,24.1988,233.5261106491089,4611.618638038635,7111.390620470047,20.936151123046898,0.4271799623966217,0.4291490018367767,895.843515625,1347.613525390625,2.031206296751344,218.1036934010732,10,Tree cover,1
7385,2015-08-01 00:00:00,"Holenjang, Chandel district","Holenjang, Chandel district",Manipur,landslide,continuous_rain,medium,unknown,0.0,0.0,93.9815,24.004,305.38368225097656,5413.688659667969,7863.143652677536,20.627954101562523,0.4303359985351562,0.433087021112442,884.487734375,1397.8375244140625,18.39939486137201,49.62624976279437,30,Grassland,1
7374,2015-08-01 00:00:00,Ukhrul town Circular road from Rayotang to Viewland Zone II,Ukhrul town Circular road from Rayotang to Viewland Zone II,Manipur,landslide,continuous_rain,medium,below_road,0.0,0.0,94.3591,25.1122,103.73519361019136,1333.0392092466354,2328.578755259514,18.750421142578148,0.4201062619686126,0.4231618344783783,842.022734375,1813.75341796875,9.02688437806724,276.54277662650287,50,Built-up,1
7371,2015-08-01 00:00:00,near S Lamphei Lamkhai and Sehlon village,near S Lamphei Lamkhai and Sehlon village,Manipur,landslide,continuous_rain,medium,unknown,0.0,0.0,94.0573,23.9939,297.3319888114929,5806.109845638275,8746.070802211761,22.586846923828148,0.4617449343204498,0.4891885221004486,935.233984375,922.6273193359376,1.9014455907760897,40.91929256922543,10,Tree cover,1
7389,2015-08-01 00:00:00,between Bongyang and Lokchao along the Imphal-Moreh highway,between Bongyang and Lokchao along the Imphal-Moreh highway,Manipur,landslide,continuous_rain,medium,above_road,0.0,0.0,94.0644,24.4072,178.79518866539,3362.113803625107,5493.03275346756,20.578546142578148,0.4365196228027344,0.4416135251522064,890.806015625,1216.6253662109375,7.251364313576403,298.3932510545225,10,Tree cover,1
7409,2015-08-02 00:00:00,Meluri Sub-Division in Phek District of Nagaland,Meluri Sub-Division in Phek District of Nagaland,Nagaland,landslide,continuous_rain,medium,unknown,0.0,0.0,94.6219,25.72,94.0222144126892,653.7235304713249,1089.1765225678682,22.357080078125023,0.4926363527774811,0.4961916506290436,876.639609375,1747.8638916015625,19.671568073067544,156.9875034535239,10,Tree cover,1
7664,2015-08-11 00:00:00,Nungba,Nungba,Manipur,landslide,continuous_rain,medium,unknown,0.0,0.0,93.4251,24.7459,106.71474039554596,320.2733024954796,1395.7980275154114,25.007867431640648,0.4173361361026764,0.4176139831542969,932.170859375,760.5267333984375,15.2738988557759,124.79923853345218,50,Built-up,1
7666,2015-08-11 00:00:00,Tousem,Tousem,Manipur,landslide,continuous_rain,medium,unknown,0.0,0.0,93.3729,25.1019,94.841331243515,808.520957827568,1260.0038349628448,25.108056640625023,0.4432913362979889,0.4464950561523437,926.6275,1093.6376953125,3.7282623430802193,124.43637289921702,50,Built-up,1
7665,2015-08-11 00:00:00,Khoupum,Khoupum,Manipur,landslide,continuous_rain,medium,unknown,0.0,0.0,93.5291,24.7016,76.02590322494507,288.2731333374977,1370.5092780292034,24.663629150390648,0.415478378534317,0.4165407717227936,925.927109375,653.4212646484375,15.151082322407328,333.012944913035,10,Tree cover,1
7660,2015-08-12 00:00:00,Phesama village,Phesama village,Nagaland,mudslide,continuous_rain,medium,below_road,0.0,0.0,94.1136,25.6237,157.49040246009827,469.46805715560913,1879.1090846061709,19.636834716796898,0.4880962371826172,0.4926605224609375,828.692109375,1568.7457275390625,8.753599146393153,54.76682196821287,30,Grassland,1
7887,2015-08-16 00:00:00,Hawai,Hawai,Arunachal Pradesh,landslide,continuous_rain,medium,above_road,0.0,0.0,96.9262,27.8835,301.36725306510925,626.3820230960846,1083.9121863245964,17.024194335937523,0.4264488220214844,0.4258079528808594,790.52140625,,,,10,Tree cover,1
7334,2015-08-18 00:00:00,Arunachal Pradesh,Arunachal Pradesh,Arunachal Pradesh,landslide,unknown,medium,unknown,1.0,0.0,94.7596,28.1737,475.0388562679291,1453.1065225601196,2115.8413514494896,22.185083007812523,0.4293511807918548,0.4293238222599029,925.774375,513.426025390625,10.215682642121504,55.54445251268993,10,Tree cover,1
7335,2015-08-18 09:00:00,Tura Civil Hospital,Tura Civil Hospital,Meghalaya,landslide,continuous_rain,medium,urban,0.0,0.0,90.2023,25.5145,742.9690957069397,1256.4652860164642,1821.747463196516,25.081903076171898,0.4748694002628326,0.4789663851261139,970.895625,273.09893798828125,2.988335382012413,289.08102588210306,10,Tree cover,1
7699,2015-08-19 00:00:00,Zunheboto district,Zunheboto district,Nagaland,landslide,continuous_rain,medium,unknown,0.0,0.0,94.5224,26.0214,386.91186904907227,688.0404949188232,1073.0063393712044,21.286920166015648,0.4725004732608795,0.4804306030273437,873.429453125,1624.2789306640625,12.871189019427298,291.4142207153575,10,Tree cover,1
7706,2015-08-19 00:00:00,National Highway at Kuliang,National Highway at Kuliang,Meghalaya,landslide,rain,medium,above_road,0.0,0.0,92.3636,25.0728,888.9140486717224,2577.019453048706,4083.320498466492,23.7038513183594,0.4650897979736328,0.4820931851863861,973.762421875,89.61410522460938,10.862033561621171,177.76682998069282,10,Tree cover,1
7590,2015-08-19 00:00:00,Tongseng,Tongseng,Meghalaya,landslide,rain,small,unknown,0.0,0.0,92.3807,25.1416,888.9140486717224,2577.019453048706,4083.320498466492,23.7038513183594,0.4650897979736328,0.4820931851863861,973.762421875,142.55812072753906,7.411453993188049,72.58839765772734,10,Tree cover,1
7589,2015-08-19 00:00:00,National Highway 44,National Highway 44,Meghalaya,landslide,rain,medium,above_road,0.0,0.0,92.3825,25.2568,625.2666711807251,1729.769587516785,2766.7624801397324,21.763574218750023,0.475705474615097,0.4956296384334564,914.363203125,778.7413940429688,3.9444487410273954,221.6403664841109,30,Grassland,1
7336,2015-08-19 09:00:00,NH-62 at Sibbari,NH-62 at Sibbari,Meghalaya,landslide,continuous_rain,medium,above_road,0.0,0.0,90.5549,25.2193,724.9652147293091,1801.114201545715,2592.480458319187,25.966851806640648,0.4797420501708984,0.49334716796875,997.342421875,256.8983764648437,3.5523941406595654,62.23685814283249,10,Tree cover,1
7701,2015-08-19 15:00:00,Phesama,Phesama,Nagaland,landslide,continuous_rain,medium,above_road,0.0,0.0,94.1051,25.6278,316.261351108551,581.9960981607437,1235.231265425682,19.134912109375023,0.476330429315567,0.4907855987548828,827.5853125,1692.6016845703125,8.397271399243602,26.926699263872425,60,Bare / sparse vegetation,1
7727,2015-08-20 18:00:00,between Phesama and Kuima in Nagaland,between Phesama and Kuima in Nagaland,Nagaland,landslide,continuous_rain,medium,below_road,0.0,0.0,94.1057,25.6263,491.7680323123932,879.6101063489914,1532.94275701046,19.090234375000023,0.4736340939998626,0.4940229952335357,827.695390625,1692.6016845703125,8.397271399243602,26.926699263872425,50,Built-up,1
7728,2015-08-22 09:00:00,Natonal Highway in Jorabat area,Natonal Highway in Jorabat area,Assam,landslide,continuous_rain,medium,above_road,0.0,0.0,91.8806,26.1028,333.79989862442017,1189.8961067199707,2772.5203931331635,26.233056640625023,0.4798749387264251,0.4932212829589844,981.320625,185.69992065429688,4.482045922115907,148.5330347114474,30,Grassland,1
7778,2015-08-26 00:00:00,Phullen’s main road,Phullen’s main road,Mizoram,mudslide,continuous_rain,medium,above_road,0.0,0.0,93.0514,23.8447,241.11998081207275,476.91742330789566,1467.5955399870872,22.964318847656276,0.4227167665958404,0.4231306612491607,907.364140625,941.862548828125,11.185237757276647,247.5933070131736,10,Tree cover,1
7780,2015-08-26 00:00:00,Sailam village,Sailam village,Mizoram,landslide,continuous_rain,medium,above_road,1.0,0.0,92.7878,23.3572,123.7056702375412,383.1395879387856,1189.802959561348,23.376031494140648,0.4160760343074798,0.416351318359375,917.885390625,1297.563232421875,15.723181904587044,246.48393109520012,30,Grassland,1
7836,2015-08-27 00:00:00,"National Highway 54, at Kawnpui town","National Highway 54, at Kawnpui town",Mizoram,landslide,downpour,medium,above_road,0.0,0.0,92.6724,24.042,90.3852880001068,388.5985910892487,816.3030929863453,25.526544189453148,0.4155623018741607,0.4182218015193939,962.380234375,753.0997924804688,9.222033371283777,98.1986960366367,50,Built-up,1
7837,2015-08-27 00:00:00,three graveyards within Aizawl,three graveyards within Aizawl,Mizoram,landslide,downpour,medium,urban,0.0,0.0,92.7265,23.7269,67.16417521238327,358.1567630171776,808.222334831953,24.390252685546898,0.4143308103084564,0.4161593019962311,942.394765625,910.7572021484376,12.199351908925664,79.95975509394066,10,Tree cover,1
7972,2015-08-28 01:45:00,"Mizoram, India","Mizoram, India",Mizoram,landslide,downpour,large,unknown,0.0,0.0,92.8112,23.4495,30.77593632042408,240.11278338730332,726.8539313226938,23.237817382812523,0.4040120542049408,0.4080397188663482,919.621328125,849.9747314453125,13.157234388807224,130.03341634660467,10,Tree cover,1
7933,2015-09-01 00:00:00,Maligaon,Maligaon,Assam,rock_fall,rain,medium,unknown,2.0,0.0,91.6739,26.1868,787.1838808059692,2271.0939049720764,3662.887379527092,25.284570312500023,0.4775905609130859,0.497882217168808,993.059296875,52.91970443725586,0.4340399737320287,193.1004180876671,10,Tree cover,1
7923,2015-09-01 00:00:00,Amingaon,Amingaon,Assam,landslide,rain,medium,unknown,2.0,0.0,91.72137514,26.49349035,177.48817801475525,1182.8895509243011,2155.7477414608,25.657037353515648,0.4875558316707611,0.4697564542293548,999.401328125,60.2906494140625,0.1396405890566885,322.2585187590336,10,Tree cover,1
7956,2015-09-05 00:00:00,Byrnihat,Byrnihat,Meghalaya,landslide,unknown,medium,above_road,0.0,0.0,91.8695,26.048,90.3562158346176,944.9666440486908,5588.133692741394,25.3852478027344,0.4798139035701751,0.486255019903183,961.591484375,78.28446960449219,2.709272674332869,109.1475497924356,50,Built-up,1
8012,2015-09-06 15:00:00,"Umling, Meghalaya 793102, India","Umling, Meghalaya 793102, India",Meghalaya,landslide,unknown,medium,above_road,0.0,0.0,91.8584,25.9703,155.85607290267944,467.4021899700165,5452.505707740784,24.969995117187523,0.4662996828556061,0.4895127713680267,960.862265625,343.8716125488281,3.5430934319129843,137.11105438447817,10,Tree cover,1
8224,2015-09-14 01:30:00,"Aizawl, Mizoram, India","Aizawl, Mizoram, India",Mizoram,landslide,downpour,medium,above_road,0.0,0.0,92.7187,23.7313,155.1053524017334,427.85608768463135,762.1859833598137,23.8674255371094,0.4231745302677154,0.4229049682617187,943.172578125,1056.29541015625,4.338164528566653,72.6215857743747,50,Built-up,1
8223,2015-09-14 03:10:00,"Aizawl, Mizoram, India","Aizawl, Mizoram, India",Mizoram,landslide,downpour,large,above_road,0.0,0.0,92.7187,23.7348,155.1053524017334,427.85608768463135,762.1859833598137,23.8674255371094,0.4231745302677154,0.4229049682617187,943.172578125,1026.9345703125,1.775183193388253,112.64513598070482,50,Built-up,1
8339,2015-09-23 00:00:00,Kamakhya Temple,Kamakhya Temple,Assam,landslide,continuous_rain,medium,above_road,0.0,0.0,91.7042,26.1666,347.9018807411194,1001.0343492031096,2684.6576747484505,25.4228454589844,0.465982437133789,0.4898160398006439,994.620625,215.478759765625,4.158509854880299,332.921806805467,50,Built-up,1
8366,2015-09-23 15:00:00,"Shillong, Meghalaya, India","Shillong, Meghalaya, India",Meghalaya,landslide,downpour,medium,natural_slope,2.0,1.0,91.893,25.583,687.0484352111816,2016.3010954856877,2892.395555973053,20.661035156250023,0.4896799623966217,0.4992783963680267,874.686484375,1444.667236328125,0.8974204106136023,206.46446887604333,50,Built-up,1
9405,2016-04-19 00:00:00,"Techahan Ward, Mon, Nagaland, India","Techahan Ward, Mon, Nagaland, India",Nagaland,landslide,continuous_rain,medium,unknown,0.0,0.0,95.0243,26.7223,583.9821100234985,1096.3664054870603,1718.6867184937,19.4748474121094,0.4894968569278717,0.4898694455623626,934.594921875,685.8541259765625,5.461659805986878,300.51032931345753,50,Built-up,1
7655,2016-04-22 02:30:00,"Tawang, Arunachal Pradesh","Tawang, Arunachal Pradesh",Arunachal Pradesh,landslide,continuous_rain,medium,above_road,17.0,0.0,91.8569,27.5799,340.8162593841553,825.6779313087463,1219.0122231841087,6.682305908203148,0.4270471036434173,0.4276409149169922,680.918984375,2737.44287109375,13.09900991924018,234.6482958909109,10,Tree cover,1
9404,2016-05-01 00:00:00,"Hayuliang, Anjaw district,Arunachal Pradesh, India","Hayuliang, Anjaw district,Arunachal Pradesh, India",Arunachal Pradesh,landslide,downpour,medium,above_road,0.0,0.0,96.5316,28.0822,139.881432056427,440.0012791156769,1560.438759624958,14.276849365234398,0.4195524752140045,0.4221414029598236,822.767578125,,,,10,Tree cover,1
9338,2016-05-18 08:00:00,"Sonachirra, Karimganj district, Assam, India","Sonachirra, Karimganj district, Assam, India",Assam,landslide,continuous_rain,medium,natural_slope,5.0,0.0,92.4943,24.4638,395.6751227378845,863.2989525794983,1606.7005954682827,24.987023925781276,0.42462158203125,0.4288406372070312,1001.928515625,98.57444763183594,8.46438713171177,271.3464904452493,10,Tree cover,1
9335,2016-05-18 08:00:00,"Bilaipur, Hailakandi district, Assam, India","Bilaipur, Hailakandi district, Assam, India",Assam,landslide,continuous_rain,unknown,unknown,2.0,0.0,92.7239,24.5202,352.84358263015747,734.9194139242172,1443.2658664882183,25.188043212890648,0.4187711179256439,0.4298305511474609,999.733515625,38.16285705566406,0.3625697340418478,311.933396194781,10,Tree cover,1
9336,2016-05-18 08:00:00,"Ramchandi , Hailakandi District, Assam, India","Ramchandi , Hailakandi District, Assam, India",Assam,landslide,continuous_rain,small,unknown,1.0,0.0,92.5121,24.5308,395.6751227378845,863.2989525794983,1606.7005954682827,24.987023925781276,0.42462158203125,0.4288406372070312,1001.928515625,86.01087188720703,1.146628280065758,94.12947973703253,10,Tree cover,1
9334,2016-05-18 08:00:00,"Bilaipur, Hailakandi district, Assam, India","Bilaipur, Hailakandi district, Assam, India",Assam,landslide,continuous_rain,unknown,unknown,2.0,0.0,92.7264,24.5204,352.84358263015747,734.9194139242172,1443.2658664882183,25.188043212890648,0.4187711179256439,0.4298305511474609,999.733515625,38.16285705566406,0.3625697340418478,311.933396194781,10,Tree cover,1
9169,2016-06-12 00:00:00,"on road between Mon and Tobu near Telangsao Hydro project , Nagaland, India","on road between Mon and Tobu near Telangsao Hydro project , Nagaland, India",Nagaland,landslide,continuous_rain,unknown,above_road,0.0,0.0,94.2442,26.1677,157.9696536064148,671.7102229595184,1133.4130614995956,24.856225585937523,0.4851201474666595,0.4908523559570312,943.724140625,653.855224609375,18.960487750819365,314.0576925262786,10,Tree cover,1
9168,2016-06-12 23:00:00,"NH 13 10 kilometers from Old Ziro, Arunachal Pradesh, India","NH 13 10 kilometers from Old Ziro, Arunachal Pradesh, India",Arunachal Pradesh,landslide,downpour,medium,above_road,0.0,0.0,93.871,27.6438,216.62962436676025,611.7673218250275,2244.3196028470998,17.414971923828148,0.4244111478328705,0.4252115786075592,796.715390625,1801.2650146484375,17.64242322631224,310.0966250123069,10,Tree cover,1
9142,2016-06-14 08:00:00,"lower Majakong Ward, Mokokchung, Nagaland, India","lower Majakong Ward, Mokokchung, Nagaland, India",Nagaland,landslide,continuous_rain,medium,retaining_wall,0.0,0.0,94.5247,26.3185,128.82649898529053,812.541276216507,2086.8386030197144,23.629693603515648,0.4709631502628326,0.4827283322811126,905.264609375,1200.21240234375,13.9503099014368,173.51328068916996,10,Tree cover,1
8222,2016-06-22 12:00:00,"Piyali Phukan Nagar, Guwahati, India","Piyali Phukan Nagar, Guwahati, India",Assam,mudslide,downpour,medium,natural_slope,1.0,0.0,91.7825,26.1961,185.334250330925,392.45640486478806,1728.5820469260216,26.885675048828148,0.4744535982608795,0.488229751586914,993.762265625,151.82040405273438,2.4160711958359102,72.9288018769929,10,Tree cover,1
8237,2016-07-01 00:00:00,"Old Inspection Bungalow, Bhalukpong town, West Kameng, Arunachal Pradesh, India","Old Inspection Bungalow, Bhalukpong town, West Kameng, Arunachal Pradesh, India",Arunachal Pradesh,landslide,downpour,large,unknown,5.0,3.0,92.6351,27.0136,370.81265449523926,887.0544135570526,1577.6949971914291,24.487664794921898,0.4530175626277923,0.4614079892635345,962.557734375,219.07028198242188,2.694052065216109,76.63698707990892,50,Built-up,1
8684,2016-07-07 00:00:00,"Kamrup district, Assam, India","Kamrup district, Assam, India",Assam,landslide,continuous_rain,medium,retaining_wall,2.0,2.0,91.3681,25.9611,325.2333998680115,1955.960214138031,4727.2272408008575,27.198114013671898,0.4732017517089844,0.4846477508544922,987.145,185.42539978027344,6.148522948373515,188.29611756660665,10,Tree cover,1
8900,2016-07-07 00:00:00,"Imphal-Ukhrul sector of National Highway 102, Manipur, India","Imphal-Ukhrul sector of National Highway 102, Manipur, India",Manipur,landslide,monsoon,large,above_road,0.0,0.0,94.3136,25.0118,51.69401317834854,371.7482313513756,1961.504064500332,21.849969482421898,0.4145361483097076,0.4164333343505859,863.406640625,1305.698486328125,14.280960236197958,253.17906657546084,10,Tree cover,1
8901,2016-07-10 00:00:00,"National Highway 2, near Kohima, Nagaland, India","National Highway 2, near Kohima, Nagaland, India",Nagaland,landslide,downpour,medium,above_road,0.0,0.0,94.1318,25.7902,348.533034324646,693.98582726717,1669.385276734829,23.442346191406276,0.4827887117862701,0.4975992739200592,902.164609375,1206.9296875,6.742486479138113,102.8942723311161,10,Tree cover,1
8930,2016-07-11 23:00:00,"North Point Colony, Akuluto, Nagaland, India","North Point Colony, Akuluto, Nagaland, India",Nagaland,landslide,unknown,large,unknown,0.0,0.0,94.4922,26.1699,206.3667476177216,561.559796333313,1134.0388506650925,23.6010681152344,0.4768568575382232,0.4971974790096283,894.572734375,1106.1102294921875,8.526930340238126,196.73038029753025,10,Tree cover,1
8996,2016-07-14 00:00:00,"Pub Sarania hill, South Sarania, Guwahati, Assam, India","Pub Sarania hill, South Sarania, Guwahati, Assam, India",Assam,landslide,monsoon,small,natural_slope,1.0,0.0,91.7702,26.1768,149.3803709745407,505.2920207381249,1565.0455430150032,27.746514892578148,0.4865856170654297,0.4934673309326172,990.227890625,110.60929870605467,0.417068868276534,147.66034839751342,10,Tree cover,1
8995,2016-07-14 00:00:00,"Noonmati Nijarapar area of the city, Guwahati, Assam, India","Noonmati Nijarapar area of the city, Guwahati, Assam, India",Assam,landslide,monsoon,small,unknown,1.0,0.0,91.8074,26.1963,149.3803709745407,505.2920207381249,1565.0455430150032,27.746514892578148,0.4865856170654297,0.4934673309326172,990.227890625,146.45697021484375,2.303705765888447,262.6734374534309,10,Tree cover,1
9010,2016-07-16 00:00:00,"Hoj-Potin Highway, Arunachal Pradesh, India","Hoj-Potin Highway, Arunachal Pradesh, India",Arunachal Pradesh,mudslide,downpour,medium,above_road,1.0,0.0,93.804,27.3034,418.0818200111389,1122.2815215587616,1610.604241490364,22.761010742187523,0.4492753446102142,0.4660936892032623,909.5521875,666.6202392578125,17.429135695844764,147.96514379210402,10,Tree cover,1
9087,2016-07-19 00:00:00,"5 km off Sangam point on Aalo- Pangin road, Arunachal Pradesh, India","5 km off Sangam point on Aalo- Pangin road, Arunachal Pradesh, India",Arunachal Pradesh,landslide,downpour,medium,above_road,0.0,0.0,94.9612,28.235,264.66837525367737,1089.3307030200958,2941.861003637314,21.787530517578148,0.4285545349121094,0.4281018674373626,909.523984375,245.27549743652344,8.972045227574931,341.8045690673335,10,Tree cover,1
9124,2016-07-19 00:00:00,"Rongthragittim Songittal village, near Sibbari, South Garo Hills District, Meghalaya, India","Rongthragittim Songittal village, near Sibbari, South Garo Hills District, Meghalaya, India",Meghalaya,translational_slide,continuous_rain,large,natural_slope,0.0,0.0,90.5573,25.203,249.69986081123352,1488.8931810855863,2848.898392170668,25.620477294921898,0.4656632840633392,0.4895833432674408,995.658125,106.51193237304688,3.480255632667862,132.93024909633505,10,Tree cover,1
9051,2016-07-19 09:00:00,"12th Mile area at Jorabat, Meghalaya, India","12th Mile area at Jorabat, Meghalaya, India",Meghalaya,landslide,unknown,medium,natural_slope,0.0,1.0,91.8744337,26.09748244,594.4920778274536,1611.109435558319,2853.842318058014,26.006280517578148,0.4775657653808594,0.4972362518310547,981.241875,130.5399169921875,4.369105232547578,174.30760722947014,10,Tree cover,1
9122,2016-07-20 00:00:00,"Noonmati, Guwahati, Assam, India","Noonmati, Guwahati, Assam, India",Assam,landslide,rain,medium,unknown,0.0,0.0,91.802,26.1966,241.256445646286,892.4944400787354,2149.7499495744705,26.8273864746094,0.4768886566162109,0.4861869812011719,991.964375,85.3450698852539,1.3789912984809214,274.2269234670863,10,Tree cover,1
9186,2016-07-25 12:30:00,"Imphal-Dimapur road  in Tadubi, Senapati district, Manipur, India","Imphal-Dimapur road  in Tadubi, Senapati district, Manipur, India",Manipur,landslide,continuous_rain,medium,above_road,0.0,1.0,94.1383,25.48,264.3545866012573,689.9977251887321,1155.5753126740456,17.085229492187523,0.4841829836368561,0.5007889866828918,836.598203125,1693.163330078125,0.8759722417553234,89.3782514506625,50,Built-up,1
9219,2016-07-26 23:00:00,"Zunheboto, Nagaland, India","Zunheboto, Nagaland, India",Nagaland,landslide,downpour,medium,retaining_wall,0.0,0.0,94.5282,26.0101,55.27476593852043,1159.539382904768,1627.491645514965,21.225457763671898,0.4795093536376953,0.4879042208194732,876.547734375,1694.95361328125,16.293275519889896,111.2625200968082,10,Tree cover,1
9252,2016-07-28 00:00:00,"Dolma Lhakang complex, Lumla, Tawang,  Arunachal Pradesh, India","Dolma Lhakang complex, Lumla, Tawang,  Arunachal Pradesh, India",Arunachal Pradesh,landslide,monsoon,medium,unknown,0.0,0.0,91.8644,27.5748,186.2685978412628,641.3077116012573,2194.2407190799718,11.287316894531273,0.4205824434757232,0.4221433103084564,686.203828125,2704.603515625,18.136291463123776,192.73574084978335,30,Grassland,1
9232,2016-07-28 23:00:00,"Ngur, near Mizoram-Myanmar border, India","Ngur, near Mizoram-Myanmar border, India",Mizoram,landslide,continuous_rain,medium,unknown,2.0,6.0,93.3783,23.5397,48.01500588655472,409.7009673714638,741.9787403196096,21.416802978515648,0.410992294549942,0.4136695861816406,872.0621875,1531.4127197265625,11.950408274984987,146.4433217340685,30,Grassland,1
9251,2016-07-28 23:00:00,"Government Middle School (GMS) Kiphire station “B”, Kiphire, Nagaland, India","Government Middle School (GMS) Kiphire station “B”, Kiphire, Nagaland, India",Nagaland,landslide,downpour,medium,retaining_wall,0.0,0.0,94.7844,25.8702,77.59641855955124,281.75271302461624,1555.6705370545387,22.285943603515648,0.4895280301570892,0.4820314943790436,887.6059375,1061.67236328125,7.95859469202848,195.19470883785775,50,Built-up,1
9464,2016-08-05 00:00:00,Babrang village under Jang circle in Tawang district,Babrang village under Jang circle in Tawang district,Arunachal Pradesh,landslide,downpour,medium,unknown,0.0,3.0,91.9754,27.5754,138.9254331588745,226.20928660035133,838.8026840984821,10.637292480468773,0.4093653261661529,0.4040031433105469,657.005546875,2424.190185546875,19.24312472126151,320.94557305137005,30,Grassland,1
9604,2016-10-12 00:00:00,Legship,Legship,Sikkim,landslide,continuous_rain,medium,above_road,0.0,0.0,88.2891,27.2676,251.97678804397583,871.1906373500824,1722.5456237792969,17.068658447265648,0.4227250516414642,0.4176858365535736,825.480859375,579.97900390625,2.336696443505625,186.86395214135976,10,Tree cover,1
9619,2016-10-15 00:00:00,Namchi,Namchi,Sikkim,landslide,rain,medium,above_road,0.0,0.0,88.3664,27.1695,27.941210195422173,866.3415443152189,2264.837367460132,18.821313476562523,0.3929061889648437,0.3993403017520904,879.016875,1417.80419921875,17.35293251704138,294.61948481459285,10,Tree cover,1
9620,2016-10-15 00:00:00,Rangpo,Rangpo,Sikkim,landslide,downpour,medium,above_road,0.0,0.0,88.5292,27.172,20.886316895484924,561.2221658229828,1781.5137803554535,20.006768798828148,0.388293594121933,0.3908049166202545,889.381484375,342.2189025878906,9.422864526365183,261.5628410430589,10,Tree cover,1
